:080000006FA050670000000032
:100008001305000E9705FEFF9385C5DF17B6FEFFA3
:10001800130686B863FAC5008322050023A055009D
:1000280011059105E3EAC5FE17B5F4DF1305C5C947
:1000380097B5FEFF938545B617B6FEFF1306C6B5FE
:1000480063FAC5008322050023A055001105910518
:10005800E3EAC5FE17B5F4DF130505C797050000E9
:100068009385450A1386019763FAC5008322050024
:1000780023A0550011059105E3EAC5FE13850197F4
:10008800979501009385854D6377B500232005007A
:100098001105E36DB5FEB73237129382023E7390B5
:1000A80002BC9D42739012BCB94273904280A16217
:1000B80093828288739002309702FEFF938282D4E3
:1000C80093E23200739052309732FEFF9382A2710E
:0800D800739012347300203014
:1000E00000000000000000008E390A20AA390A2012
:1000F00000000000743B0A20000000000000000027
:10010000743B0A20743B0A2000000000000000003D
:10011000743B0A206C490A2000030A2000000000FA
:10012000743B0A20743B0A20743B0A20743B0A206B
:1001300000000000000000000000000000000000BF
:1001400000000000000000000000000000000000AF
:10015000743B0A20000000000000000000000000C6
:10016000743B0A20743B0A20743B0A20743B0A202B
:10017000743B0A20743B0A20743B0A20743B0A201B
:10018000743B0A20743B0A20743B0A20743B0A200B
:10019000743B0A2030350A20743B0A20743B0A2045
:1001A000743B0A20743B0A20743B0A20743B0A20EB
:1001B000743B0A20743B0A20743B0A20743B0A20DB
:1001C000743B0A20743B0A20743B0A20743B0A20CB
:1001D000743B0A20743B0A20743B0A20743B0A20BB
:1001E000743B0A20743B0A20743B0A20743B0A20AB
:1001F000743B0A20743B0A20743B0A20743B0A209B
:10020000743B0A20743B0A20743B0A20743B0A208A
:10021000743B0A20743B0A20743B0A20743B0A207A
:10022000743B0A20743B0A20743B0A20743B0A206A
:1002300024360A2008370A20743B0A20743B0A201F
:10024000743B0A20743B0A20743B0A20743B0A204A
:10025000743B0A20743B0A20743B0A20743B0A203A
:10026000743B0A20743B0A20743B0A20743B0A202A
:10027000743B0A20743B0A20743B0A20743B0A201A
:10028000743B0A20743B0A20743B0A20743B0A200A
:10029000743B0A20743B0A20743B0A20743B0A20FA
:1002A000743B0A20743B0A20743B0A20743B0A20EA
:1002B000743B0A20743B0A20743B0A20743B0A20DA
:1002C000743B0A20743B0A20743B0A20743B0A20CA
:1002D000743B0A20743B0A2000000000743B0A2093
:1002E000743B0A200000000000000000743B0A205C
:1002F0000000000000000000743B0A20743B0A204C
:10030000743B0A20743B0A20743B0A20743B0A2089
:10031000743B0A20743B0A20743B0A20743B0A2079
:10032000743B0A20743B0A20743B0A20743B0A2069
:10033000743B0A20000000000000000000000000E4
:1003400000000000000000000000000000000000AD
:10035000000000000000000000000000000000009D
:10036000000000000000000000000000000000008D
:10037000000000000000000000000000000000007D
:10038000000000000000000000000000000000006D
:10039000000000000000000000000000000000005D
:1003A000000000000000000000000000000000004D
:1003B000000000000000000000000000000000003D
:1003C000000000000000000000000000000000002D
:1003D000000000000000000000000000000000001D
:1003E000130181F806C216C41AC61EC822CA26CC3A
:1003F0002ACE2ED032D236D43AD63ED842DA46DC95
:100400004ADECEC0D2C2D6C4DAC6DEC8E2CAE6CC64
:10041000EACEEED0F2D2F6D4FAD6FED8F3220030ED
:1004200096DA83A241A223A02200F32510342EC025
:100430009305000273A0458003A18196EF40D0632D
:1004400003A341A203210300824273901234D652C7
:10045000739002309240A2423243C2435244E2447B
:10046000724582551256A2563257C2575258E25818
:1004700072598649164AA64A364BC64B564CE64C2C
:10048000764D865D165EA65E365FC65F13018107F8
:100490007300203013000000130000001300000060
:1004A0001300000013000000130000001300000000
:1004B00013000000130000001300000013000000F0
:1004C00013000000130000001300000013000000E0
:1004D00013000000130000001300000013000000D0
:1004E00083A28196938202E07390023403A141A219
:1004F000024182403243C2435244E2447245825533
:100500001256A2563257C2575258E258725986496B
:10051000164AA64A364BC64B564CE64C764D865D7F
:10052000165EA65E365FC65FD652A1027390023099
:10053000A242130181078280130000001300000013
:10054000130000001300000013000000130000005F
:10055000130000001300000013000000130000004F
:10056000130000001300000013000000130000003F
:10057000130000001300000013000000130000002F
:10058000130000001300000013000000130000001F
:10059000130000001300000013000000130000000F
:1005A00013000000130000001300000013000000FF
:1005B00013000000130000001300000013000000EF
:1005C00013000000130000001300000013000000DF
:1005D00013000000130000001300000013000000CF
:1005E000F322003093F272FF130380781203B3E218
:1005F0006200711523205500130585FA10C12115DD
:100600002320050081426387020071152320050025
:10061000FD12D5BF71150CC18280000000000000E2
:1006200000000000000000000000000000000000CA
:1006300000000000000000000000000000000000BA
:1006400000000000000000000000000000000000AA
:10065000000000000000000000000000000000009A
:10066000000000000000000000000000000000008A
:10067000000000000000000000000000000000007A
:10068000000000000000000000000000000000006A
:10069000000000000000000000000000000000005A
:1006A000000000000000000000000000000000004A
:1006B000000000000000000000000000000000003A
:1006C000000000000000397101436EC619A03971A5
:1006D00041536AC866CA62CC5ECE19A03971015313
:1006E0005AD056D252D44ED64AD826DA22DC06DE6A
:1006F00033016140828241114AC026C222C406C62B
:100700008282B24D4101024D924C224CB24B4101CA
:10071000024B924A224AB249410102499244224480
:10072000B240410182802A8309CA838305002300E5
:1007300073007D16050385056DFA82802A8311C634
:100740002300B3007D16050365FE8280EFF21FF9DA
:100750002A84AE84EF2040408329440F0347540C81
:100760008326C40B639599008327840FC9E3232A4A
:10077000940E232CA40E2320D4102322D41023055E
:10078000E410A14763E8970CB7A70A2093870747AF
:10079000B3C7F4209C43828723140410230504105C
:1007A00003C91197EF20403B1379F90F0327C410B9
:1007B0001209938701A5CA9788C3D8C30357C408F1
:1007C00093F9F90F93F4F40F9AA703478410238544
:1007D0003701A4B7D8A703470409D8B7034734099A
:1007E000F8A783C711978507BD8BA388F1960DB72E
:1007F00085472304F4104DD7232ED40EA304F41000
:1008000045B705462304C4108347941005C389E700
:10081000232ED40EA304C41083A581840325C40F02
:10082000EF7090202322A410854739A0B5DBEDB7E7
:1008300085472304F4102DD72305F41095B70347FB
:10084000941085472304F41021DF0327C40F2322CB
:10085000E410DDB785472304F41099B7EFF23FE7C2
:10086000B7970D20938787741307700698C3D843F2
:10087000411113678700D8C3EF4020692AC61305CA
:100880002003812B2A89EF30200683AB418503ACFE
:10089000018583ACC184B7AA0A202A84014A938ABD
:1008A0004A49EF408066AA892285EF0030058327F8
:1008B000440F05468326C4109385D7FF6374B6049E
:1008C0001D466385C702B5CA95472388F1968347BD
:1008D0008410814589CBED9AA14591E68347540C5C
:1008E000A14591C39D452285953505A889EE2388AC
:1008F000019603478410630207140347040939E390
:100900008545D5B7B9C683C701971146850793F7C3
:10091000F70F2388F196E369F6FA2285EF0070015C
:10092000134A1A005285EF200014CE850D45C921C7
:10093000CA856800EF401006ADB7238801960347CB
:10094000841045FF2147E36DF7FAB3C757219C4355
:10095000828723880196034784106DD703470409D3
:1009600045D38356C40813076040E36DD7FC49BFE5
:100970008347340923040410CDD383472409D1FFCE
:1009800083470409D9DB0357C40893076040E3E6B3
:10099000E7F88347440CD1D38324040B930500006C
:1009A0002685EF701079635405009394F469E68509
:1009B0002685EF701078E342A0F68324440B93055C
:1009C00000002685EF70F076635405009394F46977
:1009D00083A5C1842685EF70D075E340A0F48347DA
:1009E000540C89459DDB01B783470409E38A07F06E
:1009F000834734099DD30357C40893071067E3FE68
:100A0000E7F08347540C8D45E38907F0E9BD834740
:100A1000540CE38407F08347A410E38007F0032518
:100A20004410E285EF80C026AA850325C40BEF7031
:100A3000F0669145E35905EACDB5EF20E011034793
:100A4000540CAA8711E783470409E39807EC4DBDCE
:100A50000347941039C70325C40F0327840F998FC8
:100A60001307703EE37BF7EADE85EF70E07BAA8533
:100A70000325C40BEF70F06BE341A0EA8324040C60
:100A8000930500002685EF70D06A635405009394A7
:100A9000F46983A581852685EF70B069E34FA0E6F0
:100AA00085B50325441055BFEFF27FC2B7970D20DF
:100AB000938787741307600698C3D8430111B7045E
:100AC000E80313674700D8C3EF4020442ACE13053C
:100AD000A00F01262A89EF20306103ABC185370AB8
:100AE0000001B7990D202A849384843E130A0AF0EA
:100AF00037AC0A209389C963EF402041A285AA8AB6
:100B0000DA861305040B13060403EF000064DA858C
:100B10002285EF00D00521C08347340999CF832770
:100B20000409B3F7470191EB8347040999C70357B9
:100B3000C4089307604063E0E702930700002324A2
:100B4000F40E2326940E2328940E232AF40C232C2F
:100B5000F40C232EF40C1305C40EEF20C022EF106A
:100B6000B07F83A7419713073006B307F54063773B
:100B7000F704034EC40A8355C40E0356E40E83568D
:100B8000040F0357240F8328440F72C4034E340903
:100B900023AAA1963303D60072C2035EC40833852C
:100BA000C5003388E500B387E600B307F54072C09F
:100BB0003308034113058C4BEF80007DD685094532
:100BC000052C83A7090781C70545EF40E065CA8565
:100BD0006808EF40205C0DB7EFF2FFB1130785A363
:100BE000930780021304000063FBE702130545A28C
:100BF000EF80404C83A58186EF70901883A4018616
:100C00002A84A685EF70F052634A050083A44186CA
:100C10002285A685EF7090486353A0002684228524
:100C2000EDBCEFF25FAAB7970D2093878774130787
:100C3000900698C3D843011113672700D8C3EF402B
:100C4000C02C2ACE1305200369222AC4EF20D049E4
:100C500003ABC18683AB018703AC018683AC4186BD
:100C60002A84EF40802A834A34092AC6032D0407C8
:100C700063800A1483472409639C071203554407C1
:100C8000A13F2A8A0355A407813F035764089307AD
:100C9000F063AA890355640763F3E70883C7819764
:100CA00089E7930700002322F40A930785A8130716
:100CB000800C6372F70613070064635AA7021305DA
:100CC000059CEF80203F83A54187EF70700B930553
:100CD0000000AA84EF70F045634F0502E685268583
:100CE000EF70D03B6344A00A1309000035A83E858D
:100CF000EF80403C83A54187EF709008E285AA848D
:100D0000EF70304363460508930500002685EF70B9
:100D1000F038E35BA0FC93040000268931A06D3D10
:100D20002A89814A93040000238C519783A58187E7
:100D3000232AA4095285EF70504983A58187232C6B
:100D4000A4084A85EF70704883A5C187232EA408A4
:100D50004E85EF70904783A501882320A40A2324A1
:100D6000940A2685EF7070468325440AEF70C04BC5
:100D7000DA85AA84EF70F03B634E0500DE85268598
:100D8000EF70D0316359A000DE8431A0E684A9BFA2
:100D9000E28499BFDA8485472322940A2306F40A61
:100DA000B2450545B120A2456808EF40A03E55BDBB
:100DB00093070000232AA409232CF408232EF40807
:100DC0002320F40A2322F40A2324F40A2306040A23
:100DD000C1BFAA8719C9130780C105456369F70018
:100DE0001385773E3355F50282801305803E82805D
:100DF000914763EEA70CEFF21F902A84AE84EF4078
:100E0000C010B3059540B7940D209386C4631307B3
:100E100084003347D7205C47130684023346D6202C
:100E2000850750425CC7130704013347D72008C326
:100E3000130744013347D72054439384C46363F3B7
:100E4000B6004CC311CA6379B60013078401334757
:100E500097201447850614C793F7F707B9EB8D471A
:100E60006301F40691476301F40685476305F404C2
:100E700089476305F40403A5C19805C5EF40C05038
:100E80009307C401B3C79720C8C7D8479307F00793
:100E900063E9E70013044402334494201C408507AF
:100EA0001CC0EF30902E23ACA40AEF30702E23AE7E
:100EB000A40A6FF09F8603A58198C1B703A5419846
:100EC0006DBF03A5019855BF03A5C1977DB782806B
:100ED000EFF27F8237940D20EF30302B9304C46300
:100EE00088C0938704089146D4D3514798D7D4D764
:100EF00098DB13074006D8DBB7A50A2037150A2070
:100F00009387C19821478146130600409385454F3A
:100F1000130505FAEF30905988CCEF301027C8C080
:100F2000984C85471304C463630AF70037A50A2069
:100F3000930580061305C54FEF20302CB7A50A2076
:100F400037150A20938781981D4781461306003084
:100F500093858551130525B4EF30505548CCEF30BB
:100F6000D02208C4584C8547630AF70037A50A20E9
:100F70009305C0061305C54FEF203028B7A50A20FA
:100F800037150A209387419825478146130600406C
:100F9000938545521305859CEF30505108D0EF30B2
:100FA000D01E48C418508547630AF70037A50A20A9
:100FB000930500071305C54FEF203024B7A50A207D
:100FC00037050A2093870198194781461306003098
:100FD0009385C5521305C577EF30504D48D0EF309B
:100FE000D01A08C858508547630AF70037A50A2069
:100FF000930540071305C54FEF203020B7A50A2001
:1010000037150A209387C1970D4781461306003094
:1010100093858553130505F6EF30504908D4EF301A
:10102000D01648C818548547630AF70037A50A2028
:10103000930580071305C54FEF20301C6FF0EFEDCF
:10104000EFF26FEBB7970D20938787741307800635
:1010500098C3D843411113670701D8C3EF30F06A32
:101060002AC62945BD332A84EF201008EF30F069E5
:10107000AA851145B53BA2856800EF40A011FDB7D8
:10108000EFF2CFE5B7970D209387877413075006CB
:1010900098C3D843011113671700D8C3EF30F06627
:1010A0002ACE1305A00F3533AA84EF20F0032A843B
:1010B000130A0403EF20402793098404EF1090776C
:1010C00013090407EF3070642AC6EF20402CEF208C
:1010D000600E2285EF1080175285EF00100D4E85AF
:1010E000EF00B03B4A85EF102065B245014509335A
:1010F000A6856808EF40000AF1B782800DC98347D2
:10110000C5020347450493C7170019E393E7270077
:101110000347350909CB03270509B7060001938664
:1011200006F0758F19C393E747002326F5108280D8
:101130008280828011C9930700001CC15CC11CC55C
:101140005CC51CC9231A050082804DC5C5C5EFF2D8
:10115000EFD8B28441CA83C9C5022A84368963861E
:10116000090031469105EFF00FDCDC28230A340139
:10117000A5CF83A904015C38032AC40023263401C7
:1011800093040000A9CFA6854A85EF7020716358AB
:10119000A004D2854E85EF70B02FCA85EF70403E17
:1011A00003A94188AA84CA85EF70A078634A050024
:1011B00003A981882685CA85EF70406E6353A0001D
:1011C000CA84032904012685CA85EF70702C83A583
:1011D000C188EF70807FCA85EF700005AA848547BB
:1011E00004C85CB86FF0CFD2930700001CC8A30AF4
:1011F0000400CDBF8280EFF20FD0AA871307800CC6
:10120000130585A86371A70813070064635BF702E1
:101210001385079CEF70106A83A54187EF704036F5
:10122000930500002A84EF70C070634E050483A408
:1012300041862285A685EF7060666353A0042684EC
:1012400081A0EF70306783A54187EF70603383A47E
:1012500001862A84A685EF70C06D634C0500930556
:1012600000002285EF7080636356A0001304000025
:1012700011A0268483A501892285EF7000752A8438
:1012800022856FF08FC913040000DDBFEFF2AFC6F7
:10129000138501B5EF002065238E01986FF0EFC72D
:1012A000EFF26FC51385C1BBEF00E063138581B911
:1012B000EF006063138541B7EF00E0626FF0EFC5A8
:1012C0009307803E63F2A7029307F07C63E1A702D5
:1012D000EFF26FC2130585C1EF70D06983A5418914
:1012E000EF70002A6FF06FC313050000828003A522
:1012F00041868280EFF22FC083A5018A83A7C18730
:1013000003A7818983A6C189130600001385C1BB89
:10131000EF00C05B83A7C18703A7818983A6C1892A
:1013200083A5018A13060000138581B9EF00005AD6
:1013300083A7418A03A7818A83A58184930600003D
:101340003686138541B7EF00605883A7C18A03A78B
:10135000018B03A6418583A5418B9306000013856D
:1013600001B5EF00A0561D3761296FF00FBB630672
:101370000544EFF2CFB50327450F83A701992A84CF
:101380002E8A6307F70019378327440F23A8F198A3
:101390008349C40A930A840C6389090A8347440C6D
:1013A000D9CF8325040B03258409EF70700E83A524
:1013B000818CEF70806183AB818BAA84DE85EF70B6
:1013C0004057634A050083ABC18B2685DE85EF70ED
:1013D000E04C6353A000DE848325440B0325C4093D
:1013E0002324940CEF70D00A83A5818CEF70E05D0C
:1013F00003A9818BAA84CA85EF70A053634A0500B4
:1014000003A9C18B2685CA85EF7040496353A000AC
:10141000CA8403A981892326940C8324040ACA85DB
:101420002685EF700051634A050003A9C187268510
:10143000CA85EF70A0466351A002CA8431A8930701
:1014400000002324F40CBE84E9B793070000232492
:10145000F40C2326F40CBE84930700002324F40E1E
:10146000232AF40C232CF40C232EF40C8347841031
:101470002328940C89EB2D35113D1306C40E8145AC
:101480005685412625A08327440F09476392E7022A
:10149000013DED3B930700002324F40EB7071A0427
:1014A0009387A7412326F40E2328F40E6FF0AFA5EF
:1014B0000347540C0329C40B63110712C13B832754
:1014C000C40B2320F40E930700002322F40E930490
:1014D00000000327440F2324940E91476312F70A58
:1014E0008347440CD1CF0325040B83A5C18C13156E
:1014F000F549EF700044635505080325440B83A5A7
:10150000C18C1315F549EF70C042635B0506834734
:10151000540CBDC70325040C83A581841315F5491C
:10152000EF702041635E05040355C408513B9305E9
:101530000000AA84EF70E03F6354A00437090C2038
:101540008329093E2685CE85EF70807483A5018DA1
:10155000EF70A047CE85EF60304D83A9418BAA8400
:10156000CE85EF70003D634A050083A9418C268536
:10157000CE85EF70A0326353A000CE842320993E25
:101580000C480325840C444883298401EF70407083
:10159000AA8552861385C1BBA92E2A890325C40CAE
:1015A000A685EF70E06EAA855286138581B99126D3
:1015B000AA840325040DCE85EF70806DAA8552861E
:1015C000138541B73D26232EA40C232A240D232C5A
:1015D000940C1306C40E854565B51147638AE7026E
:1015E0001D47638DE7180D476399E71A8347A410D9
:1015F00081E7EFF0BFC9E1BD0355C40803294410DA
:10160000EFF07FBF83A58184EF601042AA8485A894
:101610006383090683C6C1990325440A81EA854686
:1016200023AC219923AAA198238ED19883A541990F
:10163000EF70006683A58199EF60103F2A890355FA
:10164000C4088324840AEFF01FBBAA852685EF60B7
:10165000B03D83A9018CAA84CE85EF70802D634AAA
:10166000050083A941862685CE85EF702023635827
:10167000A000CE8429A0EFF07FC193040000832551
:10168000C40B4A85EF70C06083AB018CAA89DE85EC
:10169000EF70202A634A050083AB41864E85DE85C4
:1016A000EF70C01F6353A000DE89CE852685EF60F2
:1016B000B03783A4018CAA89A685EF708027634A7E
:1016C000050083A441864E85A685EF70201D6353D7
:1016D000A000A6898325040C4E85EF70605BAA8567
:1016E0005286138501B53124AA840355C408EFF04E
:1016F0003FBD83A58184EF70A05983A58184EF70DD
:10170000C02CB7070C2083A5073EEF60F031A685FB
:10171000EF6090318347440CAA8485CF0325040BE6
:10172000EF3050662A8B0325440BEF30B065AA8555
:101730005A85EF70802983AB01892A8BDE85EF7093
:10174000401F635305005E8B2685DA85EF6050638A
:10175000AA842320240F2322340F9305000026851A
:10176000EF70201DE34505D603A941862685CA856D
:10177000EF70C012E35FA0D4CA84A1BB8347A4105A
:10178000E38907E60355C40803294410EFF0BFA618
:1017900083A5C184EF70C04F95BDEFF03FAF8327A5
:1017A000C40B0355C4082320F40E93070000232222
:1017B000F40EEFF0FFB0AA8429BB8280EFE2BFF302
:1017C000930500002A84EF70C016634C050083A4C3
:1017D00041862285A685EF70600C6356A0002684A2
:1017E00019A01304000083A541892285EF70E01D34
:1017F000EF7070071305853E334505086FE0FFF174
:1018000082806304060CEFE27FED328499C1AA84E2
:1018100009E99307803E1EA03EA05EA07EA06FE077
:101820003FEF032A050283A5418D4845EF70E0197B
:101830002A8983A5418D8848EF70201983A5818D61
:10184000AA89C848EF706018AA84CE855285EF60D7
:10185000B01DCA85AA8AEF60301DA685EF7040438F
:10186000B13F0AA0CA855685EF708042A685EF6019
:10187000B01BA937CE852AA05285EF706041CA857A
:10188000AA89EF70E040A685EF708040053F4AA02E
:10189000CA854E85EF605019A685EF60F018393F74
:1018A0006AA0930500005285EF60507FE359A0F6CF
:1018B000130784009306C0491E200904B3F7D70A12
:1018C000231FF4FEE31AE4FE99BF828001CD14C504
:1018D000930600000CC150C154C514C958C91CCD91
:1018E00058CD1CD1828009C5930700005CC51CC976
:1018F0008280EFE2BFDE9304000055C12A842E8966
:10190000328593050000B289EF70A00293040000B5
:101910006357A0084C404A85EF70200BCE85EF70CE
:10192000C00A4C44EF6050104448832A84012A8A3C
:10193000A685EF700000634A0500D6855285EF60EA
:10194000F075D6846343A000D2840C4844C44A8511
:10195000EF700034CE85EF60B0420C40AA89232896
:1019600024014A85EF706006A685EF60F00B0C44F9
:10197000AA844E85EF706005AA852685EF60D00A9F
:10198000444C2A89A685EF60D07A634A050004504A
:101990004A85A685EF6090706343A000CA842685BF
:1019A0006FE01FD78280054582806F0010519377CA
:1019B000F50F138507FD1375F50F25476365A70020
:1019C0001315456082801387F7FB1377F70F954651
:1019D00063E7E600938797FC13954760828013873F
:1019E000F7F91377F70F7D55E3EAE6FE938797FA49
:1019F000E5B7630D050EEFE21FCDAA8A4111AE894E
:101A00000145BDC103A4818283A4C18283A7018350
:101A100003A841833289014C014B814B814D014A1E
:101A20003EC042C2A28C268D33878A01030707007D
:101A30001376F70F930656FDF59AB3E6860193F6F3
:101A4000F60F95E6130737FD133B1700050C1377C8
:101A5000FC0FE36B37FD09C963040B00939DFD691F
:101A6000232079012322B90141016FE09FC9930727
:101A7000E0026316F700631D0A06054AC1BF13069C
:101A800006FD1376F60FA54763E4C706130507FDA9
:101A900013154560EF60206D63080A022286A68652
:101AA000EF50B0242A86AE865E85EE85EF40104565
:101AB000AA8BAE8D2285A6856686EA86EF50F02237
:101AC0002A84AE84528559B7024692462EC62AC44D
:101AD000EE855E85EF507021A24832474686BA8671
:101AE000EF40D041AA8BAE8D05458DB70145828070
:101AF00001459DBFEFE2BFBD411111E601442285C2
:101B000041016FE05FC08547E39AF6FE328A3000FC
:101B1000BA84EFF01FEE2A8475D12249B2490146FA
:101B200081464A85CE85EF509010E34905FC03A617
:101B3000818383A6C1834A85CE85EF50802CEF60D8
:101B4000205D33450508EF60006903A6818383A605
:101B5000C1832A8CAE8BEF5050192A86AE864A85F7
:101B6000CE85EF501069014681462A8BAE8AEF5030
:101B7000100CE34505F803A9018483A941845A8523
:101B80004A86CE86D685EF50A07EE35905F64A8672
:101B9000CE865A85D685EF50C026DE866286EF4017
:101BA000F03588C0CCC083070A001307300593F6D0
:101BB000B7FF6396E6009395F569CCC089B7130724
:101BC000E004E38EE7F29387B7FB13B4170005BF79
:101BD000AA860145A9C2B1C1014781472548A94844
:101BE0001303F00F3385E60003050500130505FD1B
:101BF000137EF50F6362C803B3871703AA97B3C7B1
:101C00000708636BF30005071375F70FE36CB5FC6A
:101C10001CA205458280828001458280038701BE27
:101C2000930740022A88631BF702938711BE01477E
:101C3000938611BE9308C0021303A0020385070018
:101C400063001503630A65001DE1631AE80094C18F
:101C5000958F1CA205458280E30BE8FE014582803A
:101C6000E307E8FE05071377F70F9386170085074C
:101C7000F1B7EFE25FA8130680028145138501C624
:101C8000EFE0DFAB23A0019AA38F0198238F019887
:101C9000A38E019805456FE05FA8EFE2DFA25D71BA
:101CA00037940D202AC4EF00306B130784481C437F
:101CB000AA8485071CC3014913048448930B40027E
:101CC000138B01BE854C054C1305D101EF106076D6
:101CD0000DC58346D101639B76071C4423007B011D
:101CE000238F819985071CC4A38E8199230C9403AB
:101CF000050993070010E319F9FC5C400145CA97F8
:101D00005CC0A247A9C383C7F199138901C69DC3CB
:101D10008347190285C383A7019A1307007DB38700
:101D2000F4406379F7001C5823209900A3000902AE
:101D300085071CD8224513068002938501C6EFE073
:101D40009F9E0345190261616FE0BF9B83C7D199D4
:101D5000C5D3B547E38EF6F8294783C7E199639960
:101D6000E62C938601BEBE96238006005444A38EC3
:101D70000198138D01BE850654C4230CF40244D887
:101D800081471306F005B306FD008386060095EE35
:101D900093F7F70F038701BEA297A38C070293075F
:101DA0004002631AF700938D11BE81499306A00289
:101DB00003870D0005E35C4885075CC815BFB305C4
:101DC000F400A38CD50285077DBFE39AC7FE930775
:101DD000F005C9B76307D728B3C7E90093F9F70F30
:101DE000850DF9B723A0919A854DA38FB19912570C
:101DF000938701C684C38306070013071004138D5D
:101E000001C66388E600A38007025C5485075CD4A2
:101E1000C5B510102C100D45EFF05FE001E5A300F3
:101E20000D026DAC130611026C101145EFF01FDFAF
:101E30007DD5130621020C181545EFF03FDE65D164
:101E4000130631024C181945EFF05FDD69D983465E
:101E5000110232568345010222553818EFF09FC90E
:101E60005DDD83463102525683452102425598007A
:101E7000EFF05FC84DD5F25762571306F1012326E4
:101E8000FD0096472324ED000647232AFD001C543D
:101E90004C101D4585072328ED00A300BD031CD46D
:101EA000EFF0DFD7E30605E48345F10191E5930701
:101EB0000000232EFD002DBD1255B000EFF07FB3C2
:101EC000E30805E2B6452645EF70403583A5C18D90
:101ED000EF60B02F232EAD0021BD13077004639770
:101EE000E70803074D006313F70803075D00930736
:101EF0001004631DF70603076D009307C002631704
:101F0000F7061C501306E1014C10850719451CD03B
:101F1000EFF0DFD06304051C8345E1011255130681
:101F20003102EFF0FFCA630B051A23A0919A05470F
:101F30001306E1014C101D4523A091C6A38FE19823
:101F4000EFF0DFCD138D01C601CD8345E1011255C0
:101F5000B000EFF0FFC709C5834781042300FD02ED
:101F60008347310281EBA3000D0245B51C4C850768
:101F70001CCCBDBB1306F1012C100945EFF01FCAA4
:101F8000E30F05E810106C100D45EFF03FC9E308B2
:101F900005E8130611020C181145EFF03FC8E300E5
:101FA00005E8130621024C181545EFF03FC7E3087A
:101FB00005E68346010232568345F1012255381861
:101FC000EFF05FB3E30D05E48346210252568345EB
:101FD000110242559800EFF0FFB1E30205E4F25719
:101FE00062571306E1012326FD0096472324ED00E6
:101FF0000647232AFD008547A300FD021C544C1010
:10200000254585072328ED001CD4EFF03FC1E301EF
:1020100005CE8345E1011255B000EFF09F9DE30925
:1020200005CC2645B645EF70601F232CAD00C9B125
:102030001307E007637CF7001C48238F0198A38EE9
:10204000019885071CC8230C04025DB11387170093
:102050001377F70FDA97238FE19894A3230CE40208
:1020600041B903851D00EFF09F942A87E34505D40D
:1020700003852D003AC6EFF09F93E34E05D2324719
:10208000939749601207598D13154560E315F5D2F2
:1020900083073D0013072005E391E7E403074D00A4
:1020A0009307D004E314F7EC03075D0093073004B3
:1020B000E31EF7EA03076D009307C002E318F7EA8F
:1020C0005C4C1306F1014C10850709455CCCEFF020
:1020D000FFB409C58347F101E39607D05C5085073B
:1020E0005CD039B108418280EFE2EFE089674111AD
:1020F0009387E7377C849D475C859C21C885A3072F
:1021000001005C869C3101479946DC86814730009E
:102110003A9610220507B29793F7F70FE319D7FE07
:1021200028009D455C87EF10A04C41016FE0EFDE79
:10213000EFE26FDC03C781D0411149EBAA8713841A
:1021400081D02E8581E958409306301F3387E740C0
:1021500063FFE60613068003938441CC8145138513
:1021600041CC5CC0EFE08FDD83A7018E6C001305CE
:1021700000069CDC83A7418EDCDCBCC0996793879A
:1021800047F67C86EFF05FF60945EF30602DA547F6
:102190006C00130510065C86EFF01FF50945EF3063
:1021A000202C85446C00130500086486EFF0DFF3F3
:1021B000F16537A50A20130640069385052013050F
:1021C000055404A023260400EF70001C05454101BE
:1021D0006FE0AFD4EFE2AFCF938781D037A90A2069
:1021E000B7A90A2023A0070023A2070023A4070001
:1021F00023A607008544138A81D08D4A1309C95646
:102200009389495E37AB0A20994BEF00F0140146E1
:102210008545EFF0FFF12A841DE58327CA00CA86B1
:1022200063E5FA00B3C737219443A6851546130525
:102230004B578504EF704015638774011305400602
:10224000EF300022D9B722856FE0EFCBEFE2AFC7C6
:102250000111AA848149EF0030106383041E83C7F3
:1022600081D0AA8C138A81D089E705468145EFF099
:102270003FEC37940D201307042E1C4337AB0A2084
:1022800085071CC393078B59A30F010081491304D1
:10229000042E3EC6138981C81305F101EF10C02A30
:1022A0001DC983C7719A85091147B3C90908636EAF
:1022B000F71A3247B3C7E72098438347F1010287F3
:1022C000130730026392E7188947A383F19A9307B3
:1022D0000008E393F9FC5C40BE99938741CC8823C6
:1022E00023223401CC43138941CCFD5719C1B38754
:1022F000BC40834919001CDC03268900FD57638418
:102300000900B387CC40834A29005CDC0327C9005D
:10231000FD5763840A00B387EC4003480A003CC0C1
:10232000854723060407A306A40623073407A3074B
:10233000540719C5B387BC4093B7F71593C7170067
:1023400093F7F70FA308F406854763880900B3875E
:10235000CC4093B7F71593C7170093F7F70F2309EE
:10236000F406854663880A003387EC4013379725C7
:102370009346170093F6F60FA309D4068347140774
:1023800099C783C7A19A81E73C5085073CD0834712
:10239000240799C783C7919A81E77C5085077CD031
:1023A0008347340799C783C7819A81E73C548507DF
:1023B0003CD483471407B337F0002385F19A834751
:1023C0002407B337F000A384F19A83473407B33767
:1023D000F0002384F19A6309082C6307052C6385B8
:1023E000092C3387BC409306E01563EFE62AB387D8
:1023F000CC4063EBF62A2324940385472308F40694
:1024000031469305890223A0940113854400EFE02F
:102410008FB131469305C90113850401EFE0AFB0D8
:102420003146930509011385C401EFE0CFAF93074F
:10243000000063840A00832789039CD42386340325
:102440004E8505616FE0EFAB938727F893B71700D0
:10245000ADBD2383F19AED1793F7F70F1307B00380
:102460006378F7001C4485071CC4A383019A85B5D3
:102470008D47A1BDA382F19A2382019A9147B1B5FC
:1024800083C5419A03CD619A93861500138681C84E
:102490001307CDFF93F6F60F2E961377F70F2382CF
:1024A000D19A1CA2E3E5E6E203CC519A0146B307B8
:1024B0008D01938717FA6D1D93F7F70F137DFD0FAD
:1024C0009375F60F63EAA5034A970347F7FF63196D
:1024D000F71CEF006068930760022A8B6304FC140A
:1024E00063E487030546630ACC1891476303FC083D
:1024F0005C4885075CC895BFB305C9008C210506FB
:10250000AE9793F7F70F6DBF93072003E312FCFE1E
:10251000BD4763F3A707138581C8138D41CCEFF046
:102520007FBC232AAD021385C1C8EFF0BFBB232CAB
:10253000AD02138501C9EFF0FFBA232EAD0213855A
:1025400041C9EFF03FBA85472301FD005C581450A4
:102550002320AD0423266D01850614D081CBB3075B
:10256000FB407CC4344C63F3F6003CCC232A640368
:10257000EDBDAD4763E6A7011C4885071CC8F5B54E
:10258000039581C8EF60103383A5818E138D41CCF4
:10259000EF60A0432328AD0003152900EF609031C0
:1025A00083A5818EEF606042232AAD0003154900A8
:1025B000EF60503083A5818EEF602041232CAD0069
:1025C00003156900EF60102F83A5C18EEF60E03F17
:1025D000232EAD0003158900EF60D02D83A5C18E99
:1025E000EF60A03E2320AD020315A900EF60902C00
:1025F00083A5C18EEF60603D5C54144C05462322D8
:10260000AD02850623226D012300CD0014CC81CBC1
:10261000B307FB407CC0344863F3F6003CC8232674
:102620006403A1B5AD47E3F9A7F5138581C8EFF0C1
:102630007FAB138D41CC2324AD021385C1C8EFF0CD
:102640007FAA2326AD02138501C9EFF0BFA98547F4
:10265000A300FD001C58544C2328AD0223246D0117
:10266000850654CC81CBB307FB403CC4744863F36C
:10267000F6007CC823286403CDBB8947E3FEA7EF9F
:1026800083C781C8A300FA00834719002301FA0019
:1026900083472900A301FA005C5085075CD0F1B3A1
:1026A0005C4485075CC4D1B3232494032308040647
:1026B0007C4C814985077CCCA1B3EFE2CF832A848F
:1026C000612939C8AA8603C581D0938741CCBC2330
:1026D000138741CC1DCD89EF14C083A7418E0145DE
:1026E0005CC01CC483A7018E5CC49307000031A8A2
:1026F0005C4714C0B387F64013B597255C5F5CC098
:102700003C431CC41C5F5CC45C5B1CC848A86FE0F5
:10271000CF8014C0F9D3DDB70145D5BFEFD2BFFDDF
:10272000130680048145138581D1EFE02F81EF00EE
:10273000102205456FD07FFEEFD27FF901112A8963
:1027400021296300090C37940D201307443F1C43D3
:10275000416A8507AA891CC3814B1304443F9384B3
:1027600081D1054C7D4B930C00027D1A1305F101BC
:10277000EF0090551DCD8347F101A30AF4020347F2
:1027800094037D8B2297230DF702034794030507DB
:102790001377F70FA30CE40203C7040225EB638948
:1027A00097095C5085075CD0850B93070008E39F71
:1027B000FBFA5C40DE975CC063950B005C548507B8
:1027C0005CD403CA44049307490063120A145848AE
:1027D0009306C05D050758C82320390113078901F6
:1027E00096A38907E31EF7FEB707DC051387C75DCD
:1027F0009387873E232EF900C167232CE90023200D
:10280000F902014A528505616FD0FFEF631E87030D
:10281000130700046383E7021848050718C8639785
:1028200097072380940123808403230A8403ADBF88
:102830002380840323809401CDBF09472380E402D1
:102840009CB0230AE4028DB79306170093F6F60FA7
:1028500026972380D4021CA3230AD402E376DBF458
:102860009830FC3C83C681D1230BE402A30BF40215
:10287000230C04026396960193060004630DD700AF
:102880005C5085075CD01C4885071CC82380040267
:10289000230A040211BF814652877946B385D400CA
:1028A0008C2185060D8F33470708E399C6FEF42C6B
:1028B000A207D58F6386E7001C5485071CD4E1B7B7
:1028C000268781461308007D1305803EB9453C33B9
:1028D00030230907A207D18F33D6070B3376A60A18
:1028E00012B3138686023326862085063EA6E39021
:1028F000B6FE23830404A3820404B92C85472382F3
:10290000F4041C44A8C085071CC408D841B73EC6BF
:10291000A124B8409306A00FB247198DE3E9A6EAB7
:102920002320E900A68601472945AE321306870316
:10293000332686208EA36EA6050789068907E3162F
:10294000A7FE83274900232CF90083278900232E23
:10295000F9008357090193B7076493C71700230051
:10296000F90283C76404A300F90283C75404230156
:10297000F90281C7A301090269B58547A301F902DC
:102980001C5085071CD0BDBDEFD2FFD67971130650
:1029900000028145080802C202C402C6EFD01FDA55
:1029A000854513054020EF1010020145EF10F00699
:1029B0008D451145EF10E064371501408D474C00FF
:1029C00013050580372401407C8202C6EF10E035F4
:1029D00013050440EF102028B7070E00130504402C
:1029E0003ECE0C0885472302F10202C802CA02CC7F
:1029F00002D002D402D6EF10002A13050440854508
:102A0000EF10C02E13050440E164EF10202F9384D3
:102A1000146A130404402285EF10E02E11C9FD143E
:102A2000FDF8B7970D209387073E9843050798C395
:102A3000B7240140138504406164EF10402D130456
:102A4000146A938404402685EF10A02D11C97D14CB
:102A50007DF8B7970D209387073E9843050798C3E5
:102A600045616FD09FCBEFD21FC9894509C9371582
:102A70000140130505C0EF10C0396FD01FCA3715CC
:102A80000140130505C0EF100039C5BFEFD21FC5C7
:102A900037940D204111130484748949F16402C2F2
:102AA00002C402C623203401EF102005EF203019A4
:102AB00013850420EF20701D0D49854521452320F5
:102AC0002401EF104070371501404C00C147130539
:102AD00005C03EC6231231014AC4EF10002501454E
:102AE000EFF07FF8992A13850420EF0060760965DE
:102AF000A947130505581CC0412113850420EF0088
:102B00004059EFF07FE837A60A20B7A50A2037A57D
:102B10000A201306465F9385C55F13054561EF6084
:102B2000B00683A5419C37A60A2037A50A201306C4
:102B3000066213058563EF60300537A50A2013068A
:102B400020039305803E13058565EF60F003CD47B4
:102B50001CC041016FD0DFBB03A5C19A828083A74F
:102B6000C19A850723A6F19AB7970D20938787749A
:102B70009847050798C78280EFD2FFB737940D209A
:102B80008D461304443563EDA6029307007D2E871E
:102B9000B3D7F50A1306803EB3F5C70AB3278520DD
:102BA000DAA3CEA78947630CF5046301D5068547F0
:102BB0006300F50437350140130505C0EF105019C7
:102BC000B737014003D747C3938707C03347070888
:102BD0005AA89A3F334707087AA8DA3F33470708CD
:102BE0001AAC83D70704B3C707083EAC6FD0FFB257
:102BF00037350140130505C0EF10D015D1B7373573
:102C00000140130505C0EF1030155DBF3735014099
:102C1000130505C0EF10901465B7EFD2DFADAA849D
:102C20000144114922850504A6851374F40FEFF0C1
:102C3000BFF4E31924FF6FD05FAEEFD23FAA056562
:102C40007971854513055584B719014002CA02CC34
:102C500002CE02D002D202D402D602C402C6231887
:102C60000100EF104056138509800546A145EF107D
:102C7000C01A37240140130504800546AD45EF1006
:102C8000C019130504800546B545EF100019054627
:102C900013050480B945EF104018930700106149EF
:102CA0008D444C0813850980FC824ACE26CCEF1057
:102CB000C0079D67938707804C0813050480FC823A
:102CC0004ACE26CCEF10600683A7419C37470F0001
:102CD00013070724B3D7E702373401402C0013054C
:102CE00004C023150100FD177C8495679387F7E1E5
:102CF0003EC6EF10E053C167938707063ED00C1025
:102D00009307803E130504C02313F102231401022C
:102D1000EF10C0590C10130504C0EF1040600C10E8
:102D2000130504C0EF1040690C10130504C0EF1028
:102D30002072130504C0A145EF10007D130504C0E7
:102D4000A145EF10407D130504C0A145EF10007EA2
:102D5000130504C0A145EF10407E130504C085454E
:102D6000EF10E078130504C08545EF10E076854547
:102D7000130504C0EF10C0741305803EEFF0FFE9A7
:102D800045616FD0FF98EFD21F97B7970D209387BB
:102D900047359843AA840144050798C31149B327CE
:102DA00094208E231375F40F0504EFF0FFDCE31875
:102DB00024FF6FD09F96EFD21F944111B14702C4F8
:102DC0002EC08A852A847C8502C202C6EF106079F3
:102DD00085452285EF10F00341016FD01F94EFD29B
:102DE0009F91B7440040130410409384044093051E
:102DF00000022685EF10500809C57D1433440408ED
:102E00001DE037440040A14513050440EF10D006F3
:102E100019CD374500408357054013050540EF1095
:102E200030056FD09F8F2685EF109004C9B791456C
:102E300013050440EF10500469FD89451305044053
:102E4000EF10900379F5854513050440EF10D0028B
:102E500069F1C1BFEFD23F8AB7540040130410108C
:102E600093840480930500022685EF10F00009C5C5
:102E70007D14334404081DE037540040A145130578
:102E80000480EF10607F19CD3755004083570580CF
:102E900013050580EF10C07D6FD03F882685EF10A9
:102EA000207DC9B7914513050480EF10E07C69FDD2
:102EB000894513050480EF10207C79F585451305BD
:102EC0000480EF10607B69F1C1BFEFD2DF82B7549D
:102ED000004013041020938404C09305000226854B
:102EE000EF10807909C57D14334404081DE0375480
:102EF0000040A145130504C0EF10007819CD3755E7
:102F00000040835705C0130505C0EF1060766FD0F1
:102F1000DF802685EF10C075C9B79145130504C041
:102F2000EF10807569FD8945130504C0EF10C0746A
:102F300079F58545130504C0EF10007469F1C1BF30
:102F4000EFD26FFB6164AA841304146A930500082E
:102F50002685EF10607219C1054529A87D147DF4FE
:102F6000B7970D209387475203A7471101450507DF
:102F700023AAE7106FD06FFAEFD2EFF72390019CEE
:102F80004111AA84239F019A854537050200238EAB
:102F9000019A02C202C402C6EF10A024854513059F
:102FA0001002EF10402237140140130504401D4663
:102FB0009545EF0090661D46130504409945EF00C6
:102FC000D065930700027C82E1473EC64C008D47E6
:102FD000130504403EC4EF005055930700047C8263
:102FE0004C0093078004130504403EC6374400405C
:102FF000EF00B053A68513050440EFF0DFDBB7E721
:1030000000E00547A386E7624157A386E7420967C8
:1030100023A2E7180F100000014623A2E72893051A
:10302000505213050440EF100060EFF05FDB4101E8
:103030006FD0AFEEEFD22FECB7970D2093874752AA
:10304000D8570507D8D783C7C19B85E737450040C8
:1030500001469305505213050540EF10C05CEFF098
:103060001FD8B7E700E0096723A2E7288547238E2A
:10307000F19A374500400546930550521305054027
:10308000EF10605AB7E700E0096723A2E7106FD09E
:10309000CFE8EFD24FE6239D019A4111AA84239CE9
:1030A000019A854537050400238B019A02C202C4A8
:1030B00002C6EF10001385452545EF10C0103714E8
:1030C0000140130504C01D46A945EF0010551D46DB
:1030D000130504C0AD45EF005054930700407C82B7
:1030E000E1473EC64C008D47130504C03EC4EF00C7
:1030F000D0439317B0287C824C00930780041305BB
:1031000004C03EC637540040EF003042A685130588
:103110000480EFF05FCAB7E700E00547238AE76461
:103120004157238AE7443707100023A4E7180F10FC
:103130000000014623A4E72893055052130504809C
:10314000EF10604EEFF01FD141016FD00FDDEFD2D5
:103150008FDAB7970D209387475203A747080507D3
:1031600023A2E70883C7619B8DE7375500400146DE
:103170009305505213050580EF10E04AEFF09FCD04
:10318000B7E700E03707100023A4E7288547238B23
:10319000F19A3755004005469305505213050580B6
:1031A000EF106048B7E700E03707100023A4E710EE
:1031B0006FD0AFD6EFD22FD437150140130505C01D
:1031C000EF00B044B7970D2093874752239EA7087E
:1031D00003D7C709B7060140938707081357B748B5
:1031E000F8AF984A31833D8BF8BF9842B7560040FC
:1031F00098D31387068083D60680B3C6060894C783
:103200005627B3C60608D4C7162BB3C6060894CBF8
:10321000562BB3C60608D4CB1A273347070898CFD6
:1032200037E700E0144793D64649D4D3145793D6D2
:10323000464994D79306073094461307077093D6F0
:103240004649D4D718471357474998DB6FD0EFCC7E
:10325000EFD2CFC8239A019A4111AA842399019AE7
:103260008545370508002388019A02C202C402C6B8
:10327000EF003077854513051008EF00D074372430
:103280000140130504C0C145EF00B03841498D49E4
:103290004C00130504C0231221014AC64EC4EF009E
:1032A000D0281D46130504C09145EF001037E147B3
:1032B0004C00130504C03EC6231221014EC4EF008A
:1032C000D0261D46130504C08D45EF001035A147DB
:1032D0007C824C0093078004130504C03EC637541B
:1032E0000040EF009024A685130504C0EFF0BFACAA
:1032F000B7E700E00547A38AE7644157A38AE7449C
:103300003707200023A4E7180F100000014623A46C
:10331000E72893055052130504C0EF10C030EFF0BA
:10332000DFBA41016FD0CFBEEFD2EFBCB7970D200F
:103330009387475203A7470E050723A2E70E83C7CB
:10334000019B8DE737550040014693055052130508
:1033500005C0EF10402DEFF05FB7B7E700E037078B
:10336000200023A4E72885472388F19A3755004099
:10337000054693055052130505C0EF10C02AB7E764
:1033800000E03707200023A4E7106FD00FB9EFD279
:103390008FB637250140130505C0EF001027B797FA
:1033A0000D2093874752239EA70E03D7C70FB7065A
:1033B00001403756004013573748238FE70ED85641
:1033C00031833D8BA38FE70E9442138707109387B9
:1033D000070814C3930606C0035606C03346060802
:1033E000B0D7D22633460608F0D7922A33460608CD
:1033F000B0DBD22A33460608F0DB9626B3C60608B1
:10340000B4DFB7E700E0944793D6564954C39457C6
:1034100093D6564914C7938607309446938707700E
:1034200093D6564954C79C4793D757491CCB6FD066
:10343000CFAE39C537E600E0032846008965232270
:10344000B6183378B8000F10000003D3E19B83D681
:10345000019CB7970D20938747526315D302D44739
:103460008506D4C703D7E19B33470708BABB03D708
:10347000019C33470708DABB630408002322B61017
:103480000145828003D3E19B938601069A9694229C
:1034900014A183D6E19B850693F6F63F239FD19A2C
:1034A0009447850694C703D7E19B33470708BABB07
:1034B00003D7019C33470708DABB631408000545AE
:1034C00082802322B610E5BF0DCD37E700E010471C
:1034D000B70610002324D718758E01CE0F100000F8
:1034E00003D8819B03D6A19B631FC8022324D71056
:1034F00009A80F10000083D6819B03D7A19B63947A
:10350000E6000145828083D6819B138701F63697BA
:10351000182318A103D7819B05071377F70F239C66
:10352000E19A0545828083D5819B138601F62E960C
:10353000102210A103D6819B05061376F60F239C5B
:10354000C19A2324D710F1BF2DC5B7E600E09C46F1
:103550003706200023A4C618F18FA1C70F10000062
:1035600003D8219B83D7419B6307F804854703D683
:10357000219B938601D6B296942214A183D6219BD7
:10358000850693F6F61F2399D19A37970D201307D6
:1035900047528326C70B8506232ED70A85E30545A8
:1035A00082800F10000003D6219B83D6419BE3103D
:1035B000D6FC0145828023A4C610E5BFB7E700E032
:1035C0003707200023A4E710D9BFEFD2CF924111D3
:1035D000375400402AC6130504C0EFF07F9611C58A
:1035E000B245130504C0EF10200841016FD0EF92DF
:1035F00019CDEFD24F902A84B304B5006314940020
:103600006FD0AF9108200504EFF03FFCC5BF82806A
:1036100001113EC4B74700403AC603D70740B797E9
:103620000D2036C89386475232CA90422ACE2ECCFD
:1036300042C2050690C23347070898DE1376F700AA
:1036400090D6937687009387475281C6D44B8506E0
:10365000D4CB9376270081C6944F850694CF93767A
:10366000470081C6D44F8506D4CF9376170081C614
:103670009453850694D39376F70291EED8530507B9
:10368000D8D37245E2455246C2463247A247124855
:10369000056173002030B746004013770702938618
:1036A000064039CFCE2203D7019C83D6E19B334815
:1036B000070805071377F73F93F5F50F639CE600BE
:1036C000944B850694CB83D6E19B850693F6F63F13
:1036D000239FD19AD4438506D4C3938601062388B9
:1036E000B702C2968CA22390E19C03D7E19B33479B
:1036F0000708BABB03D7019C33470708DABB51B7A9
:10370000DE2241B701113EC4B75700403AC603D785
:103710000780B7970D2036C89386475232CAF04EBD
:103720002ACE2ECC42C20506F0CE138606083347B9
:10373000070818C61376F700F0DE937687009387A4
:10374000475281C6B4578506B4D79376270081C601
:10375000F4578506F4D79376470081C6B45B850697
:10376000B4DB9376170081C6F45B8506F4DB9376B1
:10377000F70291EEB85F0507B8DF7245E2455246A1
:10378000C2463247A2471248056173002030B7563F
:103790000040137707029386068029C7D62203D7F5
:1037A000A19BB05393F6F60F334807080506B0D334
:1037B0002380D70883D5819B05071377F70F639C78
:1037C000E500EC538505ECD383D7819B850793F700
:1037D000F70F239CF19A938701F6C29794A3239D38
:1037E000E19A61BFDE2251BF01113EC4B7570040CC
:1037F0003AC603D707C0B7970D2036C893864752FD
:103800009386060832CAD05A2ACE2ECC0506D0DAC4
:1038100033470708B8D61376F700F0CE93768700C3
:103820009387475291C683A6870C850623A4D70C9D
:103830009376270091C683A6C70C850623A6D70CCE
:103840009376470091C683A6070D850623A8D70C5B
:103850009376170091C683A6470D850623AAD70C39
:103860009376F70299EE03A7870D050723ACE70CC3
:103870007245E2455246C2463247A247056173008F
:103880002030B7560040938606C0D6221377070231
:1038900093F6F60F2380D70E61DF03D7419B83A6F3
:1038A000870B33450708850623ACD70A83D6219BAF
:1038B00005071377F71F639EE60083D6219B8506D5
:1038C00093F6F61F2399D19A83A6470C850623A267
:1038D000D70C83C6070E938701D693F6F60FAA97E7
:1038E00094A3239AE19A69B7138501468280EFC2B7
:1038F0009FE037940D201306001181451304847452
:10390000F94793840146138501461CC0EFC01FE3AD
:10391000B707E8039387873E23A6F40E23A8F40E87
:10392000FD471CC0EFE01F8B930700021CC0EFE0B7
:103930008F87930710021CC0EFE0AFB393072002FC
:103940001CC0EFE0BFDD93078002138501511CC04E
:10395000EFD04FFEEFD01F9AEFD02FFAEFD04FFDF0
:10396000EFE04F841305803EEFF02FAB9307200369
:103970001CC0EFD0EFD5EF1040019307C00348C43F
:103980001CC0EF10804F9307800C1CC001A0EFC239
:103990009FD637940D20B7075EA58907130484715D
:1039A0001CC0EF00907E08CCEF00907E48CC130541
:1039B000803EEFF08FA6896793870780739007306A
:1039C00001A0EFC25FD337940D20B7075EA51304A3
:1039D00084718D071CC048C00CC4EF00107B08CC5C
:1039E000EF00107B48CC1305803EEFF00FA38967F2
:1039F000938707807390073001A0EFC23FCE86897E
:103A00002E8AAA8AEF10B01CB7940D20B7075EA5C6
:103A10001384847185071CC0232654012328440184
:103A20005C482A899384847185075CC8EF00F0752F
:103A300008CCEF00F07548CC232034032322240364
:103A400085476302F902EF10404C88D4EF10D0177D
:103A5000C8D41305803EEFF04F9C89679387078099
:103A60007390073001A023A404020145D5B7B7978E
:103A70000D209387C76F9843050798C39307800865
:103A800073B007800F10000001A0B7970D20938737
:103A9000C76FD8430507D8C37327203498C7732747
:103AA0001034D8C77327303498CB73270030D8CB65
:103AB0000A8798CF9307800873B007800F10000023
:103AC00001A0EFC25FC3B7E700E03707200023A4DF
:103AD000E7180F10000037940D2023A4E7281304E3
:103AE000847485471CC0EFE07FFAD1471CC0EFF01B
:103AF0001FE09307A00F1CC001A0B7170240D443DA
:103B000098472146B18A6394C602B7060070758F44
:103B100037060050630BC7126360E6021DC7B74744
:103B20009C1CB7060040938707806307D706B787BA
:103B30007D01938707848DA0370600606308C70E58
:103B4000B767730793870794CDB790479447984713
:103B50009305000A93F6060E21831377F7037D8AF7
:103B60000507639AB606B767CD1D9387075033D70D
:103B7000E702B7070C2093870732B2979C23914640
:103B8000B387E7026309D600856693860654B3D6E9
:103B9000C600858A91C2858323A4F19C3716024012
:103BA000544237070C20130707319182BD8A36979C
:103BB0001823B7060C209386463EB3D7E700584239
:103BC00041830D8B3697182333D7E70023A6E19C5A
:103BD00023A2F19C82809305000E6392B602D45B0F
:103BE000B7070C2093870730C182B6979C23B7860E
:103BF0007D0193860684B387D70285838DBF9307A3
:103C000000086397F600B7479C1C9387078085B729
:103C10009307000C6397F600B767730793870794C1
:103C2000B9B7B7877D019387078491B7D85BB7078A
:103C30000C20938707304183BA979C2337877D01F7
:103C400013070784B387E702B9B7B767CD1D93871A
:103C5000075099B701A0EFC21FAAB7270140938769
:103C60000740631CF500854513050020492B81455D
:103C70001305002069236FC05FAAB73701409387FF
:103C80000780E31AF5FE8545130500408D2B81451D
:103C900013050040C5B75841B707F1E09387F7EF28
:103CA000944D7D8F9C41D58FD44DD58FD441A206A4
:103CB000D58FD98F5CC11845B7F7F1FF9387D77FB0
:103CC000D4457D8F9C49D58F94458606D58FD98F55
:103CD0001CC55855B70710FFFD177D8FDC29FD1750
:103CE00093F7F70FD207D98F5CD582801C4589C521
:103CF00093E717001CC58280F99BEDBF1C4593E735
:103D000087001CC5828008451355354882805C4574
:103D100037070038D98F5CC51C4593E747001CC5A1
:103D2000828008451355254882809C4503D80500AC
:103D300013F7070193F8F7001DCB584D93E81800CF
:103D400081468D4E414E3316D0283373C800631C14
:103D500066001393160033966E003377C740D04148
:103D600033166600518F8506E39FC6FD58CD137745
:103D7000F80F1DCF18418146130380023D4E930E6C
:103D80008004A1453316D028337FC800631EE601A6
:103D90006395670650C913962600331FCE003396ED
:103DA000C8003377E741518F8506E39DB6FC18C103
:103DB0001307F00F6372070554410146130E80028A
:103DC000930E80042143130786003317E028B37550
:103DD000E800631FB7006396C70358C9131726008E
:103DE000BD45B395E5003397E800B3F6B640D98EEC
:103DF0000506E31A66FC54C18280E39ED7F910C918
:103E000059BFE39DD7FD18C9D1BF08453345050803
:103E100082800CC982804CC98280371701409D473F
:103E20009306078063F8B702938785FF93F7F70F30
:103E3000631AD506B70601408C468A073D473317FB
:103E4000F70033F7E54098C69846B317F600D98FC8
:103E50009CC682806308D502930707C0630AF508F1
:103E6000631CE51637070140544B8A05BD47B397DD
:103E7000B700B3F7F6405CCB5C4BB315B600DD8DF5
:103E80004CCB82803707014054438A05BD47B39726
:103E9000B700B3F7F6405CC35C43B315B600DD8DE5
:103EA0004CC38280930607C06304D5026312E510F9
:103EB000B70601408C4E8A073D473317F70033F7AA
:103EC000E54098CE984EB317F600D98F9CCE8280ED
:103ED000B70601408C4A8A073D473317F70033F78E
:103EE000E54098CA984AB317F600D98F9CCA8280D9
:103EF0003707014054478A05BD47B397B700B3F76A
:103F0000F6405CC75C47B315B600DD8D4CC78280B8
:103F10003727014013070780AE876318E50437078A
:103F2000014054538A05BD47B397B700B3F7F64035
:103F30005CD35C53B315B600DD8D4CD3828037273C
:103F40000140130707806312E502B70601408C5653
:103F50008A073D473317F70033F7E54098D6985660
:103F6000B317F600D98F9CD68280372701401307FC
:103F700007C06317E5088A073D473317F700331674
:103F8000F6009D471347F7FF63FBB700B7070140F3
:103F9000945B758F98DB985B518F98DB8280B707B5
:103FA0000140D457758FD8D7D857518FD8D7828032
:103FB00013070740E315E5F8B70601408C528A075E
:103FC0003D473317F70033F7E54098D29852B317BF
:103FD000F600D98F9CD2828013070740E31AE5F2DE
:103FE00037070140544F8A05BD47B397B700B3F771
:103FF000F6405CCF5C4FB315B600DD8D4CCF8280B0
:104000008280B7160240DC4241771307F77FBA057A
:10401000F98FDD8D2E054D8DC8C28280B717024005
:10402000D44398472146B18A6394C602B70600700C
:10403000758F37060050630EC7146360E6021DC714
:10404000B7479C1CB7060040938707806307D706D5
:10405000B7877D01938707848DA037060060630BC7
:10406000C710B767730793870794CDB790479447F6
:1040700098479305000A93F6060E21831377F703FA
:104080007D8A0507639DB608B767CD1D93870750E6
:1040900033D7E702B7070C2093870736B2979C23E4
:1040A0009146B387E7026309D60085669386065476
:1040B000B3D6C600858A91C285831CC137160240DB
:1040C000544237070C20130707359182BD8A369773
:1040D000182393864181B3D7E70058424166418354
:1040E0000D8B36971823B7F600E033D7E70058C199
:1040F00083A606D1F18E91E2BA871CC5371602401D
:104100005C4263DD07085C4237479C1C130707804D
:10411000AD83FD8B95073357F70258C58280930511
:10412000000E6392B602D45BB7070C209387073466
:10413000C182B6979C23B7867D0193860684B38798
:10414000D7028583B1B7930700086397F600B74796
:104150009C1C938707802DBF9307000C6397F60084
:10416000B76773079387079425B7B7877D01938750
:10417000078439BFD85BB7070C2093870734418386
:10418000BA979C2337877D0113070784B387E7021B
:1041900025B7B767CD1D9387075005B75442B707BA
:1041A0000C209387C73EAD829D8AB6978C235C42D4
:1041B000B7060C209386863EB9838D8BB6979C23D9
:1041C0003357B70089BF99C5371702405C4FC98F75
:1041D0005CCF8280B7170240D84F3375A740C8CF55
:1041E000828099C5371702401C53C98F1CD3828027
:1041F000B717024098533375A74088D3828099C57A
:10420000371702401C4BC98F1CCB8280B717024066
:10421000984B3375A74088CB8280B7170240D843AC
:104220007E051317F749D8C3D843598DC8C3828078
:10423000B7370140138607C0D6219A21630DC50206
:10424000938707406309F502B70700406305F5024D
:10425000938707406301F502B71700401386078074
:10426000630BC500938707C06307F50056B51AB501
:1042700085475EA982801E21B221B3C7070893F744
:10428000F7F8D18FF22193F7F7CFD18F1EA156B552
:10429000B73701401AB5138707C06306E500938757
:1042A0000740E317F5FC9C251EB9D9B71E319221B2
:1042B00003D82500B3C70708F99BB3C707081EB189
:1042C0001E3156211A2DB3C70708F59B334707083F
:1042D0001377C7F8518F9225B3C6060833660601D7
:1042E000D18F37360140130806C063060501130657
:1042F00006406310C502B225DD9B03D8E500D18FCF
:10430000D221ED9B93F6F6CFD18FD22533660601ED
:10431000D18E56A11AADFA215AB91EB182801E3132
:10432000E5769386F6CFB3C70708BD9BB3C70708EA
:104330001EB11E3152211A2D03D88500B3C70708BC
:10434000758F962193F7F7FD33460608A206558F21
:10435000B62133470708B3E606019206D58FB73674
:104360000140138806C0B3C707086306050193869A
:104370000640631DD502B62593F7F7F703D8C500AD
:104380009206D58FD621B3C7070893F7F7FB92069D
:10439000D58FFD769386F63FF18EF225B3C70708D9
:1043A000336606010A06D18E33C6060852A11AAD3D
:1043B000FA211ABD1EB182801E31962103D88500D4
:1043C000B3C7070893F7F7EFB3C707081EB11E314D
:1043D00052215A2DB3C7070893F7F7DF3347070871
:1043E0001377C7F8558FB62133460608B3E60601A2
:1043F000A206D58FB7360140138806C0B3C7070899
:104400006306050193860640631ED502FD769386FA
:10441000F67FF58FB62503D8C500A206D58FD62125
:10442000B3C7070893F7F7BFA206D58FF576FD1639
:10443000F18EF225B3C70708336606011206D18E46
:1044400033C6060852A15AADFA215ABD1EB1828068
:104450001E317D777D17F98F1EB11A315E21562DE1
:1044600065761306F6CFF18E922103D88500B3C787
:1044700007082206D18E79767D16718FB221B3C6D8
:104480000608336606013206518F3736014013089D
:1044900006C0334707086306050113060640631A82
:1044A000C50071767D16F18FD2251A06D18FB3C75C
:1044B00007085EA1FE2156AD2310F5041AB18280D3
:1044C0001E2189C593E717001EA18280B3C7070884
:1044D000F99BB3C70708CDBF8357450491C5939790
:1044E000F7282312F5048280C607C583DDBF1E218D
:1044F00089C593E707081EA18280B3C7070893F711
:10450000F7F7B3C70708C5BF1E2DB3C70708DD9B64
:10451000CD8F1EAD82801E2D7D771307F77FF98F1B
:10452000A205CD8FB3C707081EAD82805E2DB3C72D
:104530000708DD9BCD8F5EAD82805E2D7D771307F2
:10454000F77FF98FA205CD8FB3C707085EAD8280D4
:104550004EB982800EBD82804EBD82802310B5048C
:104560008280EFC24F999E257D77BD667D8F411178
:104570002A84AE84631BD7005A2DB18B33470708BA
:104580004D9BD98F5EAD239405001A28F577FD1752
:104590007D8FFE200A85D98F1EA85A248D679387A8
:1045A000379F7D8FDE20D98F9A24D98FBA24D98F57
:1045B0005EA45E28DA24B3C7070893F7F7CFD98F34
:1045C0005EA8EFF0BFA5924765459040B335F50270
:1045D00081460A063305F502EF10B05893064006EF
:1045E000B357D5021306F06313974700B377D5028C
:1045F000920793872703637AF60093070701B3C7EF
:1046000007081EA441016FC04F91B3D7D702D98FBD
:10461000FDB75E2589C59397D7285EA582807977F7
:104620007D17F98FDDBF93F7F50F95830547B31518
:10463000B0286398E70031051C411DC2CD8F1CC115
:10464000828009476394E7004105FDB70D476394F5
:10465000E7005105D5B71147E390E7FE7105E9BFC3
:10466000B3F5B7400CC1828093F5F51F4EA182804F
:104670004A211375F51F82800A216D8D3335A00004
:104680008280EFC2CF841307F5FFB95763F9E700C3
:10469000EF00F00683A7019E99EF814491A09377E4
:1046A000F5009304050185E3EF00700583A7019EE3
:1046B00085CB63DD0406EF00101CEFF04FAD814A9F
:1046C00056856FC04F841387F7FEE36397FC13058D
:1046D0000502B304F540EF00900283A7019EA9E70D
:1046E00037170C20130707159376F700E16799C673
:1046F0009306F700C19ABA97958F3687BA97938633
:10470000419EC117C19B23A2060098C223A20700A5
:1047100023A00700B386E74023A0F19E1CC323AC6F
:10472000D19C54C323AED19CE35790F883A7C19D7D
:10473000E3E397F89387419E8043371A0C20130ACE
:104740000A151389419E63684401B7970D2093872A
:10475000F71463FA870037A50A209305600F130545
:10476000C567EFF08FA9B79B0D2037AC0A20938B5C
:10477000FB145C4063F69700832A0400639A0A0CDA
:1047800083A7019EE38987F2832A0900C10A63E8AF
:104790004A01B7970D209387F71463FA570137A59D
:1047A0000A20930560101305C567EFF00FA51C40A4
:1047B0002320F9005C4063FA970037A50A2093058F
:1047C000E0101305C567EFF04FA35C40130700022C
:1047D000858F637AF702B309940093F7F90089CBC8
:1047E00037A50A20930570111305C567EFF0EFA0F8
:1047F0005C40858F23A2F9008327090044C023A0D1
:10480000F9002320390183A7C19D584003A6819D4B
:10481000998F23AEF19C63F4C70023ACF19C13176E
:10482000F72958C083A7419D23200400850723AAA8
:10483000F19CEF00500493F7FA00E38307E837A5F3
:104840000A209305D0151305C567EFF00F9B8DBDAA
:1048500063E44A0163F85B019305C00F1305CC675D
:10486000EFF0AF992289568429B7630F0510EFB294
:10487000FFE6B7190C20130905FF938909152A844F
:1048800063683901B7970D209387F71463FA2701FE
:1048900037A50A20930500171305C567EFF0EF95BC
:1048A000832744FF63CA070037A50A209305101722
:1048B0001305C567EFF06F94832704FF89CB37A5F5
:1048C0000A20930520171305C567EFF00F93832780
:1048D00044FF63D6070A032704FF55E39397F7497C
:1048E000232AF4FEEF00A06183A6C19D832744FF25
:1048F000B69723AEF19C1387419E9387419EBA845D
:104900001843E36E27FF6382F40263E83401B7972C
:104910000D209387F71463FA970037A50A209305B3
:1049200060201305C567EFF04F8DD440032744FF87
:104930009C403386D400631AC9003697D8C0B3862A
:10494000E4006397D702268929A0B306E900639A99
:10495000D70283A6019E6387F600D4439C43369713
:104960002322E9002320F9006384240123A02401E9
:1049700083A7019D850723A8F19CEF00C06F6FB04E
:104980003FD92328F4FECDB7828003A5C19D828044
:1049900003A5819D8280B7E700E041572387E74068
:1049A000A386E740B7F700E09387070823A0070036
:1049B00023A2070023A4070003A7419C85669386D2
:1049C00006FA3357D70298CB3D4798C337970D2047
:1049D000130707371443850614C3944B14CB9C4329
:1049E0005CC78280EFB23FD1411102C6F32750303D
:1049F0003EC6B2470D478D8B638AE70037A50A2074
:104A00009305C00C1305456AEFE03FFFB707102080
:104A100093870700BD8B89CB37A50A209305000D2E
:104A20001305456AEFE07FFDEFF0FFF6B7E700E022
:104A3000116723A0E710096723A0E71023AC0180CA
:104A4000EFB01FAA014541016FB03FCD5D7186C631
:104A500096C49AC29EC022DE2ADC2EDA32D836D61E
:104A60003AD43ED242D046CE72CC76CA7AC87EC6FE
:104A700073110134896793870780739007303794E7
:104A80000D20130704375C4385075CC3B7F700E0CC
:104A900093870708D44354CB944714CF23A207002D
:104AA00085299307043709C998479166050798C770
:104AB00037E700E02320D720731101349847D8CF7F
:104AC000896793870788739007307254B640A6426F
:104AD000164386436255D2554256B25622579257D4
:104AE0000258F248624ED24E424FB24F616173009B
:104AF00020308967938707807390073083A781816F
:104B0000850723ACF1808280EFB2FFBE83A781814D
:104B100089EB37A50A20930560121305456AEFE07B
:104B2000DFED83A78181FD1723ACF18091E78967D1
:104B300093878788739007306FB03FBE93078500D7
:104B40007D575CC118C55CC51CC923200500828047
:104B50002328050082809441FD5713078500639D3B
:104B6000F6001C49D843D8C10CC79CC5CCC31C4116
:104B700088C985071CC18280BA8758431043E3FD6A
:104B8000C6FECDB7544118451C4998C654C3D443FA
:104B90006393A600D8C32328050088437D1588C3E6
:104BA0008280EFB2BFB383A901A103AA01A283AAA5
:104BB000C1A1AA8483A741A203A541A22E89A388EB
:104BC00007041105EFF01FFCFD576390F404630E1A
:104BD0000902B7970D2093870715D84383A641A2F2
:104BE000104798C683A641A2D0C683A641A29106CB
:104BF00054C283A641A2910614C703A741A25CCB6D
:104C00009843050798C36FB0BFB083A741A283A59F
:104C100041A2CE94C4C3910563F634015685EFF0EA
:104C20009FF3D5B75285EFF01FF303A7419FE3FC35
:104C3000E4FC23AA919EC1BF83A701A2944389E605
:104C40007D5723AAE19E828003A701A258471843FB
:104C5000CDBFEFB2BFA8B7940D209384441683A7AD
:104C600081A199E36FB0DFAAEFF0BFE8DC4403A9AC
:104C7000C70013054900EFF0FFF083A741A1FD171E
:104C800023AAF1A083A781A1FD1723ACF1A0EFF027
:104C9000BFE703250903EFF05FBD4A85EFF0FFBCD6
:104CA0007DBFEFB25FA5EFF0DFFAF5BFEFB23FA235
:104CB000131926002A8B4A85AE8AB68BBA843E8A9F
:104CC000EFF03F9C01E57D556FB0FFA3AA89130566
:104CD0004005EFF01F9B2A84630B05161306400561
:104CE0008145EFB0BFA54A86232834039305500AB7
:104CF0004E85EFB0BFA41C5871193E99137909FF76
:104D000063820A028147C1463387FA00030707001E
:104D10003306F400230AE60201C78507E396D7FEAF
:104D2000A3010404B94763FB970037A50A20930544
:104D3000D0781305C56CEFE05FCCB944930A44000A
:104D4000568544D464C0EFF0BFE013058401EFF052
:104D50003FE0BD47858F00C81CCC40D05E86DA8519
:104D60004A85EFB0FF8708C063040A0023208A0049
:104D7000EFF03FD803A741A137990D20050723AADB
:104D8000E1A003A741A29304491B6316070C23A2C9
:104D900081A203A741A185476312F7061309491BA6
:104DA000138AC4124A855109EFF05FD9E31C2AFF28
:104DB000379A0D2013050A1AEFF05FD837990D20A6
:104DC0001305C918EFF09FD737950D2013058517E8
:104DD000EFF0DFD637950D2013054516EFF01FD6FF
:104DE00037950D2013050515EFF05FD5130A0A1A44
:104DF00023A041A31309C91823AE21A183A7819F32
:104E0000850723ACF19E5C5483A6C1A063F4F60031
:104E100023A6F1A05147B387E702A697D8431447CA
:104E200018C454C423A256012324570198435CC8D4
:104E3000050798C3EFF05FCD83A781A099C783A72B
:104E400041A2D8575C546364F7020545B5BD4E8551
:104E5000EFF0BFA18DBD03A781A05C5445F303A76C
:104E600041A25857E3ECE7F823A281A241BFB7E77C
:104E700000E0116723A0E720C9BFEFB2DF8741112F
:104E8000B7A70A200A8702C002C202C402C69387DB
:104E9000076EBA858386070005078507A30FD7FE2F
:104EA000F5FA37550A209387019F01471306001032
:104EB000130525BCEFF09FDF8547630FF500FD5715
:104EC000631AF502856537A50A20938565ED1305FC
:104ED000C56CEFE09FB239A889679387078073900C
:104EE00007307D5723AAE19E23A4A1A023A801A0F7
:104EF000EFF05FAF83A7C18141016FB01F8283A72D
:104F0000C19E850723A6F19E828003A501A1828010
:104F1000EFB26FFE83A7C19E41116393071403A4F0
:104F200001A1050423A881A00DEC83A701A29C4345
:104F300091CB856537A50A209385552A1305C56C45
:104F4000EFE0BFAB03A701A283A6C1A123A0D1A21A
:104F500023AEE1A083A7C19F850723AEF19EEFF0AA
:104F6000BFCD83A7419F37970D201307471B0145EE
:104F7000637BF40283A741A2D146DC57B387D702F3
:104F80003E971843854763F3E700054583A741A093
:104F900089E72AC6EFD0BFBC324583A701A0F1EB59
:104FA00041016FB08FF7D14F65A083A701A2DC4705
:104FB000DC47D4436375D40023AAD19E65BF03A800
:104FC0008700D047D44B938847002324C80023226E
:104FD000060103A8460063131801D0C2904223AA19
:104FE00007007D1690C2945785C603A8C701905349
:104FF00003AF46002324C80023220601138887013B
:1050000063130F01D0C2904223A407027D1690C201
:10501000D05783A6C1A063F4C60023A6C1A0B306DF
:10502000F603BA9603A84600032F880023A40701BD
:1050300023A6E70123221F0123241801D4CB9C427D
:1050400085079CC283A741A2DC5763F3C7000545CF
:1050500083A701A29C43B1FBFD5723AAF19E19BF70
:1050600083A741A0850723A2F1A0EFD05FAF014540
:1050700005BF054535B7EFB26FE64111EFF07FA7E9
:1050800083A7C19E91EB856537A50A20938545FDD1
:105090001305C56CEFE07F9683A7C19EFD1723A67D
:1050A000F19E83A7C19E89CB01452AC6EFF0DFA5FB
:1050B000324541016FB0CFE583A741A1F5D7B7963F
:1050C0000D20B7950D208147938686179385451B44
:1050D0005143054F49A0DC46DC479857C84F9053D1
:1050E0000328470010C548C2138587016313A80031
:1050F00050C3104323A407027D1610C38847D0472E
:10510000D84B1388470010C548C2484363130501B4
:1051100050C310437D1610C3D05703A7C1A06374BA
:10512000C70023A6C1A0330766022E9748438328F1
:10513000850088C723A6170123A20801232405019F
:105140000843D8CB050508C303A741A25857637489
:10515000C70023A0E1A198423DFF99C3EFF0DFAD66
:1051600003A441A019C88549EFF09FDA19C123A013
:1051700031A17D1475F823A201A083A701A0E385C6
:1051800007F283A741A21167B7E700E023A0E72059
:10519000054521BFEFB22FD6AA842E8411E985657B
:1051A00037A50A20938595951305C56CEFE0FF841C
:1051B00011E8856537A50A209385A5951305C56C6B
:1051C000EFE0BF83EFF0BFD303A901A103A7C19E06
:1051D0008547630BF700856537A50A2093852596DB
:1051E0001305C56CEFE07F81984033058700B33627
:1051F000E5006372E90299C26360A90288C00144B4
:10520000EFF07FE711E5B7E700E0116723A0E720A3
:1052100022856FB08FD0EDD288C0814533052541FE
:10522000EFF03F980544E9BF19E5B7E700E01167E3
:1052300023A0E7208280EFB20FCC2A84EFF03FCC8E
:1052400003A7C19E8547630BF700856537A50A2034
:105250009385859B1305C56CEFE02FFA8145228568
:10526000EFF03F94EFF03FE111E5B7E700E01167A1
:1052700023A0E7206FB06FCAEFB24FC603A9C19E4B
:1052800063070900054723A0E1A06FB06FC823A002
:1052900001A083A741A283A641A203A741A29C5BD0
:1052A0009442185B6372D702904337A7A5A51307F2
:1052B000575A631BE600D4436398C60098476315AA
:1052C000D700DC47638AE70083A541A203A541A27A
:1052D00093854503EFE0EFEEB7970D20138707376F
:1052E000145393870737850614D383A6C1A054D3DC
:1052F00083A6C19E54D783A641A274D783A641A298
:105300007D5781C603A741A25857B7940D2098D75F
:105310003D461387441B9384441B0C439306C900EA
:10532000B3C6F62005098CC25107E318C9FE03A9CC
:10533000C1A0056AD14A130A3A4437AB0A20B30721
:1053400059033387F40014439DC65443A107A6971D
:10535000D44254C36394F6005C475CC3D147B3079F
:10536000F902BE94DC40DC4723A2F1A223A621A1CE
:1053700083A741A219BF63170900D2851305CB6C1F
:10538000EFE0AFE77D1965BFEFB2EFB62A8419ED04
:1053900003A441A201EC896537A50A209385A59352
:1053A0001305C56CEFE06FE51C58029014580145D9
:1053B0009307500A3387A60018236305F700098175
:1053C0006FB0AFB50505FDB703A541A2828083A7E5
:1053D00081A0054591C703A5C19E1335150006059B
:1053E000828093070540135735003E97B7F700E0DA
:1053F00093870708D443F59AD4C323A4070088CB26
:10540000914694C3944393E6160094C3B7F600E024
:1054100093870608DC43898B89EB9307F7FF11EF2D
:10542000938781A29843050798C3B7F700E0938755
:1054300007089843799B98C382803E87D1BF83A792
:10544000C19C37470F0013070724B3D7E702239AFD
:10545000F1A21307803EB387E70223A8F1A282805E
:10546000EFB26FA903A401A3AA84EFF05FF685470A
:105470006307F5002685EFF03FDB6FB00FAA330519
:10548000940265DDEFF0FFF5CDBFEFB2CFA60111BD
:105490002A848545254502C202C402C602C802CA42
:1054A00002CC02CEEFE03FD2854513050010EFE0BD
:1054B0005FD3B71401402D46138504C09145EFE03A
:1054C000DF95C1477C828D473EC44C00E147138580
:1054D00004C03EC6EFE07F85B70708000C083725FB
:1054E00000403ECC22C802CA231E0100EFF06F87A5
:1054F000854537250040EFF0CF9105616FB0EFA1F2
:10550000EFB2CF9D930700082E898144374A0F00E0
:105510003344F60A63D0840493091A2493050008DF
:1055200037250040EFF04F9509CDB30799008385EB
:105530000700372500408504B3C50508EFF0CF927A
:10554000D1BFFD19E39C09FC938781A2D84326842F
:105550000507D8C322856FB0AF9BAA8703A5018238
:1055600037970D2013078775AA9763EBE70037F786
:105570000F20130707006365F70023A0F1828280E4
:105580007D558280B717493F938787FD1317F549EB
:1055900063E5E700930500006DAE011106CEB70785
:1055A000807F6368F700AA85EF30806EF240056166
:1055B00082802C001528937735000547B245224597
:1055C0006388E7000947638BE70099EB5926F9BF29
:1055D0000546EF00302E1315F569C9BF9D2EE5BFB6
:1055E0000546EF00302DD9B73971B717493F22DC96
:1055F0004AD85AD006DE26DA4ED652D456D25ECEDD
:1056000062CC938787FD2A8B2E841319F54963E8B2
:10561000270108C093070000DCC1814485A0B7D7EB
:105620001640938737BEB70900802A8C63E12711A3
:10563000938409FFE98C97B5010083A5A5F763530F
:10564000A008EF30E064B717C93F938707FD2A89A8
:105650006383F40497B5010083A505F6EF3040633A
:10566000AA85AA844A85EF30A06297B5010083A578
:10567000A5F4EF30E06148C004C08544F2506254A4
:105680004259B259225A925A025BF24B624C268519
:10569000D2542161828097B5010083A525F2EF30B5
:1056A000205F97B5010083A5A5F12A89EF30405E00
:1056B000AA85AA844A85EF30A05D97B5010083A52D
:1056C00025F045BFEF205036B717C93F938707FD38
:1056D0002A896387F40297B5010083A5E5EDEF20E1
:1056E000B034AA85AA844A85EF30805A97B5010064
:1056F00083A585ECEF20503348C004C0FD54BDBFE6
:1057000097B5010083A585EBEF20103297B5010016
:1057100083A505EB2A89EF203031AA85AA844A8522
:10572000EF30005797B5010083A585E9E1B7B717BA
:105730004943938707F863E72717EF00302997B5A8
:10574000010083A525E82A8AEF30202897B50100BB
:1057500083A5C5DBEF20502DEF30100BAA84EF306E
:10576000701597B5010083A5E5E4AA8BEF30E0251D
:10577000AA855285EF30C051AA8A97B5010083A54A
:10578000A5E35E85EF306024FD472A8AAA85568509
:1057900063C397029757000093874703B3C7F4206A
:1057A00083A7C7FF938909F0B3F969016385F900FD
:1057B000EF30004E31A8EF30A04D935775011359CB
:1057C000794193F7F70FB307F94021476344F70096
:1057D00008C085A097B5010083A545DE5E85EF3042
:1057E000C01E2A8AAA855685EF30804AAA85AA89D2
:1057F0005685EF30E049D285EF3080492A8A97B547
:10580000010083A5E5DB5E85EF30201CD285EF30FB
:105810002048AA852A8A4E85EF3080479357750124
:1058200093F7F70F3309F940E54763CA270308C028
:10583000CE8A032904005685CA85EF306045D2859B
:10584000EF30004548C0E35B0CE21319F96913150A
:10585000F5692320240148C0B304904005B597B5ED
:10586000010083A565D65E85EF3020162A89AA85BA
:105870004E85EF30E041AA85AA8A4E85EF3040413F
:10588000CA85EF30E0402A8997B5010083A505D489
:105890005E85EF308013CA85EF30803F2A8AAA8563
:1058A000568539B7B707807F6368F900AA85EF305E
:1058B000203E48C008C095B3935979419389A9F710
:1058C000939779013309F9404A85EF30E073EF305F
:1058D000607EAA852AC24A85EF30803B97B50100D9
:1058E00083A505CFEF30600E2A89EF30E071EF30ED
:1058F000607CAA852AC4AA844A85EF30603997B5AE
:10590000010083A5E5CCEF30400C930500002AC6CA
:10591000EF20F0728D4609E9930500002685EF20FF
:105920001072B336A000850697570000938707F2E0
:1059300009474E86A2854800912AAA84E3500CD4D8
:105940001C409397F7691CC05C409397F7695CC053
:1059500021B7797126D24AD052CC06D622D44ECE67
:10596000B70700322A892E8A9314F54963F6F400AA
:10597000EF30806963070510CA854A85EF30E0047F
:1059800097B5010083A585B82A84EF30000497B548
:10599000010083A565C4AA892285EF30000397B56D
:1059A000010083A5A5C3EF203008A285EF30E001F8
:1059B00097B5010083A5C5C2EF30802DA285EF30D9
:1059C000C00097B5010083A5E5C1EF20F005A285D1
:1059D000EF20B07F97B5010083A505C1EF30402BC4
:1059E000A285EF20907E97B5010083A525C0EF200A
:1059F000B003A285EF20707DA285EF20107D2A8460
:105A0000D2854A85EF20707CAA852285EF30402818
:105A1000B7A7993E938797992A8463E59702AA8549
:105A20004E85EF30E026AA8517B501000325C5AFE6
:105A3000EF300026B250225492540259F249624A81
:105A400045618280B707483F63E89702B70700FFC8
:105A5000B385F40017B50100032505AD2EC6EF3060
:105A60002023B245AA844E85EF308022A285EF30F4
:105A70002022AA8526856DBF97B5010083A585B52F
:105A8000D1BF17B50100032525AA6DB761713ECAC4
:105A9000975700009387C70FB347F7202324811A35
:105AA000232C4119232861192326711923248119D4
:105AB00083AB070023229119232EB1172326111A35
:105AC0002322911A2320211B232E3119232A511915
:105AD0002320A1192AC8F1572E8A328CB68C3A8B12
:105AE000938DF6FF01446347F6001304D6FFA147E8
:105AF0003344F402130D140093173D00B30AB4416C
:105B00003EC63309FC40338DBB0193090108D6849E
:105B1000B3875441635FFD00E68A1812B3879A4148
:105B200063CFFB041C0193040000814933CDFA20AC
:105B300081A01305000063C80400D247B3C7F42056
:105B40008843EF30205723A0A90085049109C9B7E5
:105B5000C24783250D003ACCB3C6F9208842850997
:105B6000EF20B066AA852685EF20006C6247AA84E4
:105B7000711DE3DF3DFD04C3850A110745B71C18FD
:105B8000B3C7FB203ED2931724003ED0A147B38772
:105B900027415E843ECE931724003ECC9C1AB34727
:105BA000F42083A907FB130D0103EA84A28A634151
:105BB0005015CA854E85EF00A06C97B701009387FA
:105BC00067A38C43AA84EF205060EF00806097B7F2
:105BD0000100938767A28C43EF20305FAA8526855A
:105BE000EF30000BAA84EF302042AA8AEF30804CBD
:105BF000AA852685EF30C009AA8963512015981A15
:105C00009307F4FFB3C7E720724783A407ECB3D62A
:105C1000E440B69AB396E600958C23A097EC9D4796
:105C2000B3872741B3D4F440635E9004850A81466C
:105C300001469305F00F1305001063C686126358E2
:105C400020018547630AF91489476303F9168947D8
:105C5000639AF40297B701009387078D8843CE8536
:105C600032D4EF30E0022256AA8909CECA8517B590
:105C700001000325658BEF00A060AA854E85EF30FB
:105C80002001AA89930500004E85EF20503B631246
:105C9000051C9307F4FF0147BE8663D577136300A5
:105CA000071836841C18B347F4209C43611963809D
:105CB000071ACA8517B5010003250587EF00405C68
:105CC0002A89A28917BC0100032C8C9263D6092073
:105CD0002289634109261C12975D0000938D8DE88F
:105CE00093090000814C330C2441334DF92005AC5D
:105CF00097B701009387C78F8C434E85FD1AEF201D
:105D0000D04CEF306030EF30E03A97B70100938726
:105D1000278C8C432AD4EF20504BAA854E85EF2048
:105D20003077EF30602E1C1288C0B3C6FA2022559F
:105D30008C429104EF20404FAA8995BD6319090058
:105D40009C1AB347F42083A4C7EB9D84F1BD97A7A9
:105D500001009387A77B8C438144EF203034E343D9
:105D600005F28944E1B583270D0001EE85C3B30731
:105D7000F5402320FD008506110D63DD8600832795
:105D80000D00B387F5402320FD0085478506110DE2
:105D90003E8665B5054665B5981A9307F4FFB3C707
:105DA000E72003A707EC1377F70723A0E7EC45B537
:105DB000981A9307F4FFB3C7E72003A707EC1377FC
:105DC000F703E5B7101833C6C7201042FD17518FEF
:105DD000E9B5850771171443EDDEB3099401930A01
:105DE000140018013E94B3C9E920E34654DB52473E
:105DF000825793942A00B3C7FA20BA978843EF30AA
:105E0000602B23A0A900CE8601479307000063DB27
:105E1000ED001812BA949CC0850A9109F9B712577F
:105E200085474DBF3ED6C2478C423AD43346F72011
:105E3000084236CCEF207039B257AA853E85EF2054
:105E4000A03E2257E246AA870507F116C9B77D147E
:105E500091BDB2474E85B38587411D2197AC0100A6
:105E600083AC0C77E685AA89EF205023634A0504AA
:105E700097A5010083A5C5774E85EF201035EF303B
:105E8000A018EF302023E2471818E68593870714FF
:105E9000338DE7002A8CEF205033AA854E85EF2002
:105EA000305FEF3060162320ADEC9C1A050462854C
:105EB000B349F420EF304015210923A0A9ECD5BB4C
:105EC000E24718184E8593870714338CE700EF30AC
:105ED000A0132320ACECF1BB1C12B3CCF9201C188E
:105EE000B3C7F9208843FD19EF30C01CCA85EF20E5
:105EF000D02D23A0AC00E2854A85EF20102D2A8901
:105F0000F1B383250D0003A50D00850C910DEF2045
:105F1000D02BAA854E85EF202031AA89110D63C4AC
:105F20009B01E3509CFF9C1A334CFC207D192320DD
:105F30003CF745B3894763C667056342600F1305A5
:105F4000000063070B088320C11A0324811A8324ED
:105F5000411A0329011A8329C119032A8119032B24
:105F60000119832BC118032C8118832C4118032D90
:105F70000118832DC11713F57A00832A41195D6139
:105F800082808D47E311FBFC9C093349F420A28BEE
:105F9000CA89F119634F7009228B854C711963C04E
:105FA0006C0D1305000005496341890E4E47DE471D
:105FB0006395040E2320EA002322FA002324AA007A
:105FC00059B79C09B347F4208C437D14EF20C025BA
:105FD000E35904FE99C01315F5692320AA00A5B75B
:105FE0009C09B347F9208C437D19EF20E023E35946
:105FF00009FEAA8799C09317F569AA854E45232003
:10600000FA001309010DEF20B04885491109635CBE
:10601000340199C01315F5692322AA002DB72289EE
:1060200013050000E9B7832509008509EF20C01F8B
:10603000F1BF83AC090003AC4900FD1B6685E28516
:10604000EF20801EAA852A8B6685EF207044E285AA
:10605000EF20801D23A2A90023A069011DBF032CEE
:106060000900832B49007D1B6285DE85EF20C01B64
:10607000AA85AA896285EF20B041DE85EF20C01A8B
:106080002322A9002320390111BF9C09B347F42022
:106090008C437D14EF20401901BF1317F7699397C4
:1060A000F7691315F5692320EA002322FA00232457
:1060B000AA0051BD011122CC4EC656C206CE26CA38
:1060C0004AC852C4B70700322A84AE89B28A13176D
:1060D000F5496375F700EF20307341C9A285228529
:1060E000EF20B00EAA84AA852285EF20100E97A576
:1060F000010083A5A5502A892685EF20100D97A5BC
:10610000010083A5E54FEF20B038A685EF20F00B06
:1061100097A5010083A5054FEF200011A685EF206C
:10612000D00A97A5010083A5254EEF207036A685DD
:10613000EF20B00997A5010083A5454DEF20C00EC3
:106140002A8A639E0A02AA852685EF20100897A551
:10615000010083A5E54BEF20B033CA85EF20F006A0
:10616000AA852285EF20400C2A84F24022856244D1
:10617000D2444249B249224A924A0561828097A597
:10618000010083A5A5384E85EF203004AA8AD28568
:106190004A85EF209003AA855685EF20702FA685AB
:1061A000EF20B002CE85EF20B02EAA8497A5010083
:1061B00083A505464A85EF205001AA852685EF2054
:1061C000A006AA852285EF20B02C79BF1315F549CA
:1061D0008280011126CA4AC81319F54993547901DE
:1061E00006CE22CC4EC6938414F8D947AA8563C83C
:1061F00097062A8463D8040297A5010083A58541E8
:10620000EF20800293050000EF204069635AA00050
:1062100063560406370480BF631409003704008006
:10622000A285A9A0B70980001389F9FF33599940C5
:10623000B377A90085CF97A5010083A5A53DEF10F1
:10624000B07E93050000EF206065E35BA0FC635522
:106250000400B3D999404E9433742441D1B7B707A1
:10626000807F6365F900EF10307CAA85F2406244BC
:10627000D2444249B2492E850561828001444DB71E
:10628000AA871317F54969CF411106C622C43706FC
:10629000807F6367C700AA85EF101079AA87ADA831
:1062A000B376C5002E84A1EA97A5010083A5C53663
:1062B000EF20A0715177130707CBAA876340E4084A
:1062C000135775411377F70F1D17B166938606357F
:1062D00063D5860217A501000325C53363D60700E1
:1062E00017A501000325C53397A5010083A58532B5
:1062F000EF20A06D65B75D83C9BFB30587001307A5
:10630000E00FE349B7FC635EB000B7078080FD177C
:10631000DE057D8DB3E7A500B24022443E854101F4
:106320008280295763D1E50217A501000325052FB7
:1063300063D6070017A501000325C52E97A5010008
:1063400083A5C52D75B737078080E5057D17939721
:106350007501798D97A5010083A5052D5D8D49BF38
:1063600082803288AA882E87CDEA63FFC50EC16776
:10637000636AF618B7070001B337F600B307F040B9
:10638000E19BE1073353F600975600009386868F12
:106390009A96942213030002B697B306F340630B58
:1063A000F3003397D500B357F5003318D6005D8F4F
:1063B000B318D500135608013355C702B346080871
:1063C00093D708013377C702B385A6024207D98F56
:1063D00063FAB700C2971307F5FF63E4070163E8A8
:1063E000B7303A858D8F33D7C702B3C80808B3F7E3
:1063F000C702B386E602C207B3E8F80063FBD80021
:10640000C2989307F7FF63E50801791763E3D800A3
:106410003E874205598D8145828063F5D5008145CF
:1064200001458280C16763E5F618B7070001B3B77D
:10643000F600B307F040E19BE10733D8F6001757A9
:1064400000001307278442971823930800023E9701
:106450003388E8406392E81863EDB6263335C5000B
:10646000134515008145828045C6C167637BF624CC
:1064700013370610134717000E07B356E600975759
:10648000000093872780B6979C2393060002BA9753
:10649000B38EF640639DF608B387C5408545935695
:1064A00006013346060833D5D70213D70801B3F7E0
:1064B000D7023303C502C207D98F63FA6700C297B8
:1064C0001307F5FF63E4070163E067223A85B387AA
:1064D000674033D7D702B3C80808B3F7D7023306EB
:1064E000C702C207B3E8F80063FBC800C29893076D
:1064F000F7FF63E50801791763E3C8003E874205AB
:10650000598D82809337061093C717008E079DBD63
:106510008146974700009387E776B6979C2301470B
:1065200093060002BA97B38EF640E387F6F6331867
:10653000D60133D3F50093560801335ED302B395E9
:10654000D501B357F500CD8F3346080813D707019F
:10655000B318D5013373D302B305C60342033367BF
:106560006700637BB70042971305FEFF636A071756
:106570006378B716791E42970D8F3355D702B3C78C
:1065800007083377D7023303A6024207D98F63FB8C
:106590006700C2971307F5FF63E0071563FE6712F4
:1065A0007915C29793150E01B3876740C98DE5BD74
:1065B00093B7061093C717008E0733D8F600174716
:1065C00000001307276C42971823930800023E9798
:1065D0003388E840E382E8E8335EE600B3960601DC
:1065E000336EDE00B3D8E500935E0E01B3D7D80357
:1065F000B39505013357E5004D8F33430E0893568D
:10660000070133160601B3F8D803B305F302C20835
:10661000B3E6160163FBB600F2969388F7FF63E3D7
:10662000C60D63F1B60CF917F2968D8EB3D5D6036D
:1066300033470708B3F6D603B308B302C206558F33
:10664000637B170172979386F5FF6369C7096377C8
:106650001709F9157297C207C16ECD8F9386FEFF99
:10666000B3F5D70013D30701F18E4182338ED502E3
:1066700033071741B306D30293580E01B385C50201
:10668000B695C6953303C30263F3D500769393D6CC
:1066900005019A966363D7026305D7003E8581455D
:1066A0008280C166FD1633F7D5004207337EDE00D7
:1066B000331505017297E373E5FE1385F7FF8145F6
:1066C0008280B70700016377F602935606014147BF
:1066D0007DB38145054582803A85E9B5B685A5BF7C
:1066E0002A8E59BDC68791B77915C297CDB3791552
:1066F000C297CDB993568601614751B3B7071000D1
:10670000FD17B3F8B70033F8D70013DE460193D76F
:1067100045018E081353D6011357D5010E0893F780
:10672000F77F137EFE7FFD81FD823367170133689B
:106730000301931E350013133600B388C7416388E5
:10674000D51663501011630B0E1E9306F07F638DF8
:10675000D7549306800305461318782963C7160398
:10676000FD4663CB164193060002B38616413316ED
:10677000D80033551301B316D300498EB336D00079
:10678000B3581801558E330717413386CE40B3B640
:10679000CE00158FB70680003375D700630505243A
:1067A000FD16758F630F072693160760E116130514
:1067B0000002B308D540B35816013317D700B3E829
:1067C000E8003316D60063C1F6329D8E8506158D1E
:1067D000B317A6003357D600B337F000D98F3395DF
:1067E000A8003366F50033D7D8008147937676004A
:1067F00081CE9376F60011456388A6009306460085
:1068000033B6C60032973686B7068000F98E6382AB
:10681000062685079306F07F638AD71A0D829318A0
:10682000D70113189700B3E8C8001358C80093F7AE
:10683000F77FD207B3E70701FE05CD8F4685BE85FA
:10684000828063800812B308FE40639B0730B36701
:10685000D701638407289387F8FF6382074E930567
:10686000F07F638CB84493058003054663C8F50246
:10687000BE88FD4763C6174793070002B3871741D9
:106880003316F700B3D51E01B397FE004D8EB33714
:10689000F000B35817015D8E330818413306C3402A
:1068A0003333C30033076840F287B685E5B56351DB
:1068B000101563110E10B366680063830622938679
:1068C000F8FF638A063A1306F07F6386C84813050B
:1068D000800305466349D502B688FD4663D016336A
:1068E000938608FE13060002B356D800638AC800D8
:1068F00013060004330616413316C8003363C30081
:1069000033366000558EB306D60133B5C6002A97DC
:106910003686B7068000F98EF9C685079306F07FA4
:106920006386D70A93561600058A1315F701D18E90
:10693000131777493366D50005834DBDB3666800EC
:106940006380061A9386F8FF638506341306F07F8A
:10695000638AC814130580030546E348D5E2B68868
:1069600001B59388170093F8E87F6394081C336E91
:10697000D701B36868006396072E63050E3A6386F5
:10698000083E33866E4033B5CE00330E0741330EDA
:10699000AE40370580003375AE00630E0542B30E7E
:1069A000D3413308E8403333D30176863307684058
:1069B000B6852DBD9306F07F6386D70E93068003C0
:1069C000054613187829E3DA16F135BF9307F07FEF
:1069D0000148D207B3E70701FE058148CD8F468500
:1069E000BE858280854713757600E31405E03DAAD5
:1069F00063800810B308FE406394071AB367D70199
:106A0000638F07369386F8FF638706269307F07F28
:106A1000638FF82A1306800385476342D61CB68825
:106A200059AA931806607D4593868801E351D5D80D
:106A3000E118B318160163CCF61A3386F6409306B4
:106A40001600635BD53A05169307000233D6C800DB
:106A5000638BF60093070004958FB398F800B33862
:106A6000100133661601137576008147E31305D8CC
:106A700075A8935636009318D7011306F07FB3E834
:106A8000D800135837006388C702320893F7F77F9E
:106A90001358C800D207B3E70701FE05CD8F46851E
:106AA000BE8582800E05935835009317D701B3E851
:106AB000F80013583700B3E80801E38908F093079A
:106AC000F07F370808008145D207B3E70701FE05CC
:106AD0008148CD8F4685BE8582809A8E4287B68555
:106AE00093D63E00C68741BF958F13977849FDB96D
:106AF0009388170093F6E87F63940612B366D70174
:106B00006394072063830628B366680063880628B9
:106B100076933A98B336D3013307D800370580000F
:106B2000798D1A8601C5854713177749B28EBE88BD
:106B300045BF33866E40B3B8CE00330507413305F9
:106B40001541B7088000B378150163910810B36848
:106B5000A6002A87E39808C4814581470148D1B936
:106B60009307F07F630BFE1493078003054613170A
:106B70007729E3D017D11DB3938608FE13060002D0
:106B8000B356D800638AC8001306000433061641C2
:106B90003316C8003363C30033366000558EF5B634
:106BA0009307F07F6305FE12930680038547131752
:106BB000772963C61603FD4763CB171F93060002B0
:106BC000B3861641B317D70033D61E01B396DE0045
:106BD000D18FB336D000B3581701D58F46983E9366
:106BE000B337F300338707011A86F2871DB3139872
:106BF0007849958FF6081358380041BD9306000276
:106C0000B38616413316D80033551301B316D3009B
:106C1000498EB336D000B3581801558E4697E5B16A
:106C20009307F07FE384F8DA33856E00B30707013A
:106C3000B336D501B69705811396F701498E1D89A4
:106C400013D71700C687E31605BACDB5B30ED341E7
:106C50003308E8403333D301768633076840B6857E
:106C600091B663110E12639E081681459307F07F5B
:106C7000370808007DBE76933A98B336D3013307C0
:106C8000D800B7078000F98F1A86E38D07D48947AB
:106C900051B933836E4033080741B3B66E001A868C
:106CA0003307D8408547FDB40E050D819318D701F1
:106CB000B368150113583700FDBB0E069317D801B2
:106CC0000D82B368F60013583800B685EDB30E0692
:106CD0009317D8010D82B368F60013583800E1BB52
:106CE000938708FE13060002B357F700638AC800B3
:106CF00013060004330616413317C700B3EEEE0047
:106D00003336D0015D8E59BEF9D233636800E31883
:106D100003DA0E050D819317D701B368F5001358F8
:106D2000370051BBE38A08E2131736009318D801E5
:106D30000D83B3E8E80013583800B685B9B3B30E35
:106D4000D3413308E8403333D301768633076840B4
:106D5000B685854781B4931735009318D7018D8385
:106D6000B3E8F80013583700B9B3931635009318F9
:106D7000D7018D82B3E8D8001358370039B39A8E03
:106D80004287B9BBE38708F81DBB0E061317D8016D
:106D90000D82B368E60013583800C5B90E050D81A1
:106DA0009316D701B368D50013583700F9B9938605
:106DB00008FE93070002B356D700638AF8009307D2
:106DC0000004B3871741B317F700B3EEFE00B337E3
:106DD000D001D58F29B5B368C6017287E39808D46E
:106DE000A5BB931736009318D8018D83B3E8F8003C
:106DF00013583800B685C1B113050002158D8147BF
:106E0000F1BA411113D745019397C50022C626C494
:106E10001377F77FB183FD81630207101308F07FBA
:106E2000630C07139358D5018E07B3E7F800131EC0
:106E300035000143130517C0014F9398772993D765
:106E400046011397C60093F7F77F3183FD82D9CBB4
:106E50001308F07F638D070713183700938717C057
:106E60001357D60133670701931E36001D8D814FDE
:106E7000131777293D4633C8D500636E661617464B
:106E800000001306A6D1B347C3209C43B297828764
:106E90009D8E13068003635BD63E81478146014683
:106EA0003244D207D58F7E08B3E70701A24432856A
:106EB000BE85410182809307F07F81460146CDB7B0
:106EC00001489307F07FB70608000146D1BFB36EB3
:106ED000C7001305158063960E1013632300014746
:106EE000894F49BFB36EC70063880E0E630D073428
:106EF00093170760938F57FF7548938E87FF33086A
:106F0000F8413317D701335806013367E800B31E41
:106F1000D601AA971385373F814FA9BFB3E8A700D1
:106F20006386080C6382073013980760130758FFC5
:106F3000F548130E88FFB388E840B397C701B358EC
:106F40001501B3E8F800331EC5011307D0C033059F
:106F500007410143014FE5B5B3E8A7006397080671
:106F6000014E21431305F07F094FD1BD7E8F894724
:106F70006309FF3C8D47E305FFF485473688E30E40
:106F8000FFF09307F53F6358F02093F67E0063907F
:106F9000063AB7060001F98E89C693070540131714
:106FA00087499306E07FE3C8F6F093DE3E001316B0
:106FB000D701931697003366D601B18293F7F77F16
:106FC000C5B5AE864687F28E5DB72A8EBE88314340
:106FD0001305F07F0D4FA5B5136313000147854FCF
:106FE00051BD13633300B28E8D4F69B5014E11430D
:106FF0000145054FA9B5636F1721638BE820728F98
:107000007D15C687014E9316870093D8060133D7A6
:10701000170313D68E01558E93958E0033430608C1
:1070200093560F01B3F71703B30EE302C207D58FD0
:1070300063F8D701B2979306F7FF63F4C724368746
:10704000B387D741B3DE1703B3460F08B3F717036F
:107050003304D303C207DD8E63F88600B2969387AC
:10706000FEFF63FBC620BE8E4207C1643367D701B3
:10707000138FF4FFB37EE7019352070193DF0501FD
:1070800033FFE501B303DF03818EB38EDF0393D7B4
:1070900003013384E203A29EF697B382F20363F303
:1070A0008700A69241647D1493DE0701E18FC20739
:1070B000B3F38300969E9E9763EAD6136386D61336
:1070C000B307FE40B386D641333EFE00B386C641C9
:1070D0006301D624B3DE160313DE0701B3F61603ED
:1070E000B302D303C206B366DE0063FB5600B2965A
:1070F000138EFEFF63E5C62463F35624F91EB29691
:10710000B386564033DE1603B3C70708B3F616033B
:107110003303C303C206D58F63FB6700B2979306A0
:10712000FEFF63ECC72063FA6720791EB297C20E98
:10713000B3EECE0193D20E01B3C60E08338EE20336
:10714000B3876740B388DF02338FE603F298935624
:107150000F01C696B38F5F0263F4C601C168C69F74
:1071600041637D1393D80601B3F66600C206337FF0
:107170006F00FE98FA9663F6170FB297138EFEFF14
:107180003E8363E6C71663E4171D638D171DF28EF9
:1071900093EE1E00FDB38546E39C07CE1305E54143
:1071A000B397AE00B337F0003315A700C98FB3DE35
:1071B000DE00B3EEFE0093F77E003357D70081CF99
:1071C00093F7FE0091466388D70093874E00B3BEC5
:1071D000D7017697BE8EB7058000F98D8547814629
:1071E0000146E39F05CAD5A8E37CFEECB302BE00CE
:1071F000B3B3C201338EC300F2961304F7FF168EA9
:107200006376D60663EFD60F638BDE0E22874DBD05
:10721000E367DEDF93561E00139FF80193D7180033
:10722000336FDF007E0EC5B393180560714313877B
:10723000580113880802E35DE3CE938788FFB318F3
:10724000F500014E19B313180660F14E930F580163
:1072500093070802E3D2FECB6118814E3317060173
:107260004DB9E39717F3E38E06D001BFE310D6FACA
:10727000E38A03F82287A9B5E3F786DEF91EB29602
:10728000E5B3E3FED7DB7917B2975DBB7D46E357E5
:10729000D6F00556B307F64013060002B357F700C1
:1072A0006388C6001305E5433317A700B3EEEE006D
:1072B000B33ED001B3EEFE0013F77E00814615C346
:1072C00093F7FE00914601476389D70093874E00EC
:1072D000B3BED7013337D001BE8E93169700B1826B
:1072E000760793DE3E0033E6EE00814755BEF28E10
:1072F000E31013EBE387B6C893EE1E0059B1E3F732
:10730000F2F0AE92B3B3B200B2937917168E9E9696
:1073100045BB930620C09307F53FFD5EE34DD5E6E0
:1073200093864E00B3BED6017697B68E9DB193F686
:10733000FE001146E38FC6C4E5B7368ECDBBF28E94
:10734000C1B336889307F07F8146014691BE139EF4
:1073500015003333BE0032933E93F91EF285E30BE2
:1073600013F93DB5E3E5D5FEF28EE397B6F811B912
:1073700013D84501B7071000FD1793D846011378BD
:10738000F87F130EF07F33F3B7002A87AA8EFD81B2
:10739000328FF58F93F8F87F13D5F601630CC8038D
:1073A000638DC801631508043367E300639E080218
:1073B0005D8E25C235EB1DC582805D8E25E6631688
:1073C00008003363E300E30803FE639BA50099C94B
:1073D0002E8582803363E30063160304638E080303
:1073E0000545F9D97D5582806DF379F5E5BFE389CF
:1073F00008FEE397A5FEE3C508FFE34A18FDE3E1B5
:1074000067FEE316F3FCE36DDFFD0145E3E1EEFD0E
:107410008280014571F78280D18F89E7E392A5FCD4
:107420000145828079558280E38BA5FC55BF13D836
:107430004501B7071000FD1793D846011378F87F70
:107440001303F07F33FEB7002A87AA8EFD81328FA7
:10745000F58F93F8F87F13D5F601630D6802638DFD
:107460006800631308043367EE00639308065D8EBB
:107470003DC22DEB11CD82805D8E0DE663160800B6
:10748000336EEE00E3080EFE6381A5040545E5D5E5
:107490007D558280336EEE0063160E00E39808FF80
:1074A000D18F8DCF09458280E38208FEE390A5FE4F
:1074B000E3CE08FD634B1801E3EAC7FD6317FE0046
:1074C000E366DFFD0145E3F8EEFBF9D12E8582800E
:1074D00045FF55F175BF014555FB8280E398A5FA3C
:1074E00001458280E38AA5FC55B7411193D7450138
:1074F000939EC50022C626C44AC24EC093F7F77FAA
:1075000093DECE00FD81638907141307F07F638249
:10751000E7188E0E1357D501B36ED70193123500BD
:10752000138E17C081488144939E7E2993D74601CC
:107530001397C60093F7F77F32841353C70093D392
:10754000F601F9CB1305F07F6386A7061317330006
:107550001355D601498F938617C0338FC601131375
:1075600077292947131436000145130E1F0063467F
:10757000171733C87500C28F894563CF1505138669
:10758000F8FF854863EBC818630FB51085477E8800
:107590006316F5068147814601473244D207D58FED
:1075A0007E08B3E70701A244124982493A85BE85A5
:1075B000410182803366C300130FFE7F6301061012
:1075C00033C875009316B02893E838002947C28F56
:1075D000369E634417410D45331610291377065321
:1075E00005C389476381F40C8D476381F4122685B6
:1075F0008547768316847E88E30EF5F8728FBDACDE
:1076000093750624DDE513768608630806109E8FC1
:107610009A8EA282AA84F1B73367C30061CF630F49
:107620000330131F036013075FFF754593078FFF38
:10763000198D3355A6003317F3003363E500331477
:10764000F600330FEE41130FDFC029470145130E3B
:107650001F00E35017F351A0B3E2AE0063870208A6
:1076600063800E2C13980E60930758FF75479302A2
:1076700088FF1D8FB39E5E003357E500B36ED701C0
:10768000B3125500130ED0C0330E0E418148814411
:1076900071BDB3E2AE0063940204814EA148130EA3
:1076A000F07F894461B57E889307F07F814601476A
:1076B000EDB501489307F07FB7060800F9BD131731
:1076C000B02893E82800A9473A9E63DC17290144B3
:1076D000B94709452D476380E730AE8F19B7AA82B5
:1076E000B148130EF07F8D4491B5814E9148014E03
:1076F00085442DBD728F93E818002947014301444A
:107700000545130E1F00E35617E7C1BF0148930755
:10771000F07FB7060800014749B5C1659384F5FFBE
:10772000B3F7920013D9020193580401E18C338717
:1077300097023306990213550701B386F802B296F1
:107740003695B30F19036373C500AE9F41641306EA
:10775000F4FFB375C500B376C300718F9353030173
:10776000C205B382D702BA9541813307D90213D635
:107770000201B387F302BA973E96B30779026373A7
:10778000E600A297C1691383F9FF3377660013D42B
:107790000E01B3F26200B3FE6E0042071697338902
:1077A000D40341823E963A95B382D8039357090198
:1077B000330394029A929697B388880263F3670022
:1077C000CE98C1691383F9FFB3F46700C204337321
:1077D0006900C183C697B382D603B3886400B30639
:1077E000D40213D30201B38ED303B69E9A9E338381
:1077F000830263F3DE004E93C163FD13B3F67E0094
:10780000C206B3F272007E95969636963337E5003F
:107810003297AA98BA9733B5A8003E95B336D600EA
:107820003336C700D18E33B7E70013D60E01B33716
:10783000F500B2965D8F36971A97939798002607B2
:1078400093567501CD8F3363D700B337F00013D74C
:107850007801D98F3707000126053377E30033E439
:10786000A70009CF13571400937714009316F30160
:10787000D98F33E4D70013531300728F1306FF3FE1
:107880006358C0049377740081CF9377F400114755
:107890006388E70013074400B33787003E933A84B8
:1078A000B7070001B377F30089C713060F4013131E
:1078B00083499307E07F63C1C70A935734001317C6
:1078C000D301931693005D8FB1829377F67FF1B168
:1078D000054759EE130FEF413316E4013336C0006C
:1078E000331FE301B357E4003366E6015D8E9377FF
:1078F0007600B355E30081CF9377F6001147638894
:10790000E7009307460033B6C700B2953E863705B9
:1079100080006D8D854781460147E31005C85DA055
:1079200013170560F1489307570113080702E3DFB7
:10793000F8D261178142B31EE500A9B39317066020
:10794000F14613875701138F0702E3D0E6CEE11704
:1079500001443313F600F5B19307F07F81460147E8
:107960002DB933C87500C28F01430144094529B1BF
:10797000118F93078003E3CFE7C0FD47E3DCE7F413
:107980008557918F93060002B357F3006308D70021
:10799000130FEF43331FE3013364E40133368000F8
:1079A0005D8E1377760081461DC39377F6001147ED
:1079B00081456389E7009307460033B6C700B335B6
:1079C000C0003E86939695001397D501B1820D8233
:1079D000518F8147D9B632831DB93D476397E8007F
:1079E0000148B706080001474DBE1A86AD470D4550
:1079F000D5B1B7071000FD1733FEB70033F8D70035
:107A000013D3460193D745010E0E1357D5010E0827
:107A10009358D6011373F37F930EF07F3367C7013A
:107A200093F7F77FFD81131F3500FD82B3E808014E
:107A3000131E3600630BD31913C81600B3866740B4
:107A400063800511635CD0546309031C6380D755C0
:107A5000130580030546939878296346D5027D4631
:107A6000634BD63C13050002158D3396A80033589E
:107A7000DE003315AE00336606013335A000B3D601
:107A8000D800498E158F3306CF40333FCF003307E0
:107A9000E741B70680003375D700630E0522FD1657
:107AA000758F630507281315076061151308000219
:107AB000B306A840B356D6003317A700D98E3316A5
:107AC000A6006340F5301D8D05053308A840B317A7
:107AD00006013357A600B337F000D98F339806015B
:107AE0003366F80033D7A60081479376760081CEBF
:107AF0009376F60011456388A6009306460033B6D8
:107B0000C60032973686B7068000F98E6387062650
:107B100085079306F07F6382D71A0D829316D701EB
:107B200093189700D18E93D8C80093F7F77F858973
:107B3000D207B3E71701FE05CD8F3685BE8582805B
:107B40006359D05A6311031633E6C801630706264A
:107B50001386F6FF630A063E6387D64793068003C3
:107B6000054563C9C602B2867D46635CD63413867A
:107B700006FE1305000233D6C800638AA60013056B
:107B80000004B306D540B396D800336EDE0033351B
:107B9000C001518D3306E5013335A6002A97B7069B
:107BA0008000F98E6389061285079306F07F63864D
:107BB000D71093561600058A1315F701D18E1317A7
:107BC00077493366D50005830DB733E8C801938E36
:107BD00017806315080613C81600638405076381C0
:107BE0000E106384071C0E069397D8010D82B366AE
:107BF000F60093D83800C285B3E61601DDCE9307B0
:107C0000F07FB70808008145D207B3E71701FE05EA
:107C10008146CD8F3685BE85828033E6C801630EEE
:107C200006181388F6FF63080834638DD63393066D
:107C300080030546E3C906E5C28615B53688E3909C
:107C4000D5FA63840E18639507269306F07FB36711
:107C5000E7016386073E1385F6FF6307052E93074A
:107C6000F07F6387F62493068003854763C5A602E9
:107C7000FD4763CFA74093060002898EB317D70054
:107C80003356AF00B316DF00D18FB336D000335573
:107C9000A700D58FAA983E9EB337FE003387170101
:107CA00072869A87EDBD638FD72B13068003054537
:107CB00093987829E35AD6EAF1BD9307F07F81487B
:107CC0008589D207B3E71701FE058146CD8F36853A
:107CD000BE858280854793767600E39B06E025A2E9
:107CE0009386170093F6E67F63920612B3E6C80107
:107CF0003363E70163900724630E03306388063221
:107D00003306CF41B336CF0033051741158DB70683
:107D10008000E98E638A063A3306EE41B388E84074
:107D2000333ECE003387C841C285C1B39316066087
:107D30007D4813858601E35BA8D6E116B316D6000D
:107D40006343F51A3306F54013051600635DA83842
:107D500005169307000233D6C600630AF5009307A1
:107D60000004898FB396F600B336D000558E937613
:107D700076008147E39E06D679A00D829316D7013F
:107D80001305F07FD18E93583700E387A7E6B2083A
:107D900093F7F77F93D8C8008589D207B3E7170117
:107DA000FE05CD8F3685BE8582809306F07FB36752
:107DB000E701D5E74687728FC28513563F00B68725
:107DC00075BF898F139776490DB313881700937683
:107DD000E87F63910612B366E7016391071E638E25
:107DE0000626B3E6C801638306287A9E3336EE0181
:107DF000BA983387C800B7068000F98E728681C6AC
:107E0000854713177749328FBE8645BF3306CF416A
:107E1000B336CF0033051741158DB7068000E98EC4
:107E200063900610B366A6002A87E39C06C68145C8
:107E300081478148F5B9138506FE1306000233D544
:107E4000A800638AC60013060004B306D640B396A2
:107E5000D800336EDE003336C001498E2DB1138554
:107E6000F6FF630E05189307F07F6389F6209307EA
:107E70008003C28563C2A714FD4763CFA71493078D
:107E80000002898F3316F700B356AF00B317FF0017
:107E9000558EB337F0003355A7005D8EB388A840E8
:107EA0003306CE40333ECE003387C8419A87D5B6DD
:107EB0000E069397D8010D82B366F60093D838006A
:107EC00025BB13060002158E3395C8003358DE001B
:107ED0003316CE00336505013336C000B3D6D80063
:107EE000518D369745B993987649898FF60693D880
:107EF000380071BD9307F07FE301F8DCB306CF01D2
:107F000033B6E601B3071701B29785821396F701DE
:107F1000558E9D8A13D71700C287E39B06BCE5B533
:107F20003306EE41B388E840333ECE003387C84184
:107F3000C28585BE63180310639E061881459307AA
:107F4000F07FB7080800EDB67A9EBA98333FEE018D
:107F50003387E801B7078000F98F7286E38C07D674
:107F6000894781B90E05935635009317D701DD8EE9
:107F70009358370051B1330ECF41B3081741333F07
:107F8000CF0172863387E841854721B60E059316E7
:107F9000D7010D81C98E93583700B9B9E38206D451
:107FA0003305F340AA86E38407E093078003C28584
:107FB00013177729E3D2A7EC0546DDB5EDCE33EEF6
:107FC000C801E31E0EC20E050D819317D701B366DB
:107FD000F500935837000DB1930705FE9306000294
:107FE000B357F7006309D50093060004898E331751
:107FF000D700336FEF003336E0015D8E55B53306A1
:10800000EE41B388E840333ECE003387C841C28595
:10801000854741B4E38D06E00E069396D8011357C9
:108020003600D98E93D83800C28595B30E059316C5
:10803000D70113563500D18E9358370089BB468738
:10804000728FA5BBE39D06BA0E059316D701935711
:108050003500DD8E9358370045B60E061397D801CC
:108060000D82B366E60093D8380015B30E050D8176
:108070009316D701C98E9358370011BB0E069396FD
:10808000D80193573600DD8E93D83800C285ADB63F
:10809000930605FE93070002B356D7006309F50067
:1080A00093070004898FB317F700336FFF00B337CE
:1080B000E001D58FCDB60E069396D80193573600C2
:1080C000DD8E93D838000DBEB366A6002A87E39CE8
:1080D00006D2B1BB0E069396D8010D82D18E93D8ED
:1080E0003800C28511BE130800023308A84081473A
:1080F000EDB2E38C06CC3305F34099E3AA8681BE4A
:1081000093068003854713177729E3D3A6B661B694
:1081100093D745011397C50093F7F77F1306E03F08
:10812000AA863183FD8101456353F60091C18280A7
:108130001306E0417D55E34CF6FE130630431D8ED9
:10814000FD451317472963CAC5009387D7BE331768
:10815000F70033D5C600598D8280130530411D8D3F
:108160003355A700828021C13307A0409307E04127
:108170003367E50AA94613160760918F7D8193F74F
:10818000F77F63CDC602AD46918EB356D700B206D7
:10819000B182D2075506D58F7E05C98F3317C70028
:1081A0003A85BE858280814781460145D207D58FB9
:1081B0007E05C98F01473A85BE8582805516B31664
:1081C000C700B206B182D207D58F7E05C98F01479D
:1081D0003A85BE8582800DC99307E041131705607B
:1081E000A946998F93F7F77F63C6E602AD46998E4D
:1081F000B356D5005507B2063315E500D20713D79D
:10820000C600D98FBE85828081470147D207D98FAA
:10821000BE85828055173317E50032073183D207B8
:10822000D98F0145BE858280370780007D17935620
:10823000750113D67501B377A70013F3F60F6D8F91
:108240001358F5011376F60FFD81C2888E070E07CD
:10825000B306C3406301B804635FD00021EE630A34
:1082600007101386F6FF630C062A9305F00F638D43
:10827000B616B286B1A0D5CAB3066640631C031C0D
:10828000FDC71385F6FF6307052C1308F00F638BFA
:108290000615AA86F1A2635BD0145DCE1306F00F1B
:1082A0006304C3141317A7296D46635AD61E8507A6
:1082B0009A8681A01306F00F6308C3121317A7292B
:1082C000ED45054663CDD50013060002158E331625
:1082D000C700B356D7003337C00033E6E600918FAE
:1082E00037070004B3F6E700DDEE13F777009A8650
:1082F00049C313F7F70011466303C7009107370717
:1083000000047D8F3DC7138516001307F00FC28848
:108310006302E508139767001375F50F25835E0563
:10832000598D9397F8015D8D8280130613001376A3
:10833000E60F631B06146314030A638907206302B4
:1083400007103385E74037060004698E630606226E
:10835000B307F7402E8841A009CF1386F6FF6308C4
:10836000061A9305F00F6381B608B28635BF2E88D2
:10837000BA871307F00F8D836397E60CDDC31305EF
:10838000F00F8148370740005E05598D9397F8013B
:108390005D8D82801305F00F01475E05598D93971F
:1083A000F8015D8D82807D1733F6E7009317066034
:1083B000ED173316F60063C16706B386674085067E
:1083C00093070002958FB317F600B337F0003356CA
:1083D000D600D18F814613F7770001FF0DB7639563
:1083E000071451DF2E88BA878D8349BFA1C2B30617
:1083F00066406316030EADDF9385F6FF63890510B3
:108400001305F00FE381A6FEAE86ED4563D2D512CB
:1084100093071700B286F1BDB306F3409317A64940
:108420005DBFC2881305F00F0147D5BD9306130049
:1084300013F6E60F45EE6317030E6382071263120D
:1084400007128D838146A60713D7970013F5F60F01
:10845000C288F1B51305F00FE306A6F89397A72994
:108460006D480545634DD80013050002158D339501
:10847000A700B3D6D700B337A00033E5F600B307A3
:10848000A74032832E88A9BD3386E740B706000493
:10849000F18EB5EA01FE81480145014749B5130651
:1084A0000002158E3316C7003357D700B336C0000D
:1084B000558FBA97370700047D8FE30807E29306CC
:1084C00013001305F00F0147E38BA6E43706007E87
:1084D00013D717007D16858B718FD98FEDBD93054E
:1084E000F00FE302B6F09397A72905B71306F00F34
:1084F000E382C6EA3E979357170013F67700E31A14
:1085000006DE8D8389B73306F7402E8845B5BA97C6
:10851000370700047D8F894605434DFBF9B3998FDA
:1085200005437DBBE38107ECE31B07E48D83B9B50D
:1085300093050002958DB395B700B3D6D700B33736
:10854000B000DD8EB387E6003283ADB729D72E8821
:10855000BA87C5BDB307F7402E88054351B3BA8724
:10856000CDB5BA97370600047D8E814659DA9397C8
:10857000A74985468D83C1BDAA8711DD8D83E1B5ED
:10858000935775019318950093F7F70F93D89800B8
:108590007D81F1CB1307F00F638DE70C8E081386F6
:1085A00017F80147014E9398A82993D77501939620
:1085B000950093F7F70FA582FD81C9C71308F00F47
:1085C0006380070D8E06938717F8814E9396A62930
:1085D0003D433348B5001D8E6366E31A1723000040
:1085E0001303C35F334767201C439A97828793071F
:1085F000F00F014713957701598D7E08336505010A
:1086000082808D476304FE028547631BFE0E2A8825
:108610008147014713957701598D7E083365050120
:1086200082808D472E85B688639CFE0C9307F00FE1
:1086300037074000139577010148598D7E0833654F
:1086400005018280C1EA13671700B5473348B500BA
:10865000E3EFE7F8972600009386465C3347D72080
:108660001C43B6978287639A080411470146054E5A
:108670002DBF639F080221471306F00F094E35B73F
:1086800095E2136727007517AD463348B500E3E15F
:10869000E6F8972600009386E65B3347D720184319
:1086A00036970287136737009307F00F8D4E0DB78B
:1086B00031471306F00F0D4ECDBD13970860930799
:1086C000B7FFB398F8009307A0F83386E740014E50
:1086D0000147E1BD139806609307B8FFB396F60013
:1086E0009307A0F8B3870741814EDDB5130616F056
:1086F0008947E318FEF02A889307F00F0147DDBD94
:108700002A889307F607635EF00213F7780019C70B
:1087100013F7F80091466303D70091083707000864
:1087200033F7E80009C7930706089398B849130779
:10873000E00FE34EF7EA13976800258393F7F70FEE
:1087400055BD854699C79D8EED4581470147E3C3D9
:10875000D5EA1307E6093397E8003337E000B3D7CB
:10876000D800D98F13F7770019C713F7F700914690
:108770006303D7009107370700047D8F55CB8547EA
:1087800001478DBD4167139356007D179355030133
:108790003377E30063F8D806B3D6B802C6877D16F0
:1087A00081483385E602B3F7B702C207B3E7170182
:1087B00063F8A7009A979388F6FF63F66706C68664
:1087C000898F33D5B702B3F7B7023307E502C20783
:1087D00063F2E702B3856700B3B8F500130EF5FF47
:1087E000AE876398080063F6E5007915B3876500E6
:1087F00011A07285C206998FC98EB337F000B3E815
:10880000F60001B793D71800B3D6B702FE0893D885
:1088100008013385E60241BF2E852A88D5BB014871
:1088200037074000C1BBE3FCA7F8F9169A9749BF88
:108830009A0713D79700814775BB2E856DBD935658
:108840007501370780007D1713D6750193F6F60F73
:108850001308F00FB378A7009357F5016D8F1376C7
:10886000F60FFD81054563820603630706016394E5
:10887000C6006384E800828082800145E38DB7FEF4
:108880000545F5FA333510018280E316D6FEB3E8CC
:10889000E800E39208FE33C5B700828013567501E5
:1088A000370780007D1793D675011376F60F1308EE
:1088B000F00FB378A7009357F5016D8F13F5F60FFE
:1088C000FD8163050603630A050105EA09E939C369
:1088D000639E0804A1C92E85828039E719E2E38BE3
:1088E00008FE6399B7009DCF3E858280639E080293
:1088F0006305C50205459DE782806DDDE39CB7FEFB
:10890000E34AC5FEE341A6FEE36617FF0145E3EC3B
:10891000E8FC8280E39008FE828019E7E39CB7FCC4
:10892000014582807D55828079558280E38EB7FC37
:10893000D1B713567501370780007D1793D675019F
:108940001376F60F1308F00FB378A7009357F501CD
:108950006D8F13F5F60FFD8163060603630A0501AB
:1089600005EE11E929CB639F0804B9C92E858280E1
:10897000094501EB19E2E38A08FE638BB70205455E
:10898000A1E38280639C0802E31BC5FE094575FBD9
:10899000E397B7FE014582807DD1E392B7FEE340C5
:1089A000C5FE6347A600E36C17FD0145E3FBE8FC49
:1089B00081CB3E858280E39408FC828009458280D9
:1089C0007D558280E381B7FE5DBF93577501131714
:1089D000950093F7F70F935897007D8163850710F3
:1089E0001307F00F6387E7108E08938617F8014787
:1089F000814E9398A82993D775011398950093F702
:108A0000F70F13589800FD81F9C31306F00F638820
:108A1000C704938717F8338ED7000E08A94701467D
:108A200093061E001318A82963C3E7103343B5004B
:108A300009451A8F6344E5047D17854563EEE51209
:108A40006300A60C85477A83631BF60481470146C1
:108A500013957701518D9317F3015D8D8280138EED
:108A6000F60F630A080A3343B50013673700294637
:108A70001A8F938606106344E6200D463317E028CC
:108A80001375075319CD8947638CFE068D476384A0
:108A9000FE027686854746887A83E309F6FA368EA3
:108AA000A9A29377072481EB1377870871C72E8FCC
:108AB000C288B28EC9BF9307F00F0143370640004A
:108AC00013957701518D9317F3015D8D82806314A7
:108AD0000808368E13671700A947054693061E003F
:108AE000E3D6E7F4A9A0639B080411478146854EAD
:108AF00019B76390080421479306F00F894EE5BD2E
:108B00009307F00F7A83014613957701518D9317E0
:108B1000F3015D8D828013672700A94793860610B5
:108B200039430946E3D4E7F0AD47E302F3F82A8F6F
:108B300099BF31479306F00F8D4E75BD13970860AE
:108B40009307B7FFB398F8009307A0F8B386E74000
:108B5000814E01474DB5931708601386B7FFB38761
:108B6000F640138EA7F8A9473318C80093061E00D5
:108B70000146E3DDE7EA65BFC16E9387FEFF93D54B
:108B8000080113550801B3F8F800B377F8003386ED
:108B90001703B387F50213570601B3081503BE98F0
:108BA0004697B385A5026373F700F69541657D1579
:108BB000B377A700698EC207B29713966700135860
:108BC0000701E9833337C0002E98D98F1A0833681C
:108BD000F800B7070008B377F80081CB9357180067
:108BE0001378180033E80701368E9307FE07635E9B
:108BF000F0021377780019C71377F80091466303E2
:108C0000D7001108370700083377E80009C7930732
:108C10000E081318B8491307E00F6349F704131639
:108C20006800258293F7F70F25B5054799C71D8F73
:108C3000ED4681470146E3CDE6E0130EEE09331E13
:108C4000C801B357E8003337C001D98F13F7770055
:108C500019C713F7F70091466303D7009107370749
:108C600000047D8F01CB85470146DDB39307F00FEC
:108C70000146F9BB9A0713D697008147D1BB3D4EF9
:108C8000014337064000E305C7DD2D430D4669BDAE
:108C9000B7078000FD1713D6750133F7A700935669
:108CA00075019358F501ED8F1376F60F1308F00F49
:108CB00013F5F60F46830E07FD8193963700630286
:108CC000060593C51500B307C540638FB800635808
:108CD000F03035E6638C06141386F7FF6302062A2C
:108CE000638E0703B28785A06356F0306DCA6307B1
:108CF00005039396A6296D466350F6140507AA87C7
:108D0000ADA8930715F0CDE693C515006382B80EA4
:108D1000638E071863070510AE8836870D8313F33B
:108D200018001305F00F3DCF1305F00F014337076F
:108D300040005E05598D9317F3015D8D8280E30F2E
:108D400005FD9396A629ED45054663CDF50013066E
:108D500000021D8E3396C600B3D6F600B337C000AE
:108D600033E6F600118FB7070004B376F70063937C
:108D7000061093767700AA87D5CA9376F700114636
:108D80006383C6001107B7060004F98EC5C28507C4
:108D90009306F00F13F318006385D70C1A0713F529
:108DA000F70F25835E05598D9317F3015D8D828042
:108DB000E390B8F6B1C36313051C9307F00F35C7F2
:108DC0009385F7FF638805121305F00F6388A71AD0
:108DD000ED4763DDB71A13871600B28779BFB9C6AE
:108DE0001386F7FF63080610E38A07F3B28721B7FB
:108DF00081C761D501471DB79307150013F6E70F2B
:108E000063180614631B05166309071A6399061A8B
:108E10000D8381472607258313F5F70F13F31800F9
:108E200051B79307F00F65EBAE8836879306F00FC6
:108E30000D83E386D7EEF9BF130600021D8E33962D
:108E4000C6003336C000B3D6F600D18E3697B707CA
:108E50000004F98F99DF930715009306F00F6393D1
:108E6000D70A1305F00F01475E05598D9317F301DB
:108E70005D8D8280FD173376F70093170660ED173E
:108E80003316F60063C8A704898F8507130700020D
:108E90001D8F3317E6003337E0003356F600518F4D
:108EA000814793767700E39A06ECF1BD93071500AE
:108EB00093F7E70F8DE755E96DCFB9DAB307D740E0
:108EC000370600047D8E630706103387E64081472E
:108ED000AE88C1BFB307F5401317A649D9B733060B
:108EE000D740B7070004F18FC9E741FA01430145B4
:108EF00001474DBD3697B7060004F98E89470545F1
:108F0000E38906E63706007E935617007D16058B2B
:108F1000F18E558F79B71388F7FF6307080813059B
:108F2000F00FAE88638CA704ED45854763CE05013D
:108F300093070002B3870741B317F70033580701BF
:108F4000B337F000B367F8003387F640328521BDB0
:108F50001306F00FE387C7F0BA9613D716001376FF
:108F60007700E31C06E00D8375B511EFE38E06DA9A
:108F700065B33386E640AE8809B711E7368779BB1B
:108F8000158F0545CDB3E38B06D879BB9307000257
:108F90008D8FB317F700B355B700B337F000DD8DF1
:108FA0003387D500328565B53387E640AE88054501
:108FB0005DBB8DDEAE883687A1BD368791BD369705
:108FC00037060004798E814759DE1317A749854774
:108FD0000D8389B581DF3E870D83814725BDE387FA
:108FE00007EC3308A640C287E30F05E2AE881317EB
:108FF000A7291DBFE38207E0B305A64019E1AE87AC
:109000007DBB1317A729E9B3135775019317950073
:109010001377F70F1306E00793D697009357F501E0
:10902000635BE6001306D0096359E600370500804C
:109030007D153E95828001458280130650099396E6
:109040007629634DE600130660093307E640B3D680
:10905000E6003305D040EDF3368582801307A7F68E
:10906000B396E600FDB71357750193179500137774
:10907000F70F1306E00793D697009357F5010145C4
:109080006353E60091C382809307E0097D55E3CCEA
:10909000E7FE13065009939776296357E6001307F6
:1090A000A7F63395E700828013056009198D33D543
:1090B000A70082801DCDB306A0409307E009B366E8
:1090C000D50A13066009939506608D8F1357F50135
:1090D0006349F6022146638AC508E115B396B600D6
:1090E00013F5F70FA606A5825E05558D7E07598DEF
:1090F00082800147014581465E05558D7E07598D69
:109100008280130690096346F60415461385B5FF61
:109110006384C500B396A60013F576001396A6499E
:1091200019CDBD8A1145638CA6001106B70600044F
:10913000F18E91C69307F0098D8F1316A6499316E9
:10914000660013F5F70FA5825E05558D7E07598DD4
:1091500082801386B50115453396C6000D8DB3D6B2
:10916000A6003336C000D18E45BFA606A5821305E2
:10917000600959B71DC59307E009931605601307E9
:109180006009958F6344F70221476383E608E1167F
:109190003317D500260713F5F70F25835E05598D84
:1091A0008280014501475E05598D82801307900931
:1091B0006344F70415471386B6FF6384E60033154E
:1091C000C500137675001317A54905C23D891146E0
:1091D000630DC500110737060004798E19C6130503
:1091E000F009B307D5401317A74913F5F70F1A076E
:1091F00025835E05598D82801387B6011546331786
:10920000E500158E3337E0003355C500598D55BF45
:109210002605135795001305600971B793D74501CB
:1092200093F7F77F9396C50013861700A58213570F
:10923000D5011376E67FFD81D98E1318350005C25E
:10924000138607C81307E00F6354C7049307F00F92
:109250000147DE0733E5E700FE054D8D828033E7E9
:10926000060189EB01482DCB26081357980093F788
:10927000F70FC5B79307F00F69DF9307F00F3707B4
:109280004000DE07814533E5E700FE054D8D828015
:10929000635CC004131765003337E0008E06135873
:1092A000D801558F3367070193777700E9CB937720
:1092B000F70091466385D70C1107B7070004F98FB3
:1092C000DDC79307160093F7F70F0147DE0733E575
:1092D000E700FE054D8D828081470147DE0733E5BB
:1092E000E700FE054D8D82802557E347E6FE794570
:1092F000118D7D47939676296350A7047957118F76
:109300001306000233D7E6006308C500938727CA17
:10931000B396F6003368D800333800013368E800AC
:1093200093777800A9CB9377F8001147639EE70203
:109330001358380081470DBF938727C83317F800AB
:10934000B396F6003337E0003358A800558F3367E3
:10935000E800937777000146B9FBB7078000FD1757
:109360000D837D8F8147F5B51307480001461358DB
:109370003700B287D5BD1A0813579800D9BD1A0710
:1093800025839377F60FF1B55D7122D406D62A8432
:109390002EDA32DC36DEBAC0BEC2C2C4C6C603A5EF
:1093A000418211C51C4D81E72AC6D52032450C45A6
:1093B0005418228636CE0529B2502254616182802B
:1093C000411122C406C62A844EA572A52320050099
:1093D0002322050023240500232205062328050057
:1093E000232A0500232C0500214681451305C505C8
:1093F000EF70CFB4970700009387876D5CD0970715
:1094000000009387A76F1CD49707000093876773AA
:109410005CD4970700009387A775B24000D01CD892
:1094200022444101828097150000938505A849A236
:10943000411126C2930780069384F5FFB384F4029A
:109440004AC02E8922C406C6938544071D242A8457
:1094500001CD2320050023222501310508C41386F0
:1094600084068145EF708FADB2402285224492443C
:109470000249410182801385C1A345A21385C1A37E
:1094800071AA138501A451AA138501A441AA41110F
:1094900022C406C62A84EFF0DFFE1C4C91C722448A
:1094A000B24041016FF05FFE970700009387E7F736
:1094B0001CD423240404232604042328040483A79F
:1094C000C1966394870085471CCC2285152848C027
:1094D00022853D2008C42285252048C448400146F5
:1094E0009145EFF0FFED08440546A545EFF05FED2F
:1094F00048440946C945EFF0BFEC85471CCC45B749
:10950000411126C24AC006C622C42A89EFF0BFF61E
:1095100083A4C1969C4C81E72685EFF05FF7938486
:1095200084048044DC40FD1763D607009C40A5C737
:109530008440C5BF0317C40021EFC17785075CC411
:109540001305840523220406C128EFF03FF32146CA
:1095500023200400232404002322040023280400E1
:10956000232A0400232C040081451305C405EF7051
:10957000EF9C232A0402232C040223240404232620
:109580000404B2402285224492440249410182806F
:109590001304840649BF91454A85EFF07FE988C0EE
:1095A0002A8459F5EFF09FEDB1472320F900D1BF90
:1095B000797122D44AD04ECE52CC5AC85EC606D655
:1095C00026D256CA2A892E8A130485048149054B5E
:1095D000FD5B0444832A4400FD1A63D00A02004064
:1095E0006DF8B250225492540259624AD24A424B08
:1095F000B24B4E85F24945618280DE24637BFB00DD
:109600008397E40063877701A6854A85029AB3E9C8
:10961000A90093848406C9B7828082808280411128
:109620004AC0138941A48327090022C426C206C662
:10963000AA842E8489E78145B5212320A900A2852B
:1096400026858D217D59631A25017D54B2402285DE
:1096500022449244024941018280130435007198EA
:10966000E30685FEB305A44026852D29E31025FFDA
:10967000E9BF011126CA93843500F1984AC8A104B4
:10968000B14706CE22CC4EC62A89B3F4F40A63C48D
:10969000040063FDB400B1472320F9000145F24006
:1096A0006244D2444249B24905618280EF00901B76
:1096B000938981A483A709003E8421E8A6854A8571
:1096C000EFF0FFF5FD572A846319F50A03A409009A
:1096D000A287D1EB8329040081454A85A299D92626
:1096E0006396A9081C408D044A859D8CF198B1476A
:1096F000A104B3F4F40AA685EFF07FF2FD576307E7
:10970000F5061C40A6971CC015A01440858E63C9A1
:1097100006042D47637ED70204C033079400639785
:10972000870223A0E9005C4014C35CC34A85EF00B4
:10973000F0131305B4009307440061993307F54013
:10974000E30FF5F43A94898F1CC091BFD8C3E1BFF1
:1097500058406395870023A0E900C9BFD8C3F9B773
:10976000A287404099BF3E84DC43A5B7B147232080
:10977000F9004A85EF00900F15B704C145BF1C469C
:10978000FD171CC663D90700184E63C5E700A9473B
:109790006393F500F9AE1C422E851387170018C29B
:1097A0008CA38280011122CC26CA4AC84EC652C45C
:1097B00006CE2A89AE893284B304D6007D5A63145A
:1097C0009400014509A80C204E864A85EFF03FFB26
:1097D0000504E31645FFF2406244D2444249B249CF
:1097E000224A05618280357122CD26CB4AC94EC7F7
:1097F00006CF52C556C35AC1DEDEE2DCAA892E84EA
:109800003289B68409C51C4D99E3EFF05FC89717FC
:1098100000009387275B6317F40403A449007C507E
:10982000858B81EB5E2493F7072081E7284CEFF0CE
:10983000DFDE5E24A18B99C31C48B9EFA2854E855B
:10984000312939C97C50858BA1C37D55FA406A44C2
:10985000DA444A49BA492A4A9A4A0A4BF65B665C94
:109860000D618280971700009387C7536315F4003A
:1098700003A489006DB7971700009387A750E310E2
:10988000F4FA03A4C90061BF5E2493F70720D5FF53
:10989000284CEFF0BFD855BF93070002A304F10294
:1098A0009307000302D22305F10226C6930B500250
:1098B000971A0000938A0A53294BCA849C2099C3A3
:1098C000639B7709338C2441638E2401E2864A86A8
:1098D000A2854E85EFF01FEDFD576309F5189257ED
:1098E000E2973ED29C2063830718FD57138914002A
:1098F00002C802CE3ECA02CCA309010482D4834529
:10990000090015465685EF006074C247930419009C
:1099100029E513F7070109C713070002A309E104AA
:1099200013F7870009C71307B002A309E1048346B0
:1099300009001307A0026389E602F247CA84814640
:109940002546982093851400130707FD6372E606E9
:1099500085C63ECE15A0850495B733055541B3970E
:10996000A72826893EC861BF32479306470018439F
:1099700036C6634807023ACE98209307E002631C7C
:10998000F70498309307A002631AF702B2478904DC
:10999000138747009C433AC67D57B3E7E70A3ECAA0
:1099A0001DA83307E04093E727003ACE3EC8E9B749
:1099B000B3876703AE848546BA9761B7850402CA48
:1099C000814681472546982093851400130707FD9B
:1099D0006374E606E9F68C200D46171500001305A2
:1099E000E540EF00A06611CD971700009387074070
:1099F0001D8DC247130700043317A700D98F8504B4
:109A00003EC88C201946171500001305653E1389C2
:109A100014002304B102EF00606335C9930700000E
:109A200095E74247B2471377071009CF91073EC623
:109A30009257D2973ED251B5B3876703AE8485461D
:109A4000BA9751B79D07E19BA107D5B77800970654
:109A50000000938666D522860C084E85970000008C
:109A6000E7000000FD572A8AE314F5FC7C50858B43
:109A700081EB5E2493F7072081E7284CEFF01FBAB3
:109A80005E2493F70704E39207DC1255C1B3780014
:109A900097060000938646D122860C084E85EF007B
:109AA0002078C9B7411122C42A842E8523A601A497
:109AB00006C6EFB09FAAFD576316F50083A7C1A4A1
:109AC00091C31CC0B240224441018280411122C492
:109AD0002E848395E50006C6EF00501C63490500FF
:109AE0007C48AA977CC8B2402244410182805E240F
:109AF0009397C7485EA4C5BFDE25011122CC26CAB4
:109B00004AC84EC606CE93F70710AA842E8432891F
:109B1000B68991C78395E5008946014621295E24CF
:109B20008315E400F2409397C7485EA46244CE8652
:109B30004A86B24942492685D2440561D5A84111D9
:109B400022C42E848395E50006C6ED267D575E244B
:109B50006319E5009397C7485EA4B24022444101CF
:109B600082809397C72868C85EA4C5BF8395E50027
:109B7000F1AA011122CC26CA4AC806CE4EC6AA8432
:109B80002E89328409C51C4D99E3EFF05F90971739
:109B90000000938727236317F402C0401C4C1CC4A9
:109BA0005E24A18B99C31C4895EFA28526857D2054
:109BB00015C97D59F2406244D244B2494A854249AE
:109BC00005618280971700009387C71D6314F40016
:109BD0008044E9B7971700009387C71AE310F4FC95
:109BE000C0446DBF1C4808409379F90F1379F90FF1
:109BF0001D8D5C486346F500A28526856D2455F9C8
:109C00001C440505FD171CC41C401387170018C011
:109C1000238037015C486388A7005E24858BD9DBED
:109C2000A947E319F9F8A2852685B52C41D551B786
:109C3000411122C42A842E85B285368623A601A42A
:109C400006C6EFB0FF8BFD576316F50083A7C1A4CE
:109C500091C31CC0B240224441018280411122C400
:109C600026C24AC006C683A441822A892E8491C492
:109C70009C4C81E72685EFF09F8197170000938722
:109C800067146313F402C0408317C40013F78700FE
:109C900025E713F707010DEB25472320E90093E79C
:109CA00007045EA47D5571A0971700009387870F66
:109CB0006314F4008044C9BF971700009387870C92
:109CC000E314F4FCC044C9B7918B9DC34C5889C9B7
:109CD000930744046384F5004A85692E232A04020D
:109CE0005E242322040093F7B7FD5EA41C481CC029
:109CF0005E2493E787005EA41C4899EB5E2413075B
:109D0000002093F707286385E700A2854A8565242C
:109D10008317C40013F717001DC3584823240400F9
:109D20003307E04018CC1848014501E713F707084E
:109D30003DF7B2402244924402494101828013F728
:109D40002700814611E3544814C4F1BF411122C4D5
:109D50002A842E8523A601A406C6EF00A07BFD570A
:109D60006316F50083A7C1A491C31CC0B24022446E
:109D7000410182808397C500011122CC26CA06CEFC
:109D80004AC84EC613F78700AA842E8479E3D841C7
:109D90006345E000B8416356E008585459C303A92D
:109DA000040023A004000C5093D7C748A9CB7048E7
:109DB0005E24918B99C75C401D8E5C5899C33C40D2
:109DC0001D8E5C540C50814626858297FD57630C8E
:109DD000F5041C480567232204001CC05E24F98F8B
:109DE00091C368C84C5823A0240185CD930744042F
:109DF0006384F5002685BD2C232A04021DA001469C
:109E0000854626850297FD572A86E313F5FA9C407E
:109E1000C5D375476385E70059476395E70623A0D7
:109E200024010145B5A098408317C40001CFF54631
:109E30006305D700D9466319D7041C4823220400C0
:109E40001CC04DB718482322040093D7C74818C038
:109E500041BF83A90501E38609FC03A905008D8B99
:109E600023A0350133093941014791E3D84918C48A
:109E7000E35920FB1C540C50CA864E8626858297D7
:109E8000634FA0008317C40093E707045EA47D55C9
:109E9000F2406244D2444249B24905618280AA99A3
:109EA0003309A940F1B79C49411106C622C426C214
:109EB00081EB8144B2402244268592444101828054
:109EC000AA842E8409C51C4D99E3EFF04FDC971747
:109ED0000000938727EF631FF402C0408317C4007C
:109EE000E9DB7850058B19E793F7072081E7284CC9
:109EF000EFF0AFF22685A285EFF0DFE77C50AA8471
:109F0000858BCDFB5E2493F70720CDF7284CEFF02F
:109F1000EFF04DB7971700009387C7E86314F4007C
:109F200080446DBF971700009387C7E5E318F4FAE4
:109F3000C0446DB7411122C42A842E85B28536866D
:109F400023A601A406C6CD2BFD576316F50083A7F3
:109F5000C1A491C31CC0B240224441018280597106
:109F6000A2D42E848395E500A6D2CAD086D6B28428
:109F7000368963D205025E2493F707088DEB130739
:109F80000040B65026542320F90098C00659965434
:109F900001456561828030003D23E34E05FC324778
:109FA000BD67F98F7977BA9793B71700C9BF814713
:109FB00013070004F9B7DE25797122D406D626D21C
:109FC0004AD04ECE898B2E8491CF930774041CC047
:109FD0001CC885475CC8B250225492540259F249B9
:109FE0004561828074003000AA84EFF05FF7A249D7
:109FF0002A892685CE85EFF0CFE719E98317C400BB
:10A0000013F7072069FBF19B93E727005EA475BF58
:10A0100097F7FFFF938767419CD45E2408C008C868
:10A0200093E707085EA4B247232A340199CB83152E
:10A03000E40026856D2911C55E24F19B93E7170086
:10A040005EA45E2433E527014AA471B793F5F50FAA
:10A050002A966314C500014582801C21E38EB7FE59
:10A060000505C5BF138581A36FF02FDB138581A381
:10A070006FF0CFDAC5C183A7C5FF011122CC06CE90
:10A080001384C5FF63D307003E942AC6EFF09FFDFB
:10A09000138781A41C43324589EB2322040000C3AB
:10A0A0006244F24005616FF07FFC637DF400104074
:10A0B000B306C4006396D7009443DC43B29614C041
:10A0C0005CC0F1BF3E87DC4399C3E37DF4FE1443DB
:10A0D0003306D700631F86001040B29614C33306C0
:10A0E000D700E39FC7FA9043DC43B29614C35CC326
:10A0F00045BF6375C400B1471CC15DB71040B306CE
:10A10000C4006396D7009443DC43B29614C05CC08D
:10A1100040C379B78280797156CA9C49BA8A9845FA
:10A1200022D44AD04ECE52CC06D626D25AC85EC6CB
:10A13000B3E7E70A1CC203C73504AA892E84328913
:10A14000368A19C385071CC21C4093F7070291C7C2
:10A150008327090089072320F9000440998891E8A2
:10A16000130B9401FD5B5C4403270900998F63CCBA
:10A17000F40483473404B336F0001C4093F707021D
:10A18000A5EB13063404D2854E85829AFD576303EE
:10A19000F5041C4011478144998B6399E70083279C
:10A1A000090044449D8C8147B3E4F40A1C441848D8
:10A1B0006354F700998FBE94014969047D5B6398ED
:10A1C0002405014509A885465A86D2854E85829A7E
:10A1D000631E75017D55B250225492540259F249C2
:10A1E000624AD24A424BB24B456182808504A5BF88
:10A1F0003307D40013060003A301C7040347540424
:10A2000093871600A2978906A381E7049DBF854620
:10A210002286D2854E85829AE30E65FB050945B7F5
:10A22000797122D44AD04ECE52CC06D626D256CA06
:10A230005AC803C88501930780072A892E84B289EA
:10A24000368A63E20703930720069386350463E1A9
:10A250000703630C081C93078005171600001306FC
:10A26000A6B96308F814930424042301040515A86F
:10A270009307D8F993F7F70F5546E366F6FE1716DE
:10A2800000001306E6B9B3C7C7209C43B297828784
:10A290001C4393842504938647009C4314C3238165
:10A2A000F504854775A290411C43137506089385F4
:10A2B000470029C19C430CC3584063DF0712930534
:10A2C000D002A301B40418C4635E0702B307F040D0
:10A2D00017160000130646B22948B68433F7070361
:10A2E000FD143297182398A03E87B3D70703E3776E
:10A2F00007FF85A09C43137506040CC355DD939797
:10A3000057605DBF6D9A10C0D1B790411C43137563
:10A3100006089385470001C50CC39C4331A0137602
:10A3200006040CC37DDA9E231307F00617160000FF
:10A33000130686AC6310E80C2148A30104045840BE
:10A3400018C4E34C07F80C40ED990CC0D9F7B6845B
:10A3500049F7A147631EF8001C40858B91CB5840FC
:10A360001C4863C7E70093070003A38FF4FEFD14A6
:10A37000858E14C85287CE867000A2854A85EFF07C
:10A380009FD9FD5A631A550D7D55B25022549254EF
:10A390000259F249624AD24A424B456182809C414D
:10A3A00093E707029CC113088007171600001306E5
:10A3B000E6A5A30204050C401C4313F80508138509
:10A3C00047006305080008C39C4339A013F805043F
:10A3D00008C3E30B08FE9E2313F7150001C793E59E
:10A3E00005020CC099C3414889BF18401377F7FD97
:10A3F00018C0D5BF294891B7171600001306C69F8D
:10A40000294835BF90411C43CC4913780608138571
:10A4100047006306080008C39C438CC339A008C3E7
:10A42000137606049C4375DA8EA323280400B684B1
:10A4300091B71C43D04181459386470014C38443A0
:10A440002685EFF0BFC001C5B30795405CC05C40F6
:10A450001CC8A301040439BF14482686CE854A854A
:10A46000029AE30355F31C40898B85E74844B247C1
:10A470003365F50A19BF85465686CE854A85029A08
:10A48000E30465F185045C443247998FE3C5F4FE2B
:10A49000F1BF8144930A94017D5BF5B7411122C459
:10A4A0002A842E85B285368623A601A406C659289D
:10A4B000FD576316F50083A7C1A491C31CC0B24029
:10A4C000224441018280411122C42A842E85B28512
:10A4D00023A601A406C6A920FD576316F50083A78D
:10A4E000C1A491C31CC0B2402244410182804111E9
:10A4F00022C42A842E8523A601A406C60528FD575A
:10A500006316F50083A7C1A491C31CC0B2402244C6
:10A51000410182809307800523A6F1A47D558280A6
:10A520009307800523A6F1A47D55828093078005BB
:10A5300023A6F1A4014582809307800523A6F1A4F8
:10A540007D5582809307800523A6F1A47D558280E6
:10A55000B8060A20B8060A2010070A2022070A2097
:10A5600050070A2074070A2074070A205E070A2091
:10A57000B8060A2020080A2090080A2008090A20A4
:10A580002E090A203A080A2020080A203A080A2040
:10A590005A090A2020080A204D3A257520257520E1
:10A5A0002575202575202064503A252B642064529F
:10A5B0003A252B6420205B25755D207468723D254B
:10A5C00075207263683D2575207467743D25750D8F
:10A5D0000A00000073656E736F7200002E2E2F74D8
:10A5E00061736B732F5372632F696E697469616C49
:10A5F0005F7461736B2E63006465636973696F6E6A
:10A6000000000000636F6E74726F6C00636F6D6D9D
:10A61000616E6465720000006C6F676765720000B0
:10A62000696D75207561727420696E6974206F6B35
:10A630003A20626175642025752C206F75747075E1
:10A640007420257520487A0D0A000000756E6B6E27
:10A650006F776E00696D7520696E6974206174741E
:10A66000656D70742025752F2575206661696C6590
:10A67000643A2025730D0A0068230A20E0210A208D
:10A6800072230A2094230A20A0230A206F6B000063
:10A6900076657273696F6E207265616400000000F8
:10A6A000616C676F20636F6E666967006932632053
:10A6B00073656E736F72732064697361626C656435
:10A6C00000000000ACA50A20B0A50A20C0A50A2001
:10A6D000CCA50A20302E312E300000004348333202
:10A6E0004834313720466C69676874436F6E747202
:10A6F0006F6C00000D0A25732025730D0A00000001
:10A70000582D51756164202F20454D4158204D54DE
:10A710003232313700000000436F7265436C6B3A90
:10A72000256C7520487A2C204169726672616D65CE
:10A730003A25730D0A0000004D6F746F7273206C20
:10A740006F636B65642061742025752075732C2000
:10A7500050574D20257520487A0D0A002E2E2F4681
:10A7600072656552544F532F706F727461626C65DD
:10A770002F4D656D4D616E672F686561705F342E7A
:10A78000630000002E2E2F4672656552544F532FE2
:10A79000706F727461626C652F4743432F52495347
:10A7A000432D562F706F72742E6300002E2E2F468D
:10A7B00072656552544F532F7461736B732E63002F
:10A7C00049444C4500000000000FC93F000F4940BC
:10A7D00000CB9640000FC9400053FB4000CB164110
:10A7E00000ED2F41000F49410031624100537B4190
:10A7F000003A8A4100CB9641005CA34100EDAF4195
:10A80000007EBC41000FC94100A0D5410031E241AA
:10A8100000C2EE410053FB4100F20342003A0A42FB
:10A820000083104200CB164200141D42005C2342FC
:10A8300000A5294200ED2F4200363642007E3C4200
:10A8400000C74242000F4942A2000000F900000088
:10A85000830000006E0000004E0000004400000075
:10A860001500000029000000FC0000002700000087
:10A8700057000000D1000000F50000003400000087
:10A88000DD000000C0000000DB00000062000000EE
:10A8900095000000990000003C000000430000000B
:10A8A0009000000041000000FE0000005100000088
:10A8B00063000000AB000000DE000000BB000000F1
:10A8C000C500000061000000B70000002400000087
:10A8D0006E0000003A000000420000004D00000041
:10A8E000D2000000E0000000060000004900000067
:10A8F0002E000000EA00000009000000D100000066
:10A90000920000001C000000FE0000001D0000007E
:10A91000EB0000001C000000B10000002900000056
:10A92000A70000003E000000E800000082000000D8
:10A9300035000000F50000002E000000BB00000004
:10A940004400000084000000E90000009C000000BA
:10A950007000000026000000B40000005F0000004E
:10A960007E0000004100000039000000910000005E
:10A97000D6000000390000008300000053000000F2
:10A9800039000000F40000009C000000840000007A
:10A990005F0000008B000000BD000000F900000017
:10A9A000280000003B0000001F000000F80000002D
:10A9B00097000000FF000000DE000000050000001E
:10A9C000980000000F000000EF0000002F000000C2
:10A9D000110000008B0000005A0000000A00000077
:10A9E0006D0000001F0000006D0000003600000038
:10A9F0007E000000CF00000027000000CB00000018
:10AA000009000000B70000004F00000046000000F1
:10AA10003F000000660000009E0000005F00000094
:10AA2000EA0000002D000000750000002700000073
:10AA3000BA000000C7000000EB000000E5000000C5
:10AA4000F10000007B0000003D0000000700000056
:10AA500039000000F70000008A00000052000000EA
:10AA600092000000EA0000006B000000FB00000004
:10AA70005F000000B10000001F0000008D0000001A
:10AA80005D00000008000000560000000300000008
:10AA90003000000046000000FC0000007B000000C9
:10AAA0006B000000AB000000F0000000CF000000D1
:10AAB000BC000000200000009A000000F40000002C
:10AAC000360000001D000000A9000000E3000000A7
:10AAD00091000000610000005E000000E600000040
:10AAE0001B00000008000000650000009900000045
:10AAF000850000005F00000014000000A0000000BE
:10AB000068000000400000008D000000FF00000011
:10AB1000D8000000800000004D000000730000001D
:10AB200027000000310000000600000006000000C1
:10AB30001500000056000000CA000000730000006D
:10AB4000A8000000C900000060000000E200000052
:10AB50007B000000C00000008C0000006B000000C3
:10AB60000000C93F0000F0390000DA370000A233CE
:10AB70000000842E0000502B0000C2270000D022CD
:10AB80000000C41F0000C61B0000441704000000A2
:10AB900007000000090000005EC4FFFF1EC3FFFFA6
:10ABA00002C3FFFFD4C3FFFF02C3FFFF28C3FFFFA1
:10ABB00002C3FFFFD4C3FFFF1EC3FFFF1EC3FFFF7F
:10ABC00028C3FFFFD4C3FFFF2AC4FFFF2AC4FFFF2F
:10ABD0002AC4FFFF28C3FFFFACDBFFFF16DAFFFF2D
:10ABE00038DAFFFF4ADAFFFF38DAFFFF54DAFFFFF7
:10ABF00038DAFFFF4ADAFFFF16DAFFFF16DAFFFF47
:10AC000054DAFFFF4ADAFFFF18DBFFFF18DBFFFF14
:10AC100018DBFFFF54DAFFFFD6D9FFFFD6D9FFFFBD
:10AC2000F8D9FFFF00DCFFFFF8D9FFFF14DAFFFFC0
:10AC3000F8D9FFFF00DCFFFFD6D9FFFFD6D9FFFF11
:10AC400014DAFFFF00DCFFFFD8DAFFFFD8DAFFFFDE
:10AC5000EADBFFFFC0D9FFFFCEDBFFFFC0D9FFFF5C
:10AC6000EADBFFFF9ED9FFFF9ED9FFFFCEDBFFFF90
:10AC7000EADBFFFF9CDAFFFF9CDAFFFF9CDAFFFFB5
:10AC80000001020203030303040404040404040493
:10AC90000505050505050505050505050505050564
:10ACA0000606060606060606060606060606060644
:10ACB0000606060606060606060606060606060634
:10ACC0000707070707070707070707070707070714
:10ACD0000707070707070707070707070707070704
:10ACE00007070707070707070707070707070707F4
:10ACF00007070707070707070707070707070707E4
:10AD000008080808080808080808080808080808C3
:10AD100008080808080808080808080808080808B3
:10AD200008080808080808080808080808080808A3
:10AD30000808080808080808080808080808080893
:10AD40000808080808080808080808080808080883
:10AD50000808080808080808080808080808080873
:10AD60000808080808080808080808080808080863
:10AD70000808080808080808080808080808080853
:10AD800000000000000000000000000000000000C3
:10AD900000000000000000000000000000000000B3
:10ADA00000000000000000000000000000000000A3
:10ADB0000000000000000000000000000000000093
:10ADC0000000000000000000000000000000000083
:10ADD0000000000000000000000000000000000073
:10ADE000232D302B20000000686C4C006566674501
:10ADF0004647000030313233343536373839414236
:10AE00004344454600000000303132333435363794
:10AE100038396162636465660000000074F4FFFF06
:10AE20008AF4FFFF4AF4FFFF4AF4FFFF4AF4FFFFF2
:10AE30004AF4FFFF8AF4FFFF4AF4FFFF4AF4FFFFE2
:10AE40004AF4FFFF4AF4FFFFE8F5FFFFEEF4FFFFCF
:10AE500082F5FFFF4AF4FFFF4AF4FFFF16F6FFFFFB
:10AE60004AF4FFFFEEF4FFFF4AF4FFFF4AF4FFFF4E
:04AE70008AF5FFFF61
:10AE740097610B209381C1D617510F2013014118FC
:10AE8400B726024098428D47D98F9CC21305800093
:10AE940097550B209385C53617560B201306C643CA
:10AEA40063FAC5008322050023A05500110591050E
:10AEB400E3EAC5FE98C297500B20E7806034000097
:10AEC400191C1E202326282D32383C40464C505A4B
:10AED4000000000000000000010203040607080946
:10AEE400040607081109130A150B170C190D0E0F88
:10AEF400101112131416181A1C1E20222426283B83
:10AF0400191C1E202326282D32383C40464C505A0A
:10AF14000000000000000000010203040607080905
:10AF2400040607081109130A150B170C190D0E0F47
:10AF3400101112131416181A1C1E20222426283B42
:10AF440000000000E0AC0A20C0AC0A20A0AC0A203B
:10AF540000000000000000000000000000000000ED
:10AF640000000000000000000000000000000000DD
:10AF740000000000000000000000000000000000CD
:10AF840000000000000000000000000000000000BD
:10AF940000000000000000000000000000000000AD
:10AFA4000000003F00010202020406080000000045
:10AFB4000102030400010202AAAAAAAA0E000000C8
:10AFC40058970D2080030C209A9999999999B93F23
:10AFD4000000000000002440000000000000594070
:10AFE4000000000000004E400000003F3333B33E39
:10AFF400CDCCCC3D0AD7A33D9A99193E6F12833B21
:10B00400000080BF0000803F0000FA43000000C041
:10B01400000000400000C843C2B8B23E0000F04245
:10B024000AD7A33C0000A0C00000A040CDCC4C3DFA
:10B034003333333F00007A440000F0C26F12033B05
:10B04400CDCC4C3F0000B4420000B4C29A99993E62
:10B054009A9999BECDCC4C3E000034C300003443D1
:10B06400333333BF6666663F0000B4430E2DB23DF2
:10B074000AD7A33BA69BC43A6F12833A9AB2033F02
:10B084000000C84180E6C5470001003AF4017A3D5A
:10B09400800FC93F434435370044353708A3852E14
:10B0A40084F9223F00A3852E32318D240000804391
:10B0B4000000903E4ED747ADF6740F317CF29334C6
:10B0C400010DD037610BB63AABAA2A3D0000803B94
:10B0D4000000003E00000041D3C92E2F342FD73288
:10B0E4001BEF3836010D50398988083CABAA2A3E3B
:10B0F400CAF249710000004C6042A20DCAF249F143
:10B104006042A28D000000330000102080030C2058
:00000001FF
