
FlightControl_V5F.elf:     file format elf32-littleriscv
FlightControl_V5F.elf
architecture: riscv:rv32, flags 0x00000112:
EXEC_P, HAS_SYMS, D_PAGED
start address 0x00000000

Program Header:
0x70000003 off    0x0005b68d vaddr 0x00000000 paddr 0x00000000 align 2**0
         filesz 0x00000056 memsz 0x00000000 flags r--
    LOAD off    0x00001000 vaddr 0x00000000 paddr 0x00000000 align 2**12
         filesz 0x00000008 memsz 0x00000008 flags r-x
    LOAD off    0x00001200 vaddr 0x200c0200 paddr 0x00000008 align 2**12
         filesz 0x000000d8 memsz 0x000000d8 flags r-x
    LOAD off    0x00002000 vaddr 0x200a0000 paddr 0x000000e0 align 2**12
         filesz 0x0000ad94 memsz 0x0000ad94 flags r-x
    LOAD off    0x0000ce74 vaddr 0x0000ae74 paddr 0x0000ae74 align 2**12
         filesz 0x00000050 memsz 0x00000050 flags r-x
    LOAD off    0x0000d300 vaddr 0x200c0300 paddr 0x0000aec4 align 2**12
         filesz 0x00000250 memsz 0x00019458 flags rw-
    LOAD off    0x00000000 vaddr 0x200ff000 paddr 0x200ff000 align 2**12
         filesz 0x00000000 memsz 0x00001000 flags rw-

Sections:
Idx Name          Size      VMA       LMA       File off  Algn
  0 .init         00000008  00000000  00000000  00001000  2**2
                  CONTENTS, ALLOC, LOAD, READONLY, CODE
  1 .loadcodelalign 00000000  00000008  00000008  0000d550  2**0
                  CONTENTS
  2 .loadcode     000000d8  200c0200  00000008  00001200  2**1
                  CONTENTS, ALLOC, LOAD, READONLY, CODE
  3 .highcodelalign 00000000  000000e0  000000e0  0000d550  2**0
                  CONTENTS
  4 .highcode     0000ad94  200a0000  000000e0  00002000  2**8
                  CONTENTS, ALLOC, LOAD, READONLY, CODE
  5 .text         00000050  0000ae74  0000ae74  0000ce74  2**1
                  CONTENTS, ALLOC, LOAD, READONLY, CODE
  6 .shared       00000000  20178000  20178000  0000d550  2**0
                  CONTENTS
  7 .highcodelalign1 00000000  0000aec4  0000aec4  0000d550  2**0
                  CONTENTS
  8 .fini         00000000  200aad94  200aad94  0000d550  2**0
                  CONTENTS, ALLOC, LOAD, CODE
  9 .dtors        00000000  200aad94  200aad94  0000d550  2**0
                  CONTENTS
 10 .dalign       00000000  200c0300  200c0300  0000d550  2**0
                  CONTENTS
 11 .dlalign      00000000  0000aec4  0000aec4  0000d550  2**0
                  CONTENTS
 12 .data         00000250  200c0300  0000aec4  0000d300  2**3
                  CONTENTS, ALLOC, LOAD, DATA
 13 .bss          00019208  200c0550  0000b114  0000d550  2**3
                  ALLOC
 14 .stack        00001000  200ff000  200ff000  0000e000  2**0
                  ALLOC
 15 .debug_info   0001b807  00000000  00000000  0000d550  2**0
                  CONTENTS, READONLY, DEBUGGING, OCTETS
 16 .debug_abbrev 000053ec  00000000  00000000  00028d57  2**0
                  CONTENTS, READONLY, DEBUGGING, OCTETS
 17 .debug_loclists 000084cf  00000000  00000000  0002e143  2**0
                  CONTENTS, READONLY, DEBUGGING, OCTETS
 18 .debug_aranges 00001168  00000000  00000000  00036618  2**3
                  CONTENTS, READONLY, DEBUGGING, OCTETS
 19 .debug_rnglists 00001f4d  00000000  00000000  00037780  2**0
                  CONTENTS, READONLY, DEBUGGING, OCTETS
 20 .debug_line   0001aa79  00000000  00000000  000396cd  2**0
                  CONTENTS, READONLY, DEBUGGING, OCTETS
 21 .debug_str    0000686f  00000000  00000000  00054146  2**0
                  CONTENTS, READONLY, DEBUGGING, OCTETS
 22 .debug_line_str 00000c73  00000000  00000000  0005a9b5  2**0
                  CONTENTS, READONLY, DEBUGGING, OCTETS
 23 .comment      00000065  00000000  00000000  0005b628  2**0
                  CONTENTS, READONLY
 24 .riscv.attributes 00000056  00000000  00000000  0005b68d  2**0
                  CONTENTS, READONLY
 25 .debug_frame  00002a40  00000000  00000000  0005b6e4  2**2
                  CONTENTS, READONLY, DEBUGGING, OCTETS
SYMBOL TABLE:
00000000 l    d  .init	00000000 .init
00000008 l    d  .loadcodelalign	00000000 .loadcodelalign
200c0200 l    d  .loadcode	00000000 .loadcode
000000e0 l    d  .highcodelalign	00000000 .highcodelalign
200a0000 l    d  .highcode	00000000 .highcode
0000ae74 l    d  .text	00000000 .text
20178000 l    d  .shared	00000000 .shared
0000aec4 l    d  .highcodelalign1	00000000 .highcodelalign1
200aad94 l    d  .fini	00000000 .fini
200aad94 l    d  .dtors	00000000 .dtors
200c0300 l    d  .dalign	00000000 .dalign
0000aec4 l    d  .dlalign	00000000 .dlalign
200c0300 l    d  .data	00000000 .data
200c0550 l    d  .bss	00000000 .bss
200ff000 l    d  .stack	00000000 .stack
00000000 l    d  .debug_info	00000000 .debug_info
00000000 l    d  .debug_abbrev	00000000 .debug_abbrev
00000000 l    d  .debug_loclists	00000000 .debug_loclists
00000000 l    d  .debug_aranges	00000000 .debug_aranges
00000000 l    d  .debug_rnglists	00000000 .debug_rnglists
00000000 l    d  .debug_line	00000000 .debug_line
00000000 l    d  .debug_str	00000000 .debug_str
00000000 l    d  .debug_line_str	00000000 .debug_line_str
00000000 l    d  .comment	00000000 .comment
00000000 l    d  .riscv.attributes	00000000 .riscv.attributes
00000000 l    d  .debug_frame	00000000 .debug_frame
00000000 l    df *ABS*	00000000 startup_ch32h417_v5f.o
200a0000 l       .highcode	00000000 _vector_base
200c0200 l       .loadcode	00000000 _load_base
00000000 l    df *ABS*	00000000 portASM.o
200a0360 l       .highcode	00000000 processed_source
200a0526 l       .highcode	00000000 chip_specific_stack_frame
00000000 l    df *ABS*	00000000 save-restore.o
00000000 l    df *ABS*	00000000 lib_a-memcpy-asm.o
00000000 l    df *ABS*	00000000 lib_a-memset.o
00000000 l    df *ABS*	00000000 commander_task.c
200a066c l     F .highcode	00000110 enter_mode
200c0551 l     O .bss	00000001 g_xlog_idx
200c0630 l     O .bss	00000100 g_xlog
200c0550 l     O .bss	00000001 error_streak.0
00000000 l    df *ABS*	00000000 control_task.c
200c0554 l     O .bss	00000004 last_ms.0
00000000 l    df *ABS*	00000000 decision_task.c
200a0af8 l     F .highcode	0000004a rc_channel_to_axis
200c0558 l     O .bss	00000001 g_height_mode_was_active
00000000 l    df *ABS*	00000000 initial_task.c
00000000 l    df *ABS*	00000000 logger_task.c
00000000 l    df *ABS*	00000000 sensor_task.c
00000000 l    df *ABS*	00000000 safety.c
00000000 l    df *ABS*	00000000 mission.c
00000000 l    df *ABS*	00000000 attitude_estimator.c
00000000 l    df *ABS*	00000000 flight_controller.c
200a1116 l     F .highcode	00000096 throttle_stick_to_vertical_speed
200a11ac l     F .highcode	00000014 reset_altitude_controller
200c0730 l     O .bss	00000024 g_vertical_speed_pid
200c057c l     O .bss	00000001 g_altitude_reference_valid
200a11c0 l     F .highcode	00000020 reset_rate_controllers
200c079c l     O .bss	00000024 g_roll_rate_pid
200c0778 l     O .bss	00000024 g_pitch_rate_pid
200c0754 l     O .bss	00000024 g_yaw_rate_pid
200a11e0 l     F .highcode	00000034 rc_throttle_to_norm
200c0570 l     O .bss	00000004 g_last_mode
200c03e0 l     O .data	00000004 g_hover_throttle
200c0578 l     O .bss	00000004 g_altitude_reference_m
200c0574 l     O .bss	00000004 g_hover_delta_reference_m
00000000 l    df *ABS*	00000000 mixer.c
200a16dc l     F .highcode	00000044 norm_to_pwm
00000000 l    df *ABS*	00000000 pid.c
00000000 l    df *ABS*	00000000 logger.c
00000000 l    df *ABS*	00000000 barometer.c
00000000 l    df *ABS*	00000000 gps.c
200a18ce l     F .highcode	00000044 hex_nibble
200a1912 l     F .highcode	00000102 parse_decimal_field
200a1a14 l     F .highcode	000000dc parse_coord_field
200a1af0 l     F .highcode	0000004c parse_uint8_field
200a1b3c l     F .highcode	00000056 nmea_get_field.constprop.0
200c07c0 l     O .bss	00000080 g_nmea_line
200c0840 l     O .bss	00000028 g_gps_latest
200c0580 l     O .bss	00000004 g_gps_last_sentence_ms
200c057f l     O .bss	00000001 g_gps_have_sample
200c057e l     O .bss	00000001 g_nmea_line_len
200c057d l     O .bss	00000001 g_nmea_line_active
00000000 l    df *ABS*	00000000 imu.c
200a2004 l     F .highcode	00000004 imu_decode_f32_le
200a2008 l     F .highcode	00000048 imu_uart_send_command.constprop.0.isra.0
200a2050 l     F .highcode	000000a4 imu_retry_init
200c08e8 l     O .bss	00000010 g_imu_ctx
200c08a4 l     O .bss	00000044 g_imu_uart_ctx
200aa5e4 l     O .highcode	00000010 CSWTCH.43
200c0868 l     O .bss	0000003c frame_data.0
200c0587 l     O .bss	00000001 rx_state.4
200c0584 l     O .bss	00000001 frame_index.1
200c058a l     O .bss	00000001 motion_was_stale.7
200c0589 l     O .bss	00000001 euler_was_stale.6
200c0588 l     O .bss	00000001 baro_was_stale.5
200c0586 l     O .bss	00000001 frame_len.3
200c0585 l     O .bss	00000001 frame_function.2
00000000 l    df *ABS*	00000000 rc_input.c
200c08f8 l     O .bss	00000048 g_rc_ctx
00000000 l    df *ABS*	00000000 bsp_adc.c
00000000 l    df *ABS*	00000000 bsp_board.c
200c058c l     O .bss	00000004 g_board_millis
00000000 l    df *ABS*	00000000 bsp_pwm.c
00000000 l    df *ABS*	00000000 bsp_uart.c
200a2cd6 l     F .highcode	00000028 init_usart_common
200a2cfe l     F .highcode	00000076 gps_uart_clear_rx_status
200a2d74 l     F .highcode	00000076 rc_uart_clear_rx_status
200a2dea l     F .highcode	00000076 imu_uart_clear_rx_status
200a2e60 l     F .highcode	00000038 uart_wait_txe
200c05a0 l     O .bss	00000002 g_gps_uart_rx_write
200c059e l     O .bss	00000002 g_gps_uart_rx_read
200c059c l     O .bss	00000001 g_gps_uart_rx_started
200c059a l     O .bss	00000002 g_rc_uart_rx_write
200c0598 l     O .bss	00000002 g_rc_uart_rx_read
200c0596 l     O .bss	00000001 g_rc_uart_rx_started
200c0594 l     O .bss	00000002 g_imu_uart_rx_write
200c0592 l     O .bss	00000002 g_imu_uart_rx_read
200c0590 l     O .bss	00000001 g_imu_uart_rx_started
200c0c40 l     O .bss	00000400 g_gps_uart_rx_buffer
200c0b40 l     O .bss	00000100 g_rc_uart_rx_buffer
200c0940 l     O .bss	00000200 g_imu_uart_rx_buffer
00000000 l    df *ABS*	00000000 app.c
200c1040 l     O .bss	00000110 g_state
00000000 l    df *ABS*	00000000 ch32h417_it.c
00000000 l    df *ABS*	00000000 main.c
00000000 l    df *ABS*	00000000 system_ch32h417.c
200c0320 l     O .data	00000020 PLLMULTB
200c0310 l     O .data	00000010 HBPrescTB
200c03e4 l     O .data	00000004 FPRETB
200c0300 l     O .data	00000010 SERDESPLLMULTB
00000000 l    df *ABS*	00000000 ch32h417_adc.c
00000000 l    df *ABS*	00000000 ch32h417_gpio.c
00000000 l    df *ABS*	00000000 ch32h417_rcc.c
200c0360 l     O .data	00000020 PLLMULTable
200c0350 l     O .data	00000010 HBPrescTable
200c03f4 l     O .data	00000004 FPRETable
200c0340 l     O .data	00000010 SERDESPLLMULTable
200c03ec l     O .data	00000008 PPRE2Table
200c03e8 l     O .data	00000004 ADCPRETable
00000000 l    df *ABS*	00000000 ch32h417_tim.c
00000000 l    df *ABS*	00000000 ch32h417_usart.c
00000000 l    df *ABS*	00000000 heap_4.c
200c05c0 l     O .bss	00000004 pxEnd
200c1150 l     O .bss	00018000 ucHeap
200c05c4 l     O .bss	00000008 xStart
200c05b8 l     O .bss	00000004 xMinimumEverFreeBytesRemaining
200c05bc l     O .bss	00000004 xFreeBytesRemaining
200c05b4 l     O .bss	00000004 xNumberOfSuccessfulAllocations
200c05b0 l     O .bss	00000004 xNumberOfSuccessfulFrees
00000000 l    df *ABS*	00000000 port.c
200c03f8 l     O .data	00000004 uxCriticalNesting
00000000 l    df *ABS*	00000000 list.c
00000000 l    df *ABS*	00000000 tasks.c
200a4ac2 l     F .highcode	00000096 prvAddCurrentTaskToDelayedList
200c05f0 l     O .bss	00000004 xTickCount
200c0600 l     O .bss	00000004 pxDelayedTaskList
200c05fc l     O .bss	00000004 pxOverflowDelayedTaskList
200d9150 l     O .bss	00000014 xSuspendedTaskList
200c05d4 l     O .bss	00000004 xNextTaskUnblockTime
200a4b58 l     F .highcode	0000001a prvResetNextTaskUnblockTime
200d9178 l     O .bss	00000014 xPendingReadyList
200a4b72 l     F .highcode	00000050 prvCheckTasksWaitingTermination
200d9164 l     O .bss	00000014 xTasksWaitingTermination
200c05f8 l     O .bss	00000004 uxDeletedTasksWaitingCleanUp
200c05f4 l     O .bss	00000004 uxCurrentNumberOfTasks
200a4bc2 l     F .highcode	0000000a prvIdleTask
200d91b4 l     O .bss	0000012c pxReadyTasksLists
200d91a0 l     O .bss	00000014 xDelayedTaskList1
200d918c l     O .bss	00000014 xDelayedTaskList2
200c05d8 l     O .bss	00000004 uxTaskNumber
200c05ec l     O .bss	00000004 uxTopReadyPriority
200c05e8 l     O .bss	00000004 xSchedulerRunning
200c05cc l     O .bss	00000004 uxSchedulerSuspended
200c05e0 l     O .bss	00000004 xYieldPendings
200c05d0 l     O .bss	00000004 xIdleTaskHandles
200c03fc l     O .data	00000004 uxTopUsedPriority
200c05dc l     O .bss	00000004 xNumOfOverflows
200c05e4 l     O .bss	00000004 xPendedTicks
00000000 l    df *ABS*	00000000 debug.c
200a5302 l     F .highcode	0000005c delay_systick_cycles.part.0
200c0614 l     O .bss	00000002 p_us
200c0610 l     O .bss	00000004 p_ms
200c0400 l     O .data	00000004 curbrk.0
00000000 l    df *ABS*	00000000 lib_a-sf_cos.o
00000000 l    df *ABS*	00000000 lib_a-ef_rem_pio2.o
200aa6e8 l     O .highcode	00000080 npio2_hw
200aa768 l     O .highcode	00000318 two_over_pi
00000000 l    df *ABS*	00000000 lib_a-kf_cos.o
00000000 l    df *ABS*	00000000 lib_a-kf_rem_pio2.o
200aaaac l     O .highcode	0000000c init_jk
200aaa80 l     O .highcode	0000002c PIo2
00000000 l    df *ABS*	00000000 lib_a-kf_sin.o
00000000 l    df *ABS*	00000000 lib_a-sf_fabs.o
00000000 l    df *ABS*	00000000 lib_a-sf_floor.o
00000000 l    df *ABS*	00000000 lib_a-sf_scalbn.o
00000000 l    df *ABS*	00000000 _udivdi3.o
00000000 l    df *ABS*	00000000 adddf3.o
00000000 l    df *ABS*	00000000 divdf3.o
00000000 l    df *ABS*	00000000 gedf2.o
00000000 l    df *ABS*	00000000 ledf2.o
00000000 l    df *ABS*	00000000 muldf3.o
00000000 l    df *ABS*	00000000 subdf3.o
00000000 l    df *ABS*	00000000 fixunsdfsi.o
00000000 l    df *ABS*	00000000 floatsidf.o
00000000 l    df *ABS*	00000000 floatunsidf.o
00000000 l    df *ABS*	00000000 addsf3.o
00000000 l    df *ABS*	00000000 divsf3.o
00000000 l    df *ABS*	00000000 eqsf2.o
00000000 l    df *ABS*	00000000 gesf2.o
00000000 l    df *ABS*	00000000 lesf2.o
00000000 l    df *ABS*	00000000 mulsf3.o
00000000 l    df *ABS*	00000000 subsf3.o
00000000 l    df *ABS*	00000000 fixsfsi.o
00000000 l    df *ABS*	00000000 fixunssfsi.o
00000000 l    df *ABS*	00000000 floatsisf.o
00000000 l    df *ABS*	00000000 floatunsisf.o
00000000 l    df *ABS*	00000000 truncdfsf2.o
00000000 l    df *ABS*	00000000 lib_a-printf.o
00000000 l    df *ABS*	00000000 lib_a-findfp.o
200a92e0 l     F .highcode	00000066 std
00000000 l    df *ABS*	00000000 lib_a-fwalk.o
00000000 l    df *ABS*	00000000 lib_a-lock.o
00000000 l    df *ABS*	00000000 lib_a-nano-mallocr.o
200a953e l     F .highcode	00000054 sbrk_aligned
00000000 l    df *ABS*	00000000 lib_a-nano-vfprintf.o
200a969e l     F .highcode	00000026 __sfputc_r
00000000 l    df *ABS*	00000000 lib_a-sbrkr.o
00000000 l    df *ABS*	00000000 lib_a-stdio.o
00000000 l    df *ABS*	00000000 lib_a-wbuf.o
00000000 l    df *ABS*	00000000 lib_a-writer.o
00000000 l    df *ABS*	00000000 lib_a-wsetup.o
00000000 l    df *ABS*	00000000 lib_a-closer.o
00000000 l    df *ABS*	00000000 lib_a-fflush.o
00000000 l    df *ABS*	00000000 lib_a-lseekr.o
00000000 l    df *ABS*	00000000 lib_a-makebuf.o
00000000 l    df *ABS*	00000000 lib_a-memchr.o
00000000 l    df *ABS*	00000000 lib_a-mlock.o
00000000 l    df *ABS*	00000000 lib_a-nano-freer.o
00000000 l    df *ABS*	00000000 lib_a-nano-vfprintf_i.o
00000000 l    df *ABS*	00000000 lib_a-readr.o
00000000 l    df *ABS*	00000000 lib_a-fstatr.o
00000000 l    df *ABS*	00000000 lib_a-isattyr.o
00000000 l    df *ABS*	00000000 close.o
00000000 l    df *ABS*	00000000 fstat.o
00000000 l    df *ABS*	00000000 isatty.o
00000000 l    df *ABS*	00000000 lseek.o
00000000 l    df *ABS*	00000000 read.o
00000000 l    df *ABS*	00000000 lib_a-impure.o
200c0380 l     O .data	00000060 impure_data
200a3b74  w      .highcode	00000000 TIM8_TRG_COM_IRQHandler
200a3b74  w      .highcode	00000000 TIM8_CC_IRQHandler
200a3b74  w      .highcode	00000000 USART_WKUP_IRQHandler
200d9524 g     O .bss	00000118 g_dbg_uart
200aa40e g     F .highcode	00000026 _isatty_r
200a0d10 g     F .highcode	000000e0 task_record_heartbeat
200a9e54 g     F .highcode	0000002a _lseek_r
200a4474 g     F .highcode	00000004 TIM_SetCompare2
200a48aa g     F .highcode	00000006 xPortGetFreeHeapSize
200a3b74  w      .highcode	00000000 SPI4_IRQHandler
200a3d3a g     F .highcode	000001e8 GPIO_PinAFConfig
200a3b74  w      .highcode	00000000 DFSDM0_IRQHandler
200a4a28 g     F .highcode	00000034 vPortExitCritical
200a3248 g     F .highcode	00000066 bsp_uart_imu_start_rx_irq
200a92a8 g     F .highcode	00000038 printf
200c0be0 g       .data	00000000 __global_pointer$
200a05ee g     F .highcode	00000028 .hidden __riscv_save_8
200a3b74  w      .highcode	00000000 TIM1_CC_IRQHandler
200a9a5e g     F .highcode	0000002e __sseek
200a93ae g     F .highcode	00000072 __sinit
200a9a92 g     F .highcode	000000be __swbuf_r
200a39aa g     F .highcode	00000038 HardFault_Handler
200a3170 g     F .highcode	000000d8 bsp_uart_imu_init
200a3b74  w      .highcode	00000000 TIM10_IRQHandler
200a9350 g     F .highcode	00000046 __sfmoreglue
200a9f8c g     F .highcode	00000008 __malloc_unlock
200a3b74  w      .highcode	00000000 IPC_CH2_Handler
200a3b74  w      .highcode	00000000 USBPD_IRQHandler
200a50b4 g     F .highcode	00000094 xTaskDelayUntil
200a063a g     F .highcode	0000000c .hidden __riscv_restore_3
200a3b74  w      .highcode	00000000 TIM6_IRQHandler
200a84a0 g     F .highcode	000002be .hidden __divsf3
200a4428 g     F .highcode	0000000e TIM_OC1PreloadConfig
200a3f22 g     F .highcode	0000001a RCC_ADCHCLKCLKAsSourceConfig
200a3c2e g     F .highcode	00000014 ADC_StartCalibration
200a3b74  w      .highcode	00000000 CAN3_RX1_IRQHandler
200a3b74  w      .highcode	00000000 I3C_ER_IRQHandler
200a3b74  w      .highcode	00000000 SDIO_IRQHandler
200a0626 g     F .highcode	00000020 .hidden __riscv_restore_10
200a3b74  w      .highcode	00000000 DMA2_Channel8_IRQHandler
200a398e g     F .highcode	0000001c NMI_Handler
200a8f28 g     F .highcode	0000005e .hidden __fixsfsi
200a3b74  w      .highcode	00000000 CAN2_RX1_IRQHandler
200a3b74  w      .highcode	00000000 HSEM_Handler
200a2f54 g     F .highcode	0000005e bsp_uart_gps_start_rx_irq
200a1214 g     F .highcode	0000007a flight_controller_init
200a05ee g     F .highcode	00000028 .hidden __riscv_save_11
200c0560 g     O .bss	00000004 commanderTaskHandle
200a7290 g     F .highcode	000000be .hidden __gtdf2
200a20f4 g     F .highcode	00000078 imu_init
200a5508 g     F .highcode	0000036a __ieee754_rem_pio2f
200c0604 g     O .bss	00000004 pxCurrentTCB
200a3b74  w      .highcode	00000000 USBHS_IRQHandler
200a3b74  w      .highcode	00000000 LPTIM2_IRQHandler
200a4598 g     F .highcode	0000000a USART_GetFlagStatus
200aa3e6 g     F .highcode	00000028 _fstat_r
200c062c g     O .bss	00000004 errno
200c0550 g       .bss	00000000 _sbss
00001000 g       *ABS*	00000000 __stack_size
200a53aa g     F .highcode	00000076 USART_Printf_Init
200a3b74  w      .highcode	00000000 USBFSWakeup_IRQHandler
200a3b74  w      .highcode	00000000 I2C3_ER_IRQHandler
200a8bb0 g     F .highcode	00000378 .hidden __subsf3
200a3b74  w      .highcode	00000000 USBFS_IRQHandler
200a063a g     F .highcode	0000000c .hidden __riscv_restore_2
200a18c6 g     F .highcode	00000004 barometer_init
200a1806 g     F .highcode	0000000c pid_reset
200a32ae g     F .highcode	000000a4 bsp_uart_debug_sample_imu_rx
200c056c g     O .bss	00000004 sensorTaskHandle
200a106a g     F .highcode	000000ac attitude_estimator_update
200a4904 g     F .highcode	00000068 xPortStartScheduler
200a34ea g     F .highcode	00000026 bsp_uart_imu_write_byte
200a43f8 g     F .highcode	00000016 TIM_CtrlPWMOutputs
200a0646 g     F .highcode	00000016 memcpy
200a3c0c g     F .highcode	00000010 ADC_Cmd
200a3b74  w      .highcode	00000000 USART8_IRQHandler
200a9346 g     F .highcode	0000000a _cleanup_r
200a48b6  w    F .highcode	0000004e vPortSetupTimerInterrupt
200a8086 g     F .highcode	00000070 .hidden __floatsidf
200a734e g     F .highcode	000000bc .hidden __ltdf2
200a3b74  w      .highcode	00000000 I2C2_EV_IRQHandler
200a43e0 g     F .highcode	00000018 TIM_Cmd
200a3b74  w      .highcode	00000000 CAN1_RX0_IRQHandler
200a478a g     F .highcode	00000120 vPortFree
200a445a g     F .highcode	00000016 TIM_OC4PreloadConfig
200c05a4 g     O .bss	00000004 SystemCoreClock
200a3b74  w      .highcode	00000000 CAN3_SCE_IRQHandler
200a4590 g     F .highcode	00000008 USART_ReceiveData
200a263c g     F .highcode	0000001c rc_input_init
200aa440 g     F .highcode	0000000c _fstat
200a3352 g     F .highcode	00000096 bsp_uart_gps_read_byte
00000008 g       .init	00000000 _einit
200a52a8 g     F .highcode	00000040 uxTaskGetStackHighWaterMark
200a8852 g     F .highcode	00000098 .hidden __lesf2
200a8030 g     F .highcode	00000056 .hidden __fixunsdfsi
200a05e6 g     F .highcode	00000030 .hidden __riscv_save_12
200a3b74  w      .highcode	00000000 CAN2_SCE_IRQHandler
200a128e g     F .highcode	0000044e flight_controller_update
200a3b74  w      .highcode	00000000 ADC1_2_IRQHandler
200d96fc g     O .bss	0000001c g_dbg_trap
200d93e0 g     O .bss	00000014 g_dbg_bus
200a3c4a g     F .highcode	000000e0 GPIO_Init
200a413a g     F .highcode	00000016 RCC_ADCCLKConfig
200a3b74  w      .highcode	00000000 Break_Point_Handler
200a3b74  w      .highcode	00000000 IPC_CH0_Handler
200a0626 g     F .highcode	00000020 .hidden __riscv_restore_11
200a3b74  w      .highcode	00000000 SPI1_IRQHandler
200a3c1c g     F .highcode	0000000a ADC_ResetCalibration
200a3b74  w      .highcode	00000000 USART5_IRQHandler
200a4532 g     F .highcode	00000014 USART_Cmd
200a99c4 g     F .highcode	00000028 _sbrk_r
200a0616 g     F .highcode	0000000c .hidden __riscv_save_1
200a063a g     F .highcode	0000000c .hidden __riscv_restore_0
200a60ec g     F .highcode	00000006 fabsf
200a3b74  w      .highcode	00000000 SysTick0_Handler
200a42d8 g     F .highcode	00000098 TIM_OC3Init
200a3b74  w      .highcode	00000000 EXTI7_0_IRQHandler
200aa3bc g     F .highcode	0000002a _read_r
200a4a70 g     F .highcode	00000006 vListInitialiseItem
200a05fc g     F .highcode	0000001a .hidden __riscv_save_7
200d9748 g     O .bss	00000010 g_dbg_boot
200a3b74  w      .highcode	00000000 CAN2_RX0_IRQHandler
200c055c g     O .bss	00000004 loggerTaskHandle
200a3b74  w      .highcode	00000000 TIM8_UP_IRQHandler
200a2fb2 g     F .highcode	000000bc bsp_uart_rc_init
200a661c g     F .highcode	00000706 .hidden __adddf3
200a875e g     F .highcode	0000005e .hidden __nesf2
200a3b74  w      .highcode	00000000 Ecall_M_Mode_Handler
200a3b74  w      .highcode	00000000 ECDC_IRQHandler
200a3b74  w      .highcode	00000000 SDMMC_IRQHandler
200ff000 g       .stack	00000000 _heap_end
200a3468 g     F .highcode	00000082 bsp_uart_imu_read_byte
200a411e g     F .highcode	0000001c RCC_HB2PeriphResetCmd
200aa44c g     F .highcode	0000000c _isatty
200a2e98 g     F .highcode	000000bc bsp_uart_gps_init
200c0620 g     O .bss	00000001 __lock___sinit_recursive_mutex
200c054c g     O .data	00000004 _global_impure_ptr
200c0608 g     O .bss	00000008 g_dbg_console
200a0630 g     F .highcode	00000016 .hidden __riscv_restore_5
200a5fd4 g     F .highcode	00000118 __kernel_sinf
200a3b74  w      .highcode	00000000 USART7_IRQHandler
200a3b74  w      .highcode	00000000 DMA2_Channel2_IRQHandler
200a6282 g     F .highcode	0000039a .hidden __udivdi3
200a3b74  w      .highcode	00000000 DMA1_Channel4_IRQHandler
200a80f6 g     F .highcode	00000052 .hidden __floatunsidf
200a547a g     F .highcode	0000002a _sbrk
200a25da g     F .highcode	00000062 imu_read_barometer
200a45a2 g     F .highcode	000001e8 pvPortMalloc
200a0f60 g     F .highcode	00000040 LoggerTask
200a3b74  w      .highcode	00000000 USART6_IRQHandler
200a4a5c g     F .highcode	00000014 vListInitialise
200a3b74  w      .highcode	00000000 CAN3_RX0_IRQHandler
200a54a4 g     F .highcode	00000064 cosf
200a40e6 g     F .highcode	0000001c RCC_HB2PeriphClockCmd
200a3b74  w      .highcode	00000000 HSADC_IRQHandler
200a0630 g     F .highcode	00000016 .hidden __riscv_restore_6
200a3624 g     F .highcode	000000e4 USART3_IRQHandler
200a4e2a g     F .highcode	00000006 xTaskGetTickCount
200a3b74  w      .highcode	00000000 RTC_IRQHandler
200a3c42 g     F .highcode	00000008 ADC_GetCalibrationStatus
200d9758 g       .bss	00000000 _ebss
200a1812 g     F .highcode	000000b2 pid_update
200a3b74  w      .highcode	00000000 DMA1_Channel7_IRQHandler
200a41cc g     F .highcode	00000072 TIM_OC1Init
200a444c g     F .highcode	0000000e TIM_OC3PreloadConfig
200a3c26 g     F .highcode	00000008 ADC_GetResetCalibrationStatus
200a3d2a g     F .highcode	00000008 GPIO_ReadInputData
200a3b74  w      .highcode	00000000 CAN1_RX1_IRQHandler
200d9354 g     O .bss	0000001c g_dbg_pwm
200a535e g     F .highcode	00000022 Delay_Init
200a3b74  w      .highcode	00000000 DVP_IRQHandler
200c0618 g     O .bss	00000001 __lock___malloc_recursive_mutex
200a5872 g     F .highcode	0000013a __kernel_cosf
200a3b74  w      .highcode	00000000 USBSS_IRQHandler
200a391a g     F .highcode	00000074 vApplicationAssertFailed
200a3b74  w      .highcode	00000000 SWPMI_IRQHandler
200a87bc g     F .highcode	00000096 .hidden __gtsf2
200a3b74  w      .highcode	00000000 USBPDWakeUp_IRQHandler
200a3b74  w      .highcode	00000000 EXTI15_8_IRQHandler
200a38ae g     F .highcode	00000034 vApplicationMallocFailedHook
200d92e0 g     O .bss	00000074 g_dbg_imu
200a3d32 g     F .highcode	00000004 GPIO_SetBits
200a2ca6 g     F .highcode	00000030 bsp_pwm_motors_write
200a3b74  w      .highcode	00000000 TIM4_IRQHandler
200a2a7e g     F .highcode	0000001a vApplicationTickHook
200a734e g     F .highcode	000000bc .hidden __ledf2
200a440e g     F .highcode	0000001a TIM_ARRPreloadConfig
200a05ee g     F .highcode	00000028 .hidden __riscv_save_9
200a2658 g     F .highcode	00000250 rc_input_poll
200a3b74  w      .highcode	00000000 DMA2_Channel1_IRQHandler
200a3b74  w      .highcode	00000000 SWPMI_WKUP_IRQHandler
200aaca0 g     O .highcode	00000020 __sf_fake_stderr
200a05fc g     F .highcode	0000001a .hidden __riscv_save_4
200a3b74  w      .highcode	00000000 I2C1_EV_IRQHandler
200c0548 g     O .data	00000004 xISRStackTop
200a953c g     F .highcode	00000002 __retarget_lock_release_recursive
200a3b74  w      .highcode	00000000 USBSSWakeup_IRQHandler
200a3708 g     F .highcode	00000100 USART4_IRQHandler
200c0568 g     O .bss	00000004 decisionTaskHandle
200a3f3c g     F .highcode	000001aa RCC_GetClocksFreq
200a3b74  w      .highcode	00000000 DMA1_Channel6_IRQHandler
200a96c4 g     F .highcode	00000042 __sfputs_r
200a3b74  w      .highcode	00000000 DMA2_Channel4_IRQHandler
200a9396 g     F .highcode	00000006 __sfp_lock_acquire
200a9f6c g     F .highcode	00000018 memchr
200a4482 g     F .highcode	000000b0 USART_Init
200a9f94 g     F .highcode	000000a2 _free_r
200a3b74  w      .highcode	00000000 TIM3_IRQHandler
200a3b74  w      .highcode	00000000 RCC_IRQHandler
200a0616 g     F .highcode	0000000c .hidden __riscv_save_3
200a3b74  w      .highcode	00000000 TIM1_TRG_COM_IRQHandler
200a3b74  w      .highcode	00000000 DMA1_Channel1_IRQHandler
00000000 g       .init	00000000 _start
200a3b74  w      .highcode	00000000 DMA2_Channel7_IRQHandler
200a1b92 g     F .highcode	00000028 gps_init
200a4e1e g     F .highcode	0000000c vTaskSuspendAll
200d9370 g     O .bss	00000070 g_dbg_kernel
200aa458 g     F .highcode	0000000c _lseek
200a4436 g     F .highcode	00000016 TIM_OC2PreloadConfig
200aad94 g       .dtors	00000000 _highcode_vma_end1
200a8fd4 g     F .highcode	000000c0 .hidden __floatsisf
200a3b74  w      .highcode	00000000 QSPI1_IRQHandler
200a30d4 g     F .highcode	0000009c bsp_uart_debug_sample_rc_rx
200a4aa4 g     F .highcode	0000001e uxListRemove
200a423e g     F .highcode	0000009a TIM_OC2Init
200a4546 g     F .highcode	00000042 USART_ITConfig
200a0000 g       .highcode	00000000 _highcode_vma_start
200a0cf2 g     F .highcode	0000001e task_period_ticks
200a875e g     F .highcode	0000005e .hidden __eqsf2
200a2a98 g     F .highcode	000000a2 bsp_pwm_motor_set_us
200a3b74  w      .highcode	00000000 DMA1_Channel8_IRQHandler
200a3b74  w      .highcode	00000000 IPC_CH3_Handler
200a5198 g     F .highcode	00000110 vTaskSwitchContext
200a3b74  w      .highcode	00000000 I3C_EV_IRQHandler
200a1050 g     F .highcode	00000002 mission_init
200a2986 g     F .highcode	00000026 bsp_board_led_set
200a3b74  w      .highcode	00000000 I3C_WKUP_IRQHandler
200d9488 g     O .bss	0000009c g_dbg_gps
200a28a8 g     F .highcode	000000de bsp_adc_init
200a1720 g     F .highcode	00000002 mixer_init
200a380e g     F .highcode	000000a0 app_start
200a3d36 g     F .highcode	00000004 GPIO_ResetBits
200a3b74  w      .highcode	00000000 TIM12_IRQHandler
200a3b74  w      .highcode	00000000 TIM7_IRQHandler
200a101a g     F .highcode	00000002 safety_init
200a9c6c g     F .highcode	00000028 _close_r
200a3b74  w      .highcode	00000000 CAN2_TX_IRQHandler
200c0300 g       .dalign	00000000 _data_vma
200a3b74  w      .highcode	00000000 TIM5_IRQHandler
200a4478 g     F .highcode	00000004 TIM_SetCompare3
200a4102 g     F .highcode	0000001c RCC_HB1PeriphClockCmd
200a4370 g     F .highcode	00000070 TIM_OC4Init
200a3b74  w      .highcode	00000000 I2C3_EV_IRQHandler
200a9b7c g     F .highcode	000000f0 __swsetup_r
200a38e2 g     F .highcode	00000038 vApplicationStackOverflowHook
200a3b74  w      .highcode	00000000 PIOC_IRQHandler
200a6d22 g     F .highcode	0000056e .hidden __divdf3
200a9420 g     F .highcode	000000b0 __sfp
200a3b74  w      .highcode	00000000 TIM9_IRQHandler
200a93a8 g     F .highcode	00000006 __sinit_lock_release
200a3b74  w      .highcode	00000000 LTDC_IRQHandler
200a3b74  w      .highcode	00000000 SAI_IRQHandler
200a740a g     F .highcode	00000508 .hidden __muldf3
200a05ee g     F .highcode	00000028 .hidden __riscv_save_10
200a99ec g     F .highcode	0000002c __sread
200a3b74  w      .highcode	00000000 ETH_WKUP_IRQHandler
200a9f84 g     F .highcode	00000008 __malloc_lock
200a0630 g     F .highcode	00000016 .hidden __riscv_restore_4
200a0626 g     F .highcode	00000020 .hidden __riscv_restore_8
200a61a0 g     F .highcode	000000e2 scalbnf
200a9dc6 g     F .highcode	0000008e _fflush_r
200a05fc g     F .highcode	0000001a .hidden __riscv_save_6
200a101c g     F .highcode	00000034 safety_update
200a3b74  w      .highcode	00000000 SPI2_IRQHandler
200aace0 g     O .highcode	00000020 __sf_fake_stdin
200c05ac g     O .bss	00000004 HCLKClock
200a953a g     F .highcode	00000002 __retarget_lock_acquire_recursive
200a3b74  w      .highcode	00000000 IPC_CH1_Handler
0000aec4 g       .highcodelalign1	00000000 _highcode_lma1
200a065c g     F .highcode	00000010 memset
200a0626 g     F .highcode	00000020 .hidden __riscv_restore_9
200a0630 g     F .highcode	00000016 .hidden __riscv_restore_7
200a39e2 g     F .highcode	00000038 main
200a3b74  w      .highcode	00000000 LPTIM1_WKUP_IRQHandler
200a1bba g     F .highcode	0000044a gps_poll
200a9538 g     F .highcode	00000002 __retarget_lock_init_recursive
200aad94 g       .fini	00000000 _highcode_vma_start1
200a8852 g     F .highcode	00000098 .hidden __ltsf2
200a4a76 g     F .highcode	0000002e vListInsert
200a3b74  w      .highcode	00000000 CAN1_TX_IRQHandler
200a9a8c g     F .highcode	00000006 __sclose
200a3b74  w      .highcode	00000000 DMA2_Channel5_IRQHandler
200a913c g     F .highcode	0000016c .hidden __truncdfsf2
200a9592 g     F .highcode	0000010c _malloc_r
200a2b5a g     F .highcode	0000014c bsp_pwm_motors_init
200c0564 g     O .bss	00000004 controlTaskHandle
200a3808 g     F .highcode	00000006 app_state
200a3b74  w      .highcode	00000000 DMA1_Channel5_IRQHandler
200a52e8 g     F .highcode	00000006 xTaskGetCurrentTaskHandle
200d93f4 g     O .bss	00000094 g_dbg_rc_input
200a5380 g     F .highcode	0000002a Delay_Ms
200a88ea g     F .highcode	000002c6 .hidden __mulsf3
200a447c g     F .highcode	00000006 TIM_SetCompare4
200a216c g     F .highcode	0000046e imu_read
200c02d8 g       .loadcode	00000000 _loadcode_vma_end
200a3b74  w      .highcode	00000000 QSPI2_IRQHandler
000000e0 g       .highcodelalign	00000000 _highcode_lma
200a33e8 g     F .highcode	00000080 bsp_uart_rc_read_byte
200a3b74  w      .highcode	00000000 RNG_IRQHandler
200a92a8 g     F .highcode	00000038 iprintf
200a0b42 g     F .highcode	000001b0 DecisionTask
200a4f96 g     F .highcode	0000011e xTaskResumeAll
200aaba0 g     O .highcode	00000100 .hidden __clz_tab
200a4d9a g     F .highcode	00000084 vTaskStartScheduler
00000000 g       .init	00000000 _sinit
200a0df0 g     F .highcode	00000170 tasks_create_all
200a87bc g     F .highcode	00000096 .hidden __gesf2
200a9b50 g     F .highcode	0000002c _write_r
200a0400 g       .highcode	00000000 xPortStartFirstTask
200a3b74  w      .highcode	00000000 DMA1_Channel3_IRQHandler
200a3b74  w      .highcode	00000000 ETH_IRQHandler
200aa036 g     F .highcode	0000010a _printf_common
200c0404 g     O .data	00000004 _impure_ptr
200a3b74  w      .highcode	00000000 TIM1_UP_IRQHandler
200a9c94 g     F .highcode	00000132 __sflush_r
200a3b74  w      .highcode	00000000 WWDG_IRQHandler
200a3b74  w      .highcode	00000000 USBHSWakeup_IRQHandler
200a3b74  w      .highcode	00000000 Ecall_U_Mode_Handler
200a3b74  w      .highcode	00000000 I2C4_EV_IRQHandler
200a3b74  w      .highcode	00000000 CAN3_TX_IRQHandler
200a3b74  w      .highcode	00000000 DMA2_Channel6_IRQHandler
200a3b74  w      .highcode	00000000 TIM2_IRQHandler
20100000 g       .stack	00000000 _eusrstack
200a0616 g     F .highcode	0000000c .hidden __riscv_save_2
200a0300 g       .highcode	00000000 SW_Handler
200c05a8 g     O .bss	00000004 SystemClock
200a4e30 g     F .highcode	00000166 xTaskIncrementTick
200a3b76 g     F .highcode	00000040 ADC_DeInit
200a3b74  w      .highcode	00000000 TIM1_BRK_IRQHandler
200a9e7e g     F .highcode	00000058 __swhatbuf_r
200a3b74  w      .highcode	00000000 GPHA_IRQHandler
200a3bb6 g     F .highcode	00000056 ADC_Init
200a4588 g     F .highcode	00000008 USART_SendData
200a05fc g     F .highcode	0000001a .hidden __riscv_save_5
200a5420 g     F .highcode	0000005a _write
200a0fa0 g     F .highcode	0000007a SensorTask
200d963c g     O .bss	000000c0 g_dbg_tasks
200c0550 g       .data	00000000 _edata
200c0200 g       .loadcode	00000000 _loadcode_vma_start
200d9758 g       .bss	00000000 _end
200a09c8 g     F .highcode	00000130 ControlTask
200a29ac g     F .highcode	000000cc bsp_board_init
200a3b74  w      .highcode	00000000 LPTIM2_WKUP_IRQHandler
200aad94 g       .highcode	00000000 _highcode_vma_end
200a4150 g     F .highcode	0000007c TIM_TimeBaseInit
200a3b74  w      .highcode	00000000 RTCAlarm_IRQHandler
200a3b74  w      .highcode	00000000 TIM11_IRQHandler
200a4bcc g     F .highcode	000001ce xTaskCreate
0000aec4 g       .dlalign	00000000 _data_lma
200a17ec g     F .highcode	0000001a pid_init
20100000 g       .stack	00000000 __freertos_irq_stack_topV5
200a3530 g     F .highcode	000000f4 USART2_IRQHandler
200a9a18 g     F .highcode	00000046 __swrite
00000008 g       .loadcodelalign	00000000 _loadcode_lma
200a3b74  w      .highcode	00000000 UHSIF_IRQHandler
200a9706 g     F .highcode	000002be _vfiprintf_r
200a1054 g     F .highcode	00000016 attitude_estimator_init
200a94d0 g     F .highcode	00000068 _fwalk_reent
200a9094 g     F .highcode	000000a8 .hidden __floatunsisf
200a3a1a g     F .highcode	0000015a SystemAndCoreClockUpdate
200a3b74  w      .highcode	00000000 I2C2_ER_IRQHandler
200a5148 g     F .highcode	00000050 vTaskDelay
200a3b74  w      .highcode	00000000 DMA1_Channel2_IRQHandler
200a939c g     F .highcode	00000006 __sfp_lock_release
200aacc0 g     O .highcode	00000020 __sf_fake_stdout
200a306e g     F .highcode	00000066 bsp_uart_rc_start_rx_irq
200a0622 g     F .highcode	00000024 .hidden __riscv_restore_12
200a3b74  w      .highcode	00000000 TIM8_BRK_IRQHandler
200a52ee g     F .highcode	00000014 xTaskGetSchedulerState
200aa464 g     F .highcode	0000000c _read
0000ae74  w      .text	00000000 handle_reset
200a3b74  w      .highcode	00000000 CAN1_SCE_IRQHandler
200a18c4 g     F .highcode	00000002 logger_init
200a8f86 g     F .highcode	0000004e .hidden __fixunssfsi
200a18ca g     F .highcode	00000004 barometer_read
200a3b74  w      .highcode	00000000 FLASH_IRQHandler
200a0616 g     F .highcode	0000000c .hidden __riscv_save_0
200a59ac g     F .highcode	00000628 __kernel_rem_pio2f
200a3b74  w      .highcode	00000000 USART1_IRQHandler
200a9ed6 g     F .highcode	00000096 __smakebuf_r
200a0500 g       .highcode	00000000 pxPortInitialiseStack
200aa140 g     F .highcode	0000027c _printf_i
200a3b74  w      .highcode	00000000 SPI3_IRQHandler
200a7290 g     F .highcode	000000be .hidden __gedf2
200a3510 g     F .highcode	00000020 bsp_uart_imu_write
200c0624 g     O .bss	00000004 __malloc_sbrk_start
200a3b74  w      .highcode	00000000 I2C1_ER_IRQHandler
200a3b74  w      .highcode	00000000 FMC_IRQHandler
200a60f2 g     F .highcode	000000ae floorf
200a496c g     F .highcode	000000a6 SysTick1_Handler
200a4a12 g     F .highcode	00000016 vPortEnterCritical
200c0628 g     O .bss	00000004 __malloc_free_list
200a1722 g     F .highcode	000000ca mixer_mix_x_quad
200a063a g     F .highcode	0000000c .hidden __riscv_restore_1
200a3b74  w      .highcode	00000000 LPTIM1_IRQHandler
200a3b74  w      .highcode	00000000 DFSDM1_IRQHandler
200a2a78 g     F .highcode	00000006 bsp_board_millis
200a7912 g     F .highcode	0000071e .hidden __subdf3
200a9706 g     F .highcode	000002be _vfprintf_r
200a4470 g     F .highcode	00000004 TIM_SetCompare1
200a3b74  w      .highcode	00000000 I2C4_ER_IRQHandler
200a3b74  w      .highcode	00000000 SERDES_IRQHandler
200a2b3a g     F .highcode	00000020 bsp_pwm_motors_set_all_us
200a8148 g     F .highcode	00000358 .hidden __addsf3
200a3b74  w      .highcode	00000000 USBSS_LINK_IRQHandler
200c061c g     O .bss	00000001 __lock___sfp_recursive_mutex
200a48b0 g     F .highcode	00000006 xPortGetMinimumEverFreeHeapSize
200a1052 g     F .highcode	00000002 mission_update
200aa434 g     F .highcode	0000000c _close
200a93a2 g     F .highcode	00000006 __sinit_lock_acquire
200a3b74  w      .highcode	00000000 DMA2_Channel3_IRQHandler
200a077c g     F .highcode	0000024c CommanderTask
200d9718 g     O .bss	00000030 g_dbg_fault



Disassembly of section .init:

00000000 <_sinit>:
   0:	6750a06f          	j	ae74 <handle_reset>
   4:	0000                	unimp
	...

Disassembly of section .loadcode:

200c0200 <_loadcode_vma_start>:
200c0200:	0e000513          	li	a0,224
200c0204:	fffe0597          	auipc	a1,0xfffe0
200c0208:	dfc58593          	addi	a1,a1,-516 # 200a0000 <_highcode_vma_start>
200c020c:	fffeb617          	auipc	a2,0xfffeb
200c0210:	b8860613          	addi	a2,a2,-1144 # 200aad94 <_highcode_vma_end>
200c0214:	00c5fa63          	bgeu	a1,a2,200c0228 <_loadcode_vma_start+0x28>
200c0218:	00052283          	lw	t0,0(a0)
200c021c:	0055a023          	sw	t0,0(a1)
200c0220:	0511                	addi	a0,a0,4
200c0222:	0591                	addi	a1,a1,4
200c0224:	fec5eae3          	bltu	a1,a2,200c0218 <_loadcode_vma_start+0x18>
200c0228:	dff4b517          	auipc	a0,0xdff4b
200c022c:	c9c50513          	addi	a0,a0,-868 # aec4 <_data_lma>
200c0230:	fffeb597          	auipc	a1,0xfffeb
200c0234:	b6458593          	addi	a1,a1,-1180 # 200aad94 <_highcode_vma_end>
200c0238:	fffeb617          	auipc	a2,0xfffeb
200c023c:	b5c60613          	addi	a2,a2,-1188 # 200aad94 <_highcode_vma_end>
200c0240:	00c5fa63          	bgeu	a1,a2,200c0254 <_loadcode_vma_start+0x54>
200c0244:	00052283          	lw	t0,0(a0)
200c0248:	0055a023          	sw	t0,0(a1)
200c024c:	0511                	addi	a0,a0,4
200c024e:	0591                	addi	a1,a1,4
200c0250:	fec5eae3          	bltu	a1,a2,200c0244 <_loadcode_vma_start+0x44>
200c0254:	dff4b517          	auipc	a0,0xdff4b
200c0258:	c7050513          	addi	a0,a0,-912 # aec4 <_data_lma>
200c025c:	00000597          	auipc	a1,0x0
200c0260:	0a458593          	addi	a1,a1,164 # 200c0300 <SERDESPLLMULTB>
200c0264:	97018613          	addi	a2,gp,-1680 # 200c0550 <error_streak.0>
200c0268:	00c5fa63          	bgeu	a1,a2,200c027c <_loadcode_vma_start+0x7c>
200c026c:	00052283          	lw	t0,0(a0)
200c0270:	0055a023          	sw	t0,0(a1)
200c0274:	0511                	addi	a0,a0,4
200c0276:	0591                	addi	a1,a1,4
200c0278:	fec5eae3          	bltu	a1,a2,200c026c <_loadcode_vma_start+0x6c>
200c027c:	97018513          	addi	a0,gp,-1680 # 200c0550 <error_streak.0>
200c0280:	00019597          	auipc	a1,0x19
200c0284:	4d858593          	addi	a1,a1,1240 # 200d9758 <_ebss>
200c0288:	00b57763          	bgeu	a0,a1,200c0296 <_loadcode_vma_start+0x96>
200c028c:	00052023          	sw	zero,0(a0)
200c0290:	0511                	addi	a0,a0,4
200c0292:	feb56de3          	bltu	a0,a1,200c028c <_loadcode_vma_start+0x8c>
200c0296:	123732b7          	lui	t0,0x12373
200c029a:	3e028293          	addi	t0,t0,992 # 123733e0 <_data_lma+0x1236851c>
200c029e:	bc029073          	csrw	0xbc0,t0
200c02a2:	429d                	li	t0,7
200c02a4:	bc129073          	csrw	0xbc1,t0
200c02a8:	42b9                	li	t0,14
200c02aa:	80429073          	csrw	0x804,t0
200c02ae:	62a1                	lui	t0,0x8
200c02b0:	88828293          	addi	t0,t0,-1912 # 7888 <__stack_size+0x6888>
200c02b4:	30029073          	csrw	mstatus,t0
200c02b8:	fffe0297          	auipc	t0,0xfffe0
200c02bc:	d4828293          	addi	t0,t0,-696 # 200a0000 <_highcode_vma_start>
200c02c0:	0032e293          	ori	t0,t0,3
200c02c4:	30529073          	csrw	mtvec,t0
200c02c8:	fffe3297          	auipc	t0,0xfffe3
200c02cc:	71a28293          	addi	t0,t0,1818 # 200a39e2 <main>
200c02d0:	34129073          	csrw	mepc,t0
200c02d4:	30200073          	mret

Disassembly of section .highcode:

200a0000 <_highcode_vma_start>:
	...
200a0008:	200a398e          	.word	0x200a398e
200a000c:	200a39aa          	.word	0x200a39aa
200a0010:	00000000          	.word	0x00000000
200a0014:	200a3b74          	.word	0x200a3b74
	...
200a0020:	200a3b74          	.word	0x200a3b74
200a0024:	200a3b74          	.word	0x200a3b74
	...
200a0030:	200a3b74          	.word	0x200a3b74
200a0034:	200a496c          	.word	0x200a496c
200a0038:	200a0300          	.word	0x200a0300
200a003c:	00000000          	.word	0x00000000
200a0040:	200a3b74          	.word	0x200a3b74
200a0044:	200a3b74          	.word	0x200a3b74
200a0048:	200a3b74          	.word	0x200a3b74
200a004c:	200a3b74          	.word	0x200a3b74
	...
200a0070:	200a3b74          	.word	0x200a3b74
	...
200a0080:	200a3b74          	.word	0x200a3b74
200a0084:	200a3b74          	.word	0x200a3b74
200a0088:	200a3b74          	.word	0x200a3b74
200a008c:	200a3b74          	.word	0x200a3b74
200a0090:	200a3b74          	.word	0x200a3b74
200a0094:	200a3b74          	.word	0x200a3b74
200a0098:	200a3b74          	.word	0x200a3b74
200a009c:	200a3b74          	.word	0x200a3b74
200a00a0:	200a3b74          	.word	0x200a3b74
200a00a4:	200a3b74          	.word	0x200a3b74
200a00a8:	200a3b74          	.word	0x200a3b74
200a00ac:	200a3b74          	.word	0x200a3b74
200a00b0:	200a3b74          	.word	0x200a3b74
200a00b4:	200a3530          	.word	0x200a3530
200a00b8:	200a3b74          	.word	0x200a3b74
200a00bc:	200a3b74          	.word	0x200a3b74
200a00c0:	200a3b74          	.word	0x200a3b74
200a00c4:	200a3b74          	.word	0x200a3b74
200a00c8:	200a3b74          	.word	0x200a3b74
200a00cc:	200a3b74          	.word	0x200a3b74
200a00d0:	200a3b74          	.word	0x200a3b74
200a00d4:	200a3b74          	.word	0x200a3b74
200a00d8:	200a3b74          	.word	0x200a3b74
200a00dc:	200a3b74          	.word	0x200a3b74
200a00e0:	200a3b74          	.word	0x200a3b74
200a00e4:	200a3b74          	.word	0x200a3b74
200a00e8:	200a3b74          	.word	0x200a3b74
200a00ec:	200a3b74          	.word	0x200a3b74
200a00f0:	200a3b74          	.word	0x200a3b74
200a00f4:	200a3b74          	.word	0x200a3b74
200a00f8:	200a3b74          	.word	0x200a3b74
200a00fc:	200a3b74          	.word	0x200a3b74
200a0100:	200a3b74          	.word	0x200a3b74
200a0104:	200a3b74          	.word	0x200a3b74
200a0108:	200a3b74          	.word	0x200a3b74
200a010c:	200a3b74          	.word	0x200a3b74
200a0110:	200a3b74          	.word	0x200a3b74
200a0114:	200a3b74          	.word	0x200a3b74
200a0118:	200a3b74          	.word	0x200a3b74
200a011c:	200a3b74          	.word	0x200a3b74
200a0120:	200a3b74          	.word	0x200a3b74
200a0124:	200a3b74          	.word	0x200a3b74
200a0128:	200a3b74          	.word	0x200a3b74
200a012c:	200a3b74          	.word	0x200a3b74
200a0130:	200a3b74          	.word	0x200a3b74
200a0134:	200a3b74          	.word	0x200a3b74
200a0138:	200a3b74          	.word	0x200a3b74
200a013c:	200a3b74          	.word	0x200a3b74
200a0140:	200a3b74          	.word	0x200a3b74
200a0144:	200a3b74          	.word	0x200a3b74
200a0148:	200a3b74          	.word	0x200a3b74
200a014c:	200a3b74          	.word	0x200a3b74
200a0150:	200a3624          	.word	0x200a3624
200a0154:	200a3708          	.word	0x200a3708
200a0158:	200a3b74          	.word	0x200a3b74
200a015c:	200a3b74          	.word	0x200a3b74
200a0160:	200a3b74          	.word	0x200a3b74
200a0164:	200a3b74          	.word	0x200a3b74
200a0168:	200a3b74          	.word	0x200a3b74
200a016c:	200a3b74          	.word	0x200a3b74
200a0170:	200a3b74          	.word	0x200a3b74
200a0174:	200a3b74          	.word	0x200a3b74
200a0178:	200a3b74          	.word	0x200a3b74
200a017c:	200a3b74          	.word	0x200a3b74
200a0180:	200a3b74          	.word	0x200a3b74
200a0184:	200a3b74          	.word	0x200a3b74
200a0188:	200a3b74          	.word	0x200a3b74
200a018c:	200a3b74          	.word	0x200a3b74
200a0190:	200a3b74          	.word	0x200a3b74
200a0194:	200a3b74          	.word	0x200a3b74
200a0198:	200a3b74          	.word	0x200a3b74
200a019c:	200a3b74          	.word	0x200a3b74
200a01a0:	200a3b74          	.word	0x200a3b74
200a01a4:	200a3b74          	.word	0x200a3b74
200a01a8:	200a3b74          	.word	0x200a3b74
200a01ac:	200a3b74          	.word	0x200a3b74
200a01b0:	200a3b74          	.word	0x200a3b74
200a01b4:	200a3b74          	.word	0x200a3b74
200a01b8:	200a3b74          	.word	0x200a3b74
200a01bc:	200a3b74          	.word	0x200a3b74
200a01c0:	200a3b74          	.word	0x200a3b74
200a01c4:	200a3b74          	.word	0x200a3b74
200a01c8:	200a3b74          	.word	0x200a3b74
200a01cc:	200a3b74          	.word	0x200a3b74
200a01d0:	200a3b74          	.word	0x200a3b74
200a01d4:	200a3b74          	.word	0x200a3b74
200a01d8:	200a3b74          	.word	0x200a3b74
200a01dc:	200a3b74          	.word	0x200a3b74
200a01e0:	200a3b74          	.word	0x200a3b74
200a01e4:	200a3b74          	.word	0x200a3b74
200a01e8:	200a3b74          	.word	0x200a3b74
200a01ec:	200a3b74          	.word	0x200a3b74
200a01f0:	200a3b74          	.word	0x200a3b74
200a01f4:	200a3b74          	.word	0x200a3b74
200a01f8:	00000000          	.word	0x00000000
200a01fc:	200a3b74          	.word	0x200a3b74
200a0200:	200a3b74          	.word	0x200a3b74
	...
200a020c:	200a3b74          	.word	0x200a3b74
	...
200a0218:	200a3b74          	.word	0x200a3b74
200a021c:	200a3b74          	.word	0x200a3b74
200a0220:	200a3b74          	.word	0x200a3b74
200a0224:	200a3b74          	.word	0x200a3b74
200a0228:	200a3b74          	.word	0x200a3b74
200a022c:	200a3b74          	.word	0x200a3b74
200a0230:	200a3b74          	.word	0x200a3b74
200a0234:	200a3b74          	.word	0x200a3b74
200a0238:	200a3b74          	.word	0x200a3b74
200a023c:	200a3b74          	.word	0x200a3b74
200a0240:	200a3b74          	.word	0x200a3b74
200a0244:	200a3b74          	.word	0x200a3b74
200a0248:	200a3b74          	.word	0x200a3b74
200a024c:	200a3b74          	.word	0x200a3b74
200a0250:	200a3b74          	.word	0x200a3b74
	...

200a0300 <SW_Handler>:
200a0300:	f8810113          	addi	sp,sp,-120
200a0304:	c206                	sw	ra,4(sp)
200a0306:	c416                	sw	t0,8(sp)
200a0308:	c61a                	sw	t1,12(sp)
200a030a:	c81e                	sw	t2,16(sp)
200a030c:	ca22                	sw	s0,20(sp)
200a030e:	cc26                	sw	s1,24(sp)
200a0310:	ce2a                	sw	a0,28(sp)
200a0312:	d02e                	sw	a1,32(sp)
200a0314:	d232                	sw	a2,36(sp)
200a0316:	d436                	sw	a3,40(sp)
200a0318:	d63a                	sw	a4,44(sp)
200a031a:	d83e                	sw	a5,48(sp)
200a031c:	da42                	sw	a6,52(sp)
200a031e:	dc46                	sw	a7,56(sp)
200a0320:	de4a                	sw	s2,60(sp)
200a0322:	c0ce                	sw	s3,64(sp)
200a0324:	c2d2                	sw	s4,68(sp)
200a0326:	c4d6                	sw	s5,72(sp)
200a0328:	c6da                	sw	s6,76(sp)
200a032a:	c8de                	sw	s7,80(sp)
200a032c:	cae2                	sw	s8,84(sp)
200a032e:	cce6                	sw	s9,88(sp)
200a0330:	ceea                	sw	s10,92(sp)
200a0332:	d0ee                	sw	s11,96(sp)
200a0334:	d2f2                	sw	t3,100(sp)
200a0336:	d4f6                	sw	t4,104(sp)
200a0338:	d6fa                	sw	t5,108(sp)
200a033a:	d8fe                	sw	t6,112(sp)
200a033c:	300022f3          	csrr	t0,mstatus
200a0340:	da96                	sw	t0,116(sp)
200a0342:	a241a283          	lw	t0,-1500(gp) # 200c0604 <pxCurrentTCB>
200a0346:	0022a023          	sw	sp,0(t0)
200a034a:	341025f3          	csrr	a1,mepc
200a034e:	c02e                	sw	a1,0(sp)
200a0350:	02000593          	li	a1,32
200a0354:	8045a073          	csrs	0x804,a1
200a0358:	9681a103          	lw	sp,-1688(gp) # 200c0548 <xISRStackTop>
200a035c:	63d040ef          	jal	ra,200a5198 <vTaskSwitchContext>

200a0360 <processed_source>:
200a0360:	a241a303          	lw	t1,-1500(gp) # 200c0604 <pxCurrentTCB>
200a0364:	00032103          	lw	sp,0(t1)
200a0368:	4282                	lw	t0,0(sp)
200a036a:	34129073          	csrw	mepc,t0
200a036e:	52d6                	lw	t0,116(sp)
200a0370:	30029073          	csrw	mstatus,t0
200a0374:	4092                	lw	ra,4(sp)
200a0376:	42a2                	lw	t0,8(sp)
200a0378:	4332                	lw	t1,12(sp)
200a037a:	43c2                	lw	t2,16(sp)
200a037c:	4452                	lw	s0,20(sp)
200a037e:	44e2                	lw	s1,24(sp)
200a0380:	4572                	lw	a0,28(sp)
200a0382:	5582                	lw	a1,32(sp)
200a0384:	5612                	lw	a2,36(sp)
200a0386:	56a2                	lw	a3,40(sp)
200a0388:	5732                	lw	a4,44(sp)
200a038a:	57c2                	lw	a5,48(sp)
200a038c:	5852                	lw	a6,52(sp)
200a038e:	58e2                	lw	a7,56(sp)
200a0390:	5972                	lw	s2,60(sp)
200a0392:	4986                	lw	s3,64(sp)
200a0394:	4a16                	lw	s4,68(sp)
200a0396:	4aa6                	lw	s5,72(sp)
200a0398:	4b36                	lw	s6,76(sp)
200a039a:	4bc6                	lw	s7,80(sp)
200a039c:	4c56                	lw	s8,84(sp)
200a039e:	4ce6                	lw	s9,88(sp)
200a03a0:	4d76                	lw	s10,92(sp)
200a03a2:	5d86                	lw	s11,96(sp)
200a03a4:	5e16                	lw	t3,100(sp)
200a03a6:	5ea6                	lw	t4,104(sp)
200a03a8:	5f36                	lw	t5,108(sp)
200a03aa:	5fc6                	lw	t6,112(sp)
200a03ac:	07810113          	addi	sp,sp,120
200a03b0:	30200073          	mret
200a03b4:	00000013          	nop
200a03b8:	00000013          	nop
200a03bc:	00000013          	nop
200a03c0:	00000013          	nop
200a03c4:	00000013          	nop
200a03c8:	00000013          	nop
200a03cc:	00000013          	nop
200a03d0:	00000013          	nop
200a03d4:	00000013          	nop
200a03d8:	00000013          	nop
200a03dc:	00000013          	nop
200a03e0:	00000013          	nop
200a03e4:	00000013          	nop
200a03e8:	00000013          	nop
200a03ec:	00000013          	nop
200a03f0:	00000013          	nop
200a03f4:	00000013          	nop
200a03f8:	00000013          	nop
200a03fc:	00000013          	nop

200a0400 <xPortStartFirstTask>:
200a0400:	9681a283          	lw	t0,-1688(gp) # 200c0548 <xISRStackTop>
200a0404:	e0028293          	addi	t0,t0,-512
200a0408:	34029073          	csrw	mscratch,t0
200a040c:	a241a103          	lw	sp,-1500(gp) # 200c0604 <pxCurrentTCB>
200a0410:	4102                	lw	sp,0(sp)
200a0412:	4082                	lw	ra,0(sp)
200a0414:	4332                	lw	t1,12(sp)
200a0416:	43c2                	lw	t2,16(sp)
200a0418:	4452                	lw	s0,20(sp)
200a041a:	44e2                	lw	s1,24(sp)
200a041c:	4572                	lw	a0,28(sp)
200a041e:	5582                	lw	a1,32(sp)
200a0420:	5612                	lw	a2,36(sp)
200a0422:	56a2                	lw	a3,40(sp)
200a0424:	5732                	lw	a4,44(sp)
200a0426:	57c2                	lw	a5,48(sp)
200a0428:	5852                	lw	a6,52(sp)
200a042a:	58e2                	lw	a7,56(sp)
200a042c:	5972                	lw	s2,60(sp)
200a042e:	4986                	lw	s3,64(sp)
200a0430:	4a16                	lw	s4,68(sp)
200a0432:	4aa6                	lw	s5,72(sp)
200a0434:	4b36                	lw	s6,76(sp)
200a0436:	4bc6                	lw	s7,80(sp)
200a0438:	4c56                	lw	s8,84(sp)
200a043a:	4ce6                	lw	s9,88(sp)
200a043c:	4d76                	lw	s10,92(sp)
200a043e:	5d86                	lw	s11,96(sp)
200a0440:	5e16                	lw	t3,100(sp)
200a0442:	5ea6                	lw	t4,104(sp)
200a0444:	5f36                	lw	t5,108(sp)
200a0446:	5fc6                	lw	t6,112(sp)
200a0448:	52d6                	lw	t0,116(sp)
200a044a:	02a1                	addi	t0,t0,8
200a044c:	30029073          	csrw	mstatus,t0
200a0450:	42a2                	lw	t0,8(sp)
200a0452:	07810113          	addi	sp,sp,120
200a0456:	8082                	ret
200a0458:	00000013          	nop
200a045c:	00000013          	nop
200a0460:	00000013          	nop
200a0464:	00000013          	nop
200a0468:	00000013          	nop
200a046c:	00000013          	nop
200a0470:	00000013          	nop
200a0474:	00000013          	nop
200a0478:	00000013          	nop
200a047c:	00000013          	nop
200a0480:	00000013          	nop
200a0484:	00000013          	nop
200a0488:	00000013          	nop
200a048c:	00000013          	nop
200a0490:	00000013          	nop
200a0494:	00000013          	nop
200a0498:	00000013          	nop
200a049c:	00000013          	nop
200a04a0:	00000013          	nop
200a04a4:	00000013          	nop
200a04a8:	00000013          	nop
200a04ac:	00000013          	nop
200a04b0:	00000013          	nop
200a04b4:	00000013          	nop
200a04b8:	00000013          	nop
200a04bc:	00000013          	nop
200a04c0:	00000013          	nop
200a04c4:	00000013          	nop
200a04c8:	00000013          	nop
200a04cc:	00000013          	nop
200a04d0:	00000013          	nop
200a04d4:	00000013          	nop
200a04d8:	00000013          	nop
200a04dc:	00000013          	nop
200a04e0:	00000013          	nop
200a04e4:	00000013          	nop
200a04e8:	00000013          	nop
200a04ec:	00000013          	nop
200a04f0:	00000013          	nop
200a04f4:	00000013          	nop
200a04f8:	00000013          	nop
200a04fc:	00000013          	nop

200a0500 <pxPortInitialiseStack>:
200a0500:	300022f3          	csrr	t0,mstatus
200a0504:	ff72f293          	andi	t0,t0,-9
200a0508:	78800313          	li	t1,1928
200a050c:	0312                	slli	t1,t1,0x4
200a050e:	0062e2b3          	or	t0,t0,t1
200a0512:	1571                	addi	a0,a0,-4
200a0514:	00552023          	sw	t0,0(a0)
200a0518:	fa850513          	addi	a0,a0,-88
200a051c:	c110                	sw	a2,0(a0)
200a051e:	1521                	addi	a0,a0,-24
200a0520:	00052023          	sw	zero,0(a0)
200a0524:	4281                	li	t0,0

200a0526 <chip_specific_stack_frame>:
200a0526:	00028763          	beqz	t0,200a0534 <chip_specific_stack_frame+0xe>
200a052a:	1571                	addi	a0,a0,-4
200a052c:	00052023          	sw	zero,0(a0)
200a0530:	12fd                	addi	t0,t0,-1
200a0532:	bfd5                	j	200a0526 <chip_specific_stack_frame>
200a0534:	1571                	addi	a0,a0,-4
200a0536:	c10c                	sw	a1,0(a0)
200a0538:	8082                	ret
	...

200a05e6 <__riscv_save_12>:
200a05e6:	7139                	addi	sp,sp,-64
200a05e8:	4301                	li	t1,0
200a05ea:	c66e                	sw	s11,12(sp)
200a05ec:	a019                	j	200a05f2 <__riscv_save_10+0x4>

200a05ee <__riscv_save_10>:
200a05ee:	7139                	addi	sp,sp,-64
200a05f0:	5341                	li	t1,-16
200a05f2:	c86a                	sw	s10,16(sp)
200a05f4:	ca66                	sw	s9,20(sp)
200a05f6:	cc62                	sw	s8,24(sp)
200a05f8:	ce5e                	sw	s7,28(sp)
200a05fa:	a019                	j	200a0600 <__riscv_save_4+0x4>

200a05fc <__riscv_save_4>:
200a05fc:	7139                	addi	sp,sp,-64
200a05fe:	5301                	li	t1,-32
200a0600:	d05a                	sw	s6,32(sp)
200a0602:	d256                	sw	s5,36(sp)
200a0604:	d452                	sw	s4,40(sp)
200a0606:	d64e                	sw	s3,44(sp)
200a0608:	d84a                	sw	s2,48(sp)
200a060a:	da26                	sw	s1,52(sp)
200a060c:	dc22                	sw	s0,56(sp)
200a060e:	de06                	sw	ra,60(sp)
200a0610:	40610133          	sub	sp,sp,t1
200a0614:	8282                	jr	t0

200a0616 <__riscv_save_0>:
200a0616:	1141                	addi	sp,sp,-16
200a0618:	c04a                	sw	s2,0(sp)
200a061a:	c226                	sw	s1,4(sp)
200a061c:	c422                	sw	s0,8(sp)
200a061e:	c606                	sw	ra,12(sp)
200a0620:	8282                	jr	t0

200a0622 <__riscv_restore_12>:
200a0622:	4db2                	lw	s11,12(sp)
200a0624:	0141                	addi	sp,sp,16

200a0626 <__riscv_restore_10>:
200a0626:	4d02                	lw	s10,0(sp)
200a0628:	4c92                	lw	s9,4(sp)
200a062a:	4c22                	lw	s8,8(sp)
200a062c:	4bb2                	lw	s7,12(sp)
200a062e:	0141                	addi	sp,sp,16

200a0630 <__riscv_restore_4>:
200a0630:	4b02                	lw	s6,0(sp)
200a0632:	4a92                	lw	s5,4(sp)
200a0634:	4a22                	lw	s4,8(sp)
200a0636:	49b2                	lw	s3,12(sp)
200a0638:	0141                	addi	sp,sp,16

200a063a <__riscv_restore_0>:
200a063a:	4902                	lw	s2,0(sp)
200a063c:	4492                	lw	s1,4(sp)
200a063e:	4422                	lw	s0,8(sp)
200a0640:	40b2                	lw	ra,12(sp)
200a0642:	0141                	addi	sp,sp,16
200a0644:	8082                	ret

200a0646 <memcpy>:
200a0646:	832a                	mv	t1,a0
200a0648:	ca09                	beqz	a2,200a065a <memcpy+0x14>
200a064a:	00058383          	lb	t2,0(a1)
200a064e:	00730023          	sb	t2,0(t1)
200a0652:	167d                	addi	a2,a2,-1
200a0654:	0305                	addi	t1,t1,1
200a0656:	0585                	addi	a1,a1,1
200a0658:	fa6d                	bnez	a2,200a064a <memcpy+0x4>
200a065a:	8082                	ret

200a065c <memset>:
200a065c:	832a                	mv	t1,a0
200a065e:	c611                	beqz	a2,200a066a <memset+0xe>
200a0660:	00b30023          	sb	a1,0(t1)
200a0664:	167d                	addi	a2,a2,-1
200a0666:	0305                	addi	t1,t1,1
200a0668:	fe65                	bnez	a2,200a0660 <memset+0x4>
200a066a:	8082                	ret

200a066c <enter_mode>:
200a066c:	f91ff2ef          	jal	t0,200a05fc <__riscv_save_4>
200a0670:	842a                	mv	s0,a0
200a0672:	84ae                	mv	s1,a1
200a0674:	404020ef          	jal	ra,200a2a78 <bsp_board_millis>
200a0678:	0f442983          	lw	s3,244(s0)
200a067c:	0c544703          	lbu	a4,197(s0)
200a0680:	0bc42683          	lw	a3,188(s0)
200a0684:	00999563          	bne	s3,s1,200a068e <enter_mode+0x22>
200a0688:	0f842783          	lw	a5,248(s0)
200a068c:	e3c9                	bnez	a5,200a070e <enter_mode+0xa2>
200a068e:	0e942a23          	sw	s1,244(s0)
200a0692:	0ea42c23          	sw	a0,248(s0)
200a0696:	10d42023          	sw	a3,256(s0)
200a069a:	10d42223          	sw	a3,260(s0)
200a069e:	10e40523          	sb	a4,266(s0)
200a06a2:	47a1                	li	a5,8
200a06a4:	0c97e863          	bltu	a5,s1,200a0774 <enter_mode+0x108>
200a06a8:	200aa7b7          	lui	a5,0x200aa
200a06ac:	47078793          	addi	a5,a5,1136 # 200aa470 <_read+0xc>
200a06b0:	20f4c7b3          	sh2add	a5,s1,a5
200a06b4:	439c                	lw	a5,0(a5)
200a06b6:	8782                	jr	a5
200a06b8:	10041423          	sh	zero,264(s0)
200a06bc:	10040523          	sb	zero,266(s0)
200a06c0:	9711c903          	lbu	s2,-1679(gp) # 200c0551 <g_xlog_idx>
200a06c4:	3b4020ef          	jal	ra,200a2a78 <bsp_board_millis>
200a06c8:	0ff97913          	zext.b	s2,s2
200a06cc:	10c42703          	lw	a4,268(s0)
200a06d0:	0912                	slli	s2,s2,0x4
200a06d2:	a5018793          	addi	a5,gp,-1456 # 200c0630 <g_xlog>
200a06d6:	97ca                	add	a5,a5,s2
200a06d8:	c388                	sw	a0,0(a5)
200a06da:	c3d8                	sw	a4,4(a5)
200a06dc:	08c45703          	lhu	a4,140(s0)
200a06e0:	0ff9f993          	zext.b	s3,s3
200a06e4:	0ff4f493          	zext.b	s1,s1
200a06e8:	a79a                	sh	a4,8(a5)
200a06ea:	10844703          	lbu	a4,264(s0)
200a06ee:	01378523          	sb	s3,10(a5)
200a06f2:	b7a4                	sb	s1,11(a5)
200a06f4:	a7d8                	sb	a4,12(a5)
200a06f6:	09044703          	lbu	a4,144(s0)
200a06fa:	b7d8                	sb	a4,13(a5)
200a06fc:	09344703          	lbu	a4,147(s0)
200a0700:	a7f8                	sb	a4,14(a5)
200a0702:	9711c783          	lbu	a5,-1679(gp) # 200c0551 <g_xlog_idx>
200a0706:	0785                	addi	a5,a5,1
200a0708:	8bbd                	andi	a5,a5,15
200a070a:	96f188a3          	sb	a5,-1679(gp) # 200c0551 <g_xlog_idx>
200a070e:	b70d                	j	200a0630 <__riscv_restore_4>
200a0710:	4785                	li	a5,1
200a0712:	10f40423          	sb	a5,264(s0)
200a0716:	d74d                	beqz	a4,200a06c0 <enter_mode+0x54>
200a0718:	0ed42e23          	sw	a3,252(s0)
200a071c:	10f404a3          	sb	a5,265(s0)
200a0720:	b745                	j	200a06c0 <enter_mode+0x54>
200a0722:	4605                	li	a2,1
200a0724:	10c40423          	sb	a2,264(s0)
200a0728:	10944783          	lbu	a5,265(s0)
200a072c:	c305                	beqz	a4,200a074c <enter_mode+0xe0>
200a072e:	e789                	bnez	a5,200a0738 <enter_mode+0xcc>
200a0730:	0ed42e23          	sw	a3,252(s0)
200a0734:	10c404a3          	sb	a2,265(s0)
200a0738:	8481a583          	lw	a1,-1976(gp) # 200c0428 <_impure_ptr+0x24>
200a073c:	0fc42503          	lw	a0,252(s0)
200a0740:	209070ef          	jal	ra,200a8148 <__addsf3>
200a0744:	10a42223          	sw	a0,260(s0)
200a0748:	4785                	li	a5,1
200a074a:	a039                	j	200a0758 <enter_mode+0xec>
200a074c:	dbb5                	beqz	a5,200a06c0 <enter_mode+0x54>
200a074e:	b7ed                	j	200a0738 <enter_mode+0xcc>
200a0750:	4785                	li	a5,1
200a0752:	10f40423          	sb	a5,264(s0)
200a0756:	d72d                	beqz	a4,200a06c0 <enter_mode+0x54>
200a0758:	10f40523          	sb	a5,266(s0)
200a075c:	b795                	j	200a06c0 <enter_mode+0x54>
200a075e:	10944703          	lbu	a4,265(s0)
200a0762:	4785                	li	a5,1
200a0764:	10f40423          	sb	a5,264(s0)
200a0768:	df21                	beqz	a4,200a06c0 <enter_mode+0x54>
200a076a:	0fc42703          	lw	a4,252(s0)
200a076e:	10e42223          	sw	a4,260(s0)
200a0772:	b7dd                	j	200a0758 <enter_mode+0xec>
200a0774:	4785                	li	a5,1
200a0776:	10f40423          	sb	a5,264(s0)
200a077a:	b799                	j	200a06c0 <enter_mode+0x54>

200a077c <CommanderTask>:
200a077c:	e73ff2ef          	jal	t0,200a05ee <__riscv_save_10>
200a0780:	200d97b7          	lui	a5,0x200d9
200a0784:	74878793          	addi	a5,a5,1864 # 200d9748 <g_dbg_boot>
200a0788:	06700713          	li	a4,103
200a078c:	c398                	sw	a4,0(a5)
200a078e:	43d8                	lw	a4,4(a5)
200a0790:	1141                	addi	sp,sp,-16
200a0792:	00876713          	ori	a4,a4,8
200a0796:	c3d8                	sw	a4,4(a5)
200a0798:	692040ef          	jal	ra,200a4e2a <xTaskGetTickCount>
200a079c:	c62a                	sw	a0,12(sp)
200a079e:	03200513          	li	a0,50
200a07a2:	2b81                	jal	200a0cf2 <task_period_ticks>
200a07a4:	892a                	mv	s2,a0
200a07a6:	062030ef          	jal	ra,200a3808 <app_state>
200a07aa:	8541ab83          	lw	s7,-1964(gp) # 200c0434 <_impure_ptr+0x30>
200a07ae:	8501ac03          	lw	s8,-1968(gp) # 200c0430 <_impure_ptr+0x2c>
200a07b2:	84c1ac83          	lw	s9,-1972(gp) # 200c042c <_impure_ptr+0x28>
200a07b6:	200aaab7          	lui	s5,0x200aa
200a07ba:	842a                	mv	s0,a0
200a07bc:	4a01                	li	s4,0
200a07be:	494a8a93          	addi	s5,s5,1172 # 200aa494 <_read+0x30>
200a07c2:	668040ef          	jal	ra,200a4e2a <xTaskGetTickCount>
200a07c6:	89aa                	mv	s3,a0
200a07c8:	8522                	mv	a0,s0
200a07ca:	053000ef          	jal	ra,200a101c <safety_update>
200a07ce:	0f442783          	lw	a5,244(s0)
200a07d2:	4605                	li	a2,1
200a07d4:	10c42683          	lw	a3,268(s0)
200a07d8:	ffd78593          	addi	a1,a5,-3
200a07dc:	04b67463          	bgeu	a2,a1,200a0824 <CommanderTask+0xa8>
200a07e0:	461d                	li	a2,7
200a07e2:	02c78563          	beq	a5,a2,200a080c <CommanderTask+0x90>
200a07e6:	cab5                	beqz	a3,200a085a <CommanderTask+0xde>
200a07e8:	4795                	li	a5,5
200a07ea:	96f18823          	sb	a5,-1680(gp) # 200c0550 <error_streak.0>
200a07ee:	10844783          	lbu	a5,264(s0)
200a07f2:	4581                	li	a1,0
200a07f4:	cb89                	beqz	a5,200a0806 <CommanderTask+0x8a>
200a07f6:	9aed                	andi	a3,a3,-5
200a07f8:	45a1                	li	a1,8
200a07fa:	e691                	bnez	a3,200a0806 <CommanderTask+0x8a>
200a07fc:	0c544783          	lbu	a5,197(s0)
200a0800:	45a1                	li	a1,8
200a0802:	c391                	beqz	a5,200a0806 <CommanderTask+0x8a>
200a0804:	459d                	li	a1,7
200a0806:	8522                	mv	a0,s0
200a0808:	3595                	jal	200a066c <enter_mode>
200a080a:	a805                	j	200a083a <CommanderTask+0xbe>
200a080c:	ee89                	bnez	a3,200a0826 <CommanderTask+0xaa>
200a080e:	96018823          	sb	zero,-1680(gp) # 200c0550 <error_streak.0>
200a0812:	10844703          	lbu	a4,264(s0)
200a0816:	14070263          	beqz	a4,200a095a <CommanderTask+0x1de>
200a081a:	09044703          	lbu	a4,144(s0)
200a081e:	e339                	bnez	a4,200a0864 <CommanderTask+0xe8>
200a0820:	4585                	li	a1,1
200a0822:	b7d5                	j	200a0806 <CommanderTask+0x8a>
200a0824:	c6b9                	beqz	a3,200a0872 <CommanderTask+0xf6>
200a0826:	9701c783          	lbu	a5,-1680(gp) # 200c0550 <error_streak.0>
200a082a:	4611                	li	a2,4
200a082c:	0785                	addi	a5,a5,1
200a082e:	0ff7f793          	zext.b	a5,a5
200a0832:	96f18823          	sb	a5,-1680(gp) # 200c0550 <error_streak.0>
200a0836:	faf669e3          	bltu	a2,a5,200a07e8 <CommanderTask+0x6c>
200a083a:	8522                	mv	a0,s0
200a083c:	017000ef          	jal	ra,200a1052 <mission_update>
200a0840:	001a4a13          	xori	s4,s4,1
200a0844:	8552                	mv	a0,s4
200a0846:	140020ef          	jal	ra,200a2986 <bsp_board_led_set>
200a084a:	85ce                	mv	a1,s3
200a084c:	450d                	li	a0,3
200a084e:	21c9                	jal	200a0d10 <task_record_heartbeat>
200a0850:	85ca                	mv	a1,s2
200a0852:	0068                	addi	a0,sp,12
200a0854:	061040ef          	jal	ra,200a50b4 <xTaskDelayUntil>
200a0858:	b7ad                	j	200a07c2 <CommanderTask+0x46>
200a085a:	96018823          	sb	zero,-1680(gp) # 200c0550 <error_streak.0>
200a085e:	10844703          	lbu	a4,264(s0)
200a0862:	ff45                	bnez	a4,200a081a <CommanderTask+0x9e>
200a0864:	4721                	li	a4,8
200a0866:	faf76de3          	bltu	a4,a5,200a0820 <CommanderTask+0xa4>
200a086a:	2157c7b3          	sh2add	a5,a5,s5
200a086e:	439c                	lw	a5,0(a5)
200a0870:	8782                	jr	a5
200a0872:	96018823          	sb	zero,-1680(gp) # 200c0550 <error_streak.0>
200a0876:	10844703          	lbu	a4,264(s0)
200a087a:	d76d                	beqz	a4,200a0864 <CommanderTask+0xe8>
200a087c:	09044703          	lbu	a4,144(s0)
200a0880:	d345                	beqz	a4,200a0820 <CommanderTask+0xa4>
200a0882:	08c45683          	lhu	a3,140(s0)
200a0886:	40600713          	li	a4,1030
200a088a:	fcd76de3          	bltu	a4,a3,200a0864 <CommanderTask+0xe8>
200a088e:	bf49                	j	200a0820 <CommanderTask+0xa4>
200a0890:	09344783          	lbu	a5,147(s0)
200a0894:	10040423          	sb	zero,264(s0)
200a0898:	d3cd                	beqz	a5,200a083a <CommanderTask+0xbe>
200a089a:	09244783          	lbu	a5,146(s0)
200a089e:	ffd1                	bnez	a5,200a083a <CommanderTask+0xbe>
200a08a0:	09044783          	lbu	a5,144(s0)
200a08a4:	dbd9                	beqz	a5,200a083a <CommanderTask+0xbe>
200a08a6:	08c45703          	lhu	a4,140(s0)
200a08aa:	40600793          	li	a5,1030
200a08ae:	f8e7e6e3          	bltu	a5,a4,200a083a <CommanderTask+0xbe>
200a08b2:	0c444783          	lbu	a5,196(s0)
200a08b6:	d3d1                	beqz	a5,200a083a <CommanderTask+0xbe>
200a08b8:	0b042483          	lw	s1,176(s0)
200a08bc:	00000593          	li	a1,0
200a08c0:	8526                	mv	a0,s1
200a08c2:	791070ef          	jal	ra,200a8852 <__lesf2>
200a08c6:	00055463          	bgez	a0,200a08ce <CommanderTask+0x152>
200a08ca:	69f49493          	binvi	s1,s1,0x1f
200a08ce:	85e6                	mv	a1,s9
200a08d0:	8526                	mv	a0,s1
200a08d2:	781070ef          	jal	ra,200a8852 <__lesf2>
200a08d6:	f6a042e3          	bgtz	a0,200a083a <CommanderTask+0xbe>
200a08da:	0b442483          	lw	s1,180(s0)
200a08de:	00000593          	li	a1,0
200a08e2:	8526                	mv	a0,s1
200a08e4:	76f070ef          	jal	ra,200a8852 <__lesf2>
200a08e8:	00055463          	bgez	a0,200a08f0 <CommanderTask+0x174>
200a08ec:	69f49493          	binvi	s1,s1,0x1f
200a08f0:	84c1a583          	lw	a1,-1972(gp) # 200c042c <_impure_ptr+0x28>
200a08f4:	8526                	mv	a0,s1
200a08f6:	75d070ef          	jal	ra,200a8852 <__lesf2>
200a08fa:	f4a040e3          	bgtz	a0,200a083a <CommanderTask+0xbe>
200a08fe:	0c544783          	lbu	a5,197(s0)
200a0902:	4589                	li	a1,2
200a0904:	db9d                	beqz	a5,200a083a <CommanderTask+0xbe>
200a0906:	b701                	j	200a0806 <CommanderTask+0x8a>
200a0908:	09044783          	lbu	a5,144(s0)
200a090c:	f0078ae3          	beqz	a5,200a0820 <CommanderTask+0xa4>
200a0910:	09344783          	lbu	a5,147(s0)
200a0914:	d39d                	beqz	a5,200a083a <CommanderTask+0xbe>
200a0916:	08c45703          	lhu	a4,140(s0)
200a091a:	67100793          	li	a5,1649
200a091e:	f0e7fee3          	bgeu	a5,a4,200a083a <CommanderTask+0xbe>
200a0922:	0c544783          	lbu	a5,197(s0)
200a0926:	458d                	li	a1,3
200a0928:	f00789e3          	beqz	a5,200a083a <CommanderTask+0xbe>
200a092c:	bde9                	j	200a0806 <CommanderTask+0x8a>
200a092e:	0c544783          	lbu	a5,197(s0)
200a0932:	f00784e3          	beqz	a5,200a083a <CommanderTask+0xbe>
200a0936:	10a44783          	lbu	a5,266(s0)
200a093a:	f00780e3          	beqz	a5,200a083a <CommanderTask+0xbe>
200a093e:	10442503          	lw	a0,260(s0)
200a0942:	85e2                	mv	a1,s8
200a0944:	26c080ef          	jal	ra,200a8bb0 <__subsf3>
200a0948:	85aa                	mv	a1,a0
200a094a:	0bc42503          	lw	a0,188(s0)
200a094e:	66f070ef          	jal	ra,200a87bc <__gesf2>
200a0952:	4591                	li	a1,4
200a0954:	ea0559e3          	bgez	a0,200a0806 <CommanderTask+0x8a>
200a0958:	b5cd                	j	200a083a <CommanderTask+0xbe>
200a095a:	11e020ef          	jal	ra,200a2a78 <bsp_board_millis>
200a095e:	0c544703          	lbu	a4,197(s0)
200a0962:	87aa                	mv	a5,a0
200a0964:	e711                	bnez	a4,200a0970 <CommanderTask+0x1f4>
200a0966:	09044783          	lbu	a5,144(s0)
200a096a:	ec0798e3          	bnez	a5,200a083a <CommanderTask+0xbe>
200a096e:	bd4d                	j	200a0820 <CommanderTask+0xa4>
200a0970:	10944703          	lbu	a4,265(s0)
200a0974:	c739                	beqz	a4,200a09c2 <CommanderTask+0x246>
200a0976:	0fc42503          	lw	a0,252(s0)
200a097a:	0f842703          	lw	a4,248(s0)
200a097e:	8f99                	sub	a5,a5,a4
200a0980:	3e700713          	li	a4,999
200a0984:	eaf77be3          	bgeu	a4,a5,200a083a <CommanderTask+0xbe>
200a0988:	85de                	mv	a1,s7
200a098a:	7be070ef          	jal	ra,200a8148 <__addsf3>
200a098e:	85aa                	mv	a1,a0
200a0990:	0bc42503          	lw	a0,188(s0)
200a0994:	6bf070ef          	jal	ra,200a8852 <__lesf2>
200a0998:	eaa041e3          	bgtz	a0,200a083a <CommanderTask+0xbe>
200a099c:	0c042483          	lw	s1,192(s0)
200a09a0:	00000593          	li	a1,0
200a09a4:	8526                	mv	a0,s1
200a09a6:	6ad070ef          	jal	ra,200a8852 <__lesf2>
200a09aa:	00055463          	bgez	a0,200a09b2 <CommanderTask+0x236>
200a09ae:	69f49493          	binvi	s1,s1,0x1f
200a09b2:	8581a583          	lw	a1,-1960(gp) # 200c0438 <_impure_ptr+0x34>
200a09b6:	8526                	mv	a0,s1
200a09b8:	69b070ef          	jal	ra,200a8852 <__lesf2>
200a09bc:	e6a04fe3          	bgtz	a0,200a083a <CommanderTask+0xbe>
200a09c0:	b585                	j	200a0820 <CommanderTask+0xa4>
200a09c2:	10442503          	lw	a0,260(s0)
200a09c6:	bf55                	j	200a097a <CommanderTask+0x1fe>

200a09c8 <ControlTask>:
200a09c8:	c27ff2ef          	jal	t0,200a05ee <__riscv_save_10>
200a09cc:	200d97b7          	lui	a5,0x200d9
200a09d0:	74878793          	addi	a5,a5,1864 # 200d9748 <g_dbg_boot>
200a09d4:	06600713          	li	a4,102
200a09d8:	c398                	sw	a4,0(a5)
200a09da:	43d8                	lw	a4,4(a5)
200a09dc:	1101                	addi	sp,sp,-32
200a09de:	03e804b7          	lui	s1,0x3e80
200a09e2:	00476713          	ori	a4,a4,4
200a09e6:	c3d8                	sw	a4,4(a5)
200a09e8:	442040ef          	jal	ra,200a4e2a <xTaskGetTickCount>
200a09ec:	ce2a                	sw	a0,28(sp)
200a09ee:	0fa00513          	li	a0,250
200a09f2:	2601                	jal	200a0cf2 <task_period_ticks>
200a09f4:	892a                	mv	s2,a0
200a09f6:	613020ef          	jal	ra,200a3808 <app_state>
200a09fa:	85c1ab03          	lw	s6,-1956(gp) # 200c043c <_impure_ptr+0x38>
200a09fe:	01000a37          	lui	s4,0x1000
200a0a02:	200d99b7          	lui	s3,0x200d9
200a0a06:	842a                	mv	s0,a0
200a0a08:	3e848493          	addi	s1,s1,1000 # 3e803e8 <_data_lma+0x3e75524>
200a0a0c:	f00a0a13          	addi	s4,s4,-256 # ffff00 <_data_lma+0xff503c>
200a0a10:	200aac37          	lui	s8,0x200aa
200a0a14:	63c98993          	addi	s3,s3,1596 # 200d963c <g_dbg_tasks>
200a0a18:	412040ef          	jal	ra,200a4e2a <xTaskGetTickCount>
200a0a1c:	85a2                	mv	a1,s0
200a0a1e:	8aaa                	mv	s5,a0
200a0a20:	86da                	mv	a3,s6
200a0a22:	0b040513          	addi	a0,s0,176
200a0a26:	03040613          	addi	a2,s0,48
200a0a2a:	640000ef          	jal	ra,200a106a <attitude_estimator_update>
200a0a2e:	85da                	mv	a1,s6
200a0a30:	8522                	mv	a0,s0
200a0a32:	05d000ef          	jal	ra,200a128e <flight_controller_update>
200a0a36:	c021                	beqz	s0,200a0a76 <ControlTask+0xae>
200a0a38:	09344783          	lbu	a5,147(s0)
200a0a3c:	cf99                	beqz	a5,200a0a5a <ControlTask+0x92>
200a0a3e:	09042783          	lw	a5,144(s0)
200a0a42:	0147f7b3          	and	a5,a5,s4
200a0a46:	eb91                	bnez	a5,200a0a5a <ControlTask+0x92>
200a0a48:	09044783          	lbu	a5,144(s0)
200a0a4c:	c799                	beqz	a5,200a0a5a <ControlTask+0x92>
200a0a4e:	08c45703          	lhu	a4,140(s0)
200a0a52:	40600793          	li	a5,1030
200a0a56:	02e7e063          	bltu	a5,a4,200a0a76 <ControlTask+0xae>
200a0a5a:	00000793          	li	a5,0
200a0a5e:	0ef42423          	sw	a5,232(s0)
200a0a62:	0e942623          	sw	s1,236(s0)
200a0a66:	0e942823          	sw	s1,240(s0)
200a0a6a:	0cf42a23          	sw	a5,212(s0)
200a0a6e:	0cf42c23          	sw	a5,216(s0)
200a0a72:	0cf42e23          	sw	a5,220(s0)
200a0a76:	0ec40513          	addi	a0,s0,236
200a0a7a:	22c020ef          	jal	ra,200a2ca6 <bsp_pwm_motors_write>
200a0a7e:	7fb010ef          	jal	ra,200a2a78 <bsp_board_millis>
200a0a82:	9741a783          	lw	a5,-1676(gp) # 200c0554 <last_ms.0>
200a0a86:	06300713          	li	a4,99
200a0a8a:	40f507b3          	sub	a5,a0,a5
200a0a8e:	04f77763          	bgeu	a4,a5,200a0adc <ControlTask+0x114>
200a0a92:	0ac44e03          	lbu	t3,172(s0)
200a0a96:	0ec45583          	lhu	a1,236(s0)
200a0a9a:	0ee45603          	lhu	a2,238(s0)
200a0a9e:	0f045683          	lhu	a3,240(s0)
200a0aa2:	0f245703          	lhu	a4,242(s0)
200a0aa6:	0f442883          	lw	a7,244(s0)
200a0aaa:	c472                	sw	t3,8(sp)
200a0aac:	09344e03          	lbu	t3,147(s0)
200a0ab0:	96a1aa23          	sw	a0,-1676(gp) # 200c0554 <last_ms.0>
200a0ab4:	00d60333          	add	t1,a2,a3
200a0ab8:	c272                	sw	t3,4(sp)
200a0aba:	08c45e03          	lhu	t3,140(s0)
200a0abe:	00c58533          	add	a0,a1,a2
200a0ac2:	00e58833          	add	a6,a1,a4
200a0ac6:	00e687b3          	add	a5,a3,a4
200a0aca:	40f507b3          	sub	a5,a0,a5
200a0ace:	c072                	sw	t3,0(sp)
200a0ad0:	41030833          	sub	a6,t1,a6
200a0ad4:	4b8c0513          	addi	a0,s8,1208 # 200aa4b8 <_read+0x54>
200a0ad8:	7d0080ef          	jal	ra,200a92a8 <iprintf>
200a0adc:	85d6                	mv	a1,s5
200a0ade:	4509                	li	a0,2
200a0ae0:	2c05                	jal	200a0d10 <task_record_heartbeat>
200a0ae2:	0709a783          	lw	a5,112(s3)
200a0ae6:	c781                	beqz	a5,200a0aee <ControlTask+0x126>
200a0ae8:	4505                	li	a0,1
200a0aea:	65e040ef          	jal	ra,200a5148 <vTaskDelay>
200a0aee:	85ca                	mv	a1,s2
200a0af0:	0868                	addi	a0,sp,28
200a0af2:	5c2040ef          	jal	ra,200a50b4 <xTaskDelayUntil>
200a0af6:	b70d                	j	200a0a18 <ControlTask+0x50>

200a0af8 <rc_channel_to_axis>:
200a0af8:	b1fff2ef          	jal	t0,200a0616 <__riscv_save_0>
200a0afc:	a3850713          	addi	a4,a0,-1480
200a0b00:	02800793          	li	a5,40
200a0b04:	00000413          	li	s0,0
200a0b08:	02e7fb63          	bgeu	a5,a4,200a0b3e <rc_channel_to_axis+0x46>
200a0b0c:	a2450513          	addi	a0,a0,-1500
200a0b10:	4c4080ef          	jal	ra,200a8fd4 <__floatsisf>
200a0b14:	8681a583          	lw	a1,-1944(gp) # 200c0448 <_impure_ptr+0x44>
200a0b18:	189070ef          	jal	ra,200a84a0 <__divsf3>
200a0b1c:	8601a483          	lw	s1,-1952(gp) # 200c0440 <_impure_ptr+0x3c>
200a0b20:	842a                	mv	s0,a0
200a0b22:	85a6                	mv	a1,s1
200a0b24:	52f070ef          	jal	ra,200a8852 <__lesf2>
200a0b28:	00054a63          	bltz	a0,200a0b3c <rc_channel_to_axis+0x44>
200a0b2c:	8641a483          	lw	s1,-1948(gp) # 200c0444 <_impure_ptr+0x40>
200a0b30:	8522                	mv	a0,s0
200a0b32:	85a6                	mv	a1,s1
200a0b34:	489070ef          	jal	ra,200a87bc <__gesf2>
200a0b38:	00a05363          	blez	a0,200a0b3e <rc_channel_to_axis+0x46>
200a0b3c:	8426                	mv	s0,s1
200a0b3e:	8522                	mv	a0,s0
200a0b40:	bced                	j	200a063a <__riscv_restore_0>

200a0b42 <DecisionTask>:
200a0b42:	aa5ff2ef          	jal	t0,200a05e6 <__riscv_save_12>
200a0b46:	200d97b7          	lui	a5,0x200d9
200a0b4a:	74878793          	addi	a5,a5,1864 # 200d9748 <g_dbg_boot>
200a0b4e:	06900713          	li	a4,105
200a0b52:	c398                	sw	a4,0(a5)
200a0b54:	43d8                	lw	a4,4(a5)
200a0b56:	1101                	addi	sp,sp,-32
200a0b58:	00276713          	ori	a4,a4,2
200a0b5c:	c3d8                	sw	a4,4(a5)
200a0b5e:	2cc040ef          	jal	ra,200a4e2a <xTaskGetTickCount>
200a0b62:	ce2a                	sw	a0,28(sp)
200a0b64:	03200513          	li	a0,50
200a0b68:	2269                	jal	200a0cf2 <task_period_ticks>
200a0b6a:	c42a                	sw	a0,8(sp)
200a0b6c:	49d020ef          	jal	ra,200a3808 <app_state>
200a0b70:	86c1ab03          	lw	s6,-1940(gp) # 200c044c <_impure_ptr+0x48>
200a0b74:	8701ab83          	lw	s7,-1936(gp) # 200c0450 <_impure_ptr+0x4c>
200a0b78:	8601ac03          	lw	s8,-1952(gp) # 200c0440 <_impure_ptr+0x3c>
200a0b7c:	8641ac83          	lw	s9,-1948(gp) # 200c0444 <_impure_ptr+0x40>
200a0b80:	842a                	mv	s0,a0
200a0b82:	2a8040ef          	jal	ra,200a4e2a <xTaskGetTickCount>
200a0b86:	09344a83          	lbu	s5,147(s0)
200a0b8a:	c62a                	sw	a0,12(sp)
200a0b8c:	07042d03          	lw	s10,112(s0)
200a0b90:	140a8063          	beqz	s5,200a0cd0 <DecisionTask+0x18e>
200a0b94:	09244783          	lbu	a5,146(s0)
200a0b98:	12079c63          	bnez	a5,200a0cd0 <DecisionTask+0x18e>
200a0b9c:	07445503          	lhu	a0,116(s0)
200a0ba0:	3fa1                	jal	200a0af8 <rc_channel_to_axis>
200a0ba2:	8a2a                	mv	s4,a0
200a0ba4:	07a45503          	lhu	a0,122(s0)
200a0ba8:	3f81                	jal	200a0af8 <rc_channel_to_axis>
200a0baa:	08645703          	lhu	a4,134(s0)
200a0bae:	63f00793          	li	a5,1599
200a0bb2:	89aa                	mv	s3,a0
200a0bb4:	07645503          	lhu	a0,118(s0)
200a0bb8:	08e7f363          	bgeu	a5,a4,200a0c3e <DecisionTask+0xfc>
200a0bbc:	9781c783          	lbu	a5,-1672(gp) # 200c0558 <g_height_mode_was_active>
200a0bc0:	e789                	bnez	a5,200a0bca <DecisionTask+0x88>
200a0bc2:	00000793          	li	a5,0
200a0bc6:	0af42223          	sw	a5,164(s0)
200a0bca:	a8850793          	addi	a5,a0,-1400
200a0bce:	0c800713          	li	a4,200
200a0bd2:	06f77263          	bgeu	a4,a5,200a0c36 <DecisionTask+0xf4>
200a0bd6:	64000713          	li	a4,1600
200a0bda:	02a75a63          	bge	a4,a0,200a0c0e <DecisionTask+0xcc>
200a0bde:	9c050513          	addi	a0,a0,-1600
200a0be2:	3f2080ef          	jal	ra,200a8fd4 <__floatsisf>
200a0be6:	8741a583          	lw	a1,-1932(gp) # 200c0454 <_impure_ptr+0x50>
200a0bea:	0b7070ef          	jal	ra,200a84a0 <__divsf3>
200a0bee:	00000593          	li	a1,0
200a0bf2:	84aa                	mv	s1,a0
200a0bf4:	45f070ef          	jal	ra,200a8852 <__lesf2>
200a0bf8:	02054f63          	bltz	a0,200a0c36 <DecisionTask+0xf4>
200a0bfc:	85e6                	mv	a1,s9
200a0bfe:	8526                	mv	a0,s1
200a0c00:	3bd070ef          	jal	ra,200a87bc <__gesf2>
200a0c04:	0aa04463          	bgtz	a0,200a0cac <DecisionTask+0x16a>
200a0c08:	00000913          	li	s2,0
200a0c0c:	a835                	j	200a0c48 <DecisionTask+0x106>
200a0c0e:	853e                	mv	a0,a5
200a0c10:	3c4080ef          	jal	ra,200a8fd4 <__floatsisf>
200a0c14:	8741a583          	lw	a1,-1932(gp) # 200c0454 <_impure_ptr+0x50>
200a0c18:	089070ef          	jal	ra,200a84a0 <__divsf3>
200a0c1c:	85e2                	mv	a1,s8
200a0c1e:	84aa                	mv	s1,a0
200a0c20:	433070ef          	jal	ra,200a8852 <__lesf2>
200a0c24:	08054663          	bltz	a0,200a0cb0 <DecisionTask+0x16e>
200a0c28:	00000593          	li	a1,0
200a0c2c:	8526                	mv	a0,s1
200a0c2e:	38f070ef          	jal	ra,200a87bc <__gesf2>
200a0c32:	fca05be3          	blez	a0,200a0c08 <DecisionTask+0xc6>
200a0c36:	00000493          	li	s1,0
200a0c3a:	8926                	mv	s2,s1
200a0c3c:	a031                	j	200a0c48 <DecisionTask+0x106>
200a0c3e:	3d6d                	jal	200a0af8 <rc_channel_to_axis>
200a0c40:	892a                	mv	s2,a0
200a0c42:	4a81                	li	s5,0
200a0c44:	00000493          	li	s1,0
200a0c48:	97518c23          	sb	s5,-1672(gp) # 200c0558 <g_height_mode_was_active>
200a0c4c:	8781a583          	lw	a1,-1928(gp) # 200c0458 <_impure_ptr+0x54>
200a0c50:	09a42a23          	sw	s10,148(s0)
200a0c54:	8552                	mv	a0,s4
200a0c56:	495070ef          	jal	ra,200a88ea <__mulsf3>
200a0c5a:	8781a583          	lw	a1,-1928(gp) # 200c0458 <_impure_ptr+0x54>
200a0c5e:	08a42c23          	sw	a0,152(s0)
200a0c62:	854a                	mv	a0,s2
200a0c64:	487070ef          	jal	ra,200a88ea <__mulsf3>
200a0c68:	87c1a583          	lw	a1,-1924(gp) # 200c045c <_impure_ptr+0x58>
200a0c6c:	08a42e23          	sw	a0,156(s0)
200a0c70:	854e                	mv	a0,s3
200a0c72:	479070ef          	jal	ra,200a88ea <__mulsf3>
200a0c76:	8801a583          	lw	a1,-1920(gp) # 200c0460 <_impure_ptr+0x5c>
200a0c7a:	0aa42023          	sw	a0,160(s0)
200a0c7e:	0a942423          	sw	s1,168(s0)
200a0c82:	8526                	mv	a0,s1
200a0c84:	467070ef          	jal	ra,200a88ea <__mulsf3>
200a0c88:	0a442583          	lw	a1,164(s0)
200a0c8c:	4bc070ef          	jal	ra,200a8148 <__addsf3>
200a0c90:	85da                	mv	a1,s6
200a0c92:	84aa                	mv	s1,a0
200a0c94:	3bf070ef          	jal	ra,200a8852 <__lesf2>
200a0c98:	00054e63          	bltz	a0,200a0cb4 <DecisionTask+0x172>
200a0c9c:	85de                	mv	a1,s7
200a0c9e:	8526                	mv	a0,s1
200a0ca0:	31d070ef          	jal	ra,200a87bc <__gesf2>
200a0ca4:	00a05963          	blez	a0,200a0cb6 <DecisionTask+0x174>
200a0ca8:	84de                	mv	s1,s7
200a0caa:	a031                	j	200a0cb6 <DecisionTask+0x174>
200a0cac:	84e6                	mv	s1,s9
200a0cae:	bfa9                	j	200a0c08 <DecisionTask+0xc6>
200a0cb0:	84e2                	mv	s1,s8
200a0cb2:	bf99                	j	200a0c08 <DecisionTask+0xc6>
200a0cb4:	84da                	mv	s1,s6
200a0cb6:	4785                	li	a5,1
200a0cb8:	0a942223          	sw	s1,164(s0)
200a0cbc:	0af40623          	sb	a5,172(s0)
200a0cc0:	45b2                	lw	a1,12(sp)
200a0cc2:	4505                	li	a0,1
200a0cc4:	20b1                	jal	200a0d10 <task_record_heartbeat>
200a0cc6:	45a2                	lw	a1,8(sp)
200a0cc8:	0868                	addi	a0,sp,28
200a0cca:	3ea040ef          	jal	ra,200a50b4 <xTaskDelayUntil>
200a0cce:	bd55                	j	200a0b82 <DecisionTask+0x40>
200a0cd0:	00000793          	li	a5,0
200a0cd4:	09a42a23          	sw	s10,148(s0)
200a0cd8:	08f42c23          	sw	a5,152(s0)
200a0cdc:	08f42e23          	sw	a5,156(s0)
200a0ce0:	0af42023          	sw	a5,160(s0)
200a0ce4:	0af42223          	sw	a5,164(s0)
200a0ce8:	0af42423          	sw	a5,168(s0)
200a0cec:	0a040623          	sb	zero,172(s0)
200a0cf0:	bfc1                	j	200a0cc0 <DecisionTask+0x17e>

200a0cf2 <task_period_ticks>:
200a0cf2:	87aa                	mv	a5,a0
200a0cf4:	c919                	beqz	a0,200a0d0a <task_period_ticks+0x18>
200a0cf6:	c1800713          	li	a4,-1000
200a0cfa:	4505                	li	a0,1
200a0cfc:	00f76963          	bltu	a4,a5,200a0d0e <task_period_ticks+0x1c>
200a0d00:	3e778513          	addi	a0,a5,999
200a0d04:	02f55533          	divu	a0,a0,a5
200a0d08:	8082                	ret
200a0d0a:	3e800513          	li	a0,1000
200a0d0e:	8082                	ret

200a0d10 <task_record_heartbeat>:
200a0d10:	4791                	li	a5,4
200a0d12:	0ca7ee63          	bltu	a5,a0,200a0dee <task_record_heartbeat+0xde>
200a0d16:	901ff2ef          	jal	t0,200a0616 <__riscv_save_0>
200a0d1a:	842a                	mv	s0,a0
200a0d1c:	84ae                	mv	s1,a1
200a0d1e:	10c040ef          	jal	ra,200a4e2a <xTaskGetTickCount>
200a0d22:	409505b3          	sub	a1,a0,s1
200a0d26:	200d94b7          	lui	s1,0x200d9
200a0d2a:	63c48693          	addi	a3,s1,1596 # 200d963c <g_dbg_tasks>
200a0d2e:	00840713          	addi	a4,s0,8
200a0d32:	20d74733          	sh2add	a4,a4,a3
200a0d36:	475c                	lw	a5,12(a4)
200a0d38:	02840613          	addi	a2,s0,40
200a0d3c:	20d64633          	sh2add	a2,a2,a3
200a0d40:	0785                	addi	a5,a5,1
200a0d42:	4250                	lw	a2,4(a2)
200a0d44:	c75c                	sw	a5,12(a4)
200a0d46:	01040713          	addi	a4,s0,16
200a0d4a:	20d74733          	sh2add	a4,a4,a3
200a0d4e:	c308                	sw	a0,0(a4)
200a0d50:	01440713          	addi	a4,s0,20
200a0d54:	20d74733          	sh2add	a4,a4,a3
200a0d58:	4354                	lw	a3,4(a4)
200a0d5a:	63c48493          	addi	s1,s1,1596
200a0d5e:	00b6f363          	bgeu	a3,a1,200a0d64 <task_record_heartbeat+0x54>
200a0d62:	c34c                	sw	a1,4(a4)
200a0d64:	ca11                	beqz	a2,200a0d78 <task_record_heartbeat+0x68>
200a0d66:	00b67963          	bgeu	a2,a1,200a0d78 <task_record_heartbeat+0x68>
200a0d6a:	01840713          	addi	a4,s0,24
200a0d6e:	20974733          	sh2add	a4,a4,s1
200a0d72:	4714                	lw	a3,8(a4)
200a0d74:	0685                	addi	a3,a3,1
200a0d76:	c714                	sw	a3,8(a4)
200a0d78:	07f7f793          	andi	a5,a5,127
200a0d7c:	ebb9                	bnez	a5,200a0dd2 <task_record_heartbeat+0xc2>
200a0d7e:	478d                	li	a5,3
200a0d80:	06f40163          	beq	s0,a5,200a0de2 <task_record_heartbeat+0xd2>
200a0d84:	4791                	li	a5,4
200a0d86:	06f40163          	beq	s0,a5,200a0de8 <task_record_heartbeat+0xd8>
200a0d8a:	4785                	li	a5,1
200a0d8c:	04f40563          	beq	s0,a5,200a0dd6 <task_record_heartbeat+0xc6>
200a0d90:	4789                	li	a5,2
200a0d92:	04f40563          	beq	s0,a5,200a0ddc <task_record_heartbeat+0xcc>
200a0d96:	98c1a503          	lw	a0,-1652(gp) # 200c056c <sensorTaskHandle>
200a0d9a:	c505                	beqz	a0,200a0dc2 <task_record_heartbeat+0xb2>
200a0d9c:	50c040ef          	jal	ra,200a52a8 <uxTaskGetStackHighWaterMark>
200a0da0:	01c40793          	addi	a5,s0,28
200a0da4:	2097c7b3          	sh2add	a5,a5,s1
200a0da8:	c7c8                	sw	a0,12(a5)
200a0daa:	47d8                	lw	a4,12(a5)
200a0dac:	07f00793          	li	a5,127
200a0db0:	00e7e963          	bltu	a5,a4,200a0dc2 <task_record_heartbeat+0xb2>
200a0db4:	02440413          	addi	s0,s0,36
200a0db8:	20944433          	sh2add	s0,s0,s1
200a0dbc:	401c                	lw	a5,0(s0)
200a0dbe:	0785                	addi	a5,a5,1
200a0dc0:	c01c                	sw	a5,0(s0)
200a0dc2:	2e9030ef          	jal	ra,200a48aa <xPortGetFreeHeapSize>
200a0dc6:	0aa4ac23          	sw	a0,184(s1)
200a0dca:	2e7030ef          	jal	ra,200a48b0 <xPortGetMinimumEverFreeHeapSize>
200a0dce:	0aa4ae23          	sw	a0,188(s1)
200a0dd2:	869ff06f          	j	200a063a <__riscv_restore_0>
200a0dd6:	9881a503          	lw	a0,-1656(gp) # 200c0568 <decisionTaskHandle>
200a0dda:	b7c1                	j	200a0d9a <task_record_heartbeat+0x8a>
200a0ddc:	9841a503          	lw	a0,-1660(gp) # 200c0564 <controlTaskHandle>
200a0de0:	bf6d                	j	200a0d9a <task_record_heartbeat+0x8a>
200a0de2:	9801a503          	lw	a0,-1664(gp) # 200c0560 <commanderTaskHandle>
200a0de6:	bf55                	j	200a0d9a <task_record_heartbeat+0x8a>
200a0de8:	97c1a503          	lw	a0,-1668(gp) # 200c055c <loggerTaskHandle>
200a0dec:	b77d                	j	200a0d9a <task_record_heartbeat+0x8a>
200a0dee:	8082                	ret

200a0df0 <tasks_create_all>:
200a0df0:	827ff2ef          	jal	t0,200a0616 <__riscv_save_0>
200a0df4:	200d9437          	lui	s0,0x200d9
200a0df8:	2b3030ef          	jal	ra,200a48aa <xPortGetFreeHeapSize>
200a0dfc:	63c40493          	addi	s1,s0,1596 # 200d963c <g_dbg_tasks>
200a0e00:	c088                	sw	a0,0(s1)
200a0e02:	08048793          	addi	a5,s1,128
200a0e06:	4691                	li	a3,4
200a0e08:	d3d4                	sw	a3,36(a5)
200a0e0a:	4751                	li	a4,20
200a0e0c:	d798                	sw	a4,40(a5)
200a0e0e:	d7d4                	sw	a3,44(a5)
200a0e10:	db98                	sw	a4,48(a5)
200a0e12:	06400713          	li	a4,100
200a0e16:	dbd8                	sw	a4,52(a5)
200a0e18:	200aa5b7          	lui	a1,0x200aa
200a0e1c:	200a1537          	lui	a0,0x200a1
200a0e20:	98c18793          	addi	a5,gp,-1652 # 200c056c <sensorTaskHandle>
200a0e24:	4721                	li	a4,8
200a0e26:	4681                	li	a3,0
200a0e28:	40000613          	li	a2,1024
200a0e2c:	4f458593          	addi	a1,a1,1268 # 200aa4f4 <_read+0x90>
200a0e30:	fa050513          	addi	a0,a0,-96 # 200a0fa0 <SensorTask>
200a0e34:	599030ef          	jal	ra,200a4bcc <xTaskCreate>
200a0e38:	cc88                	sw	a0,24(s1)
200a0e3a:	271030ef          	jal	ra,200a48aa <xPortGetFreeHeapSize>
200a0e3e:	c0c8                	sw	a0,4(s1)
200a0e40:	4c98                	lw	a4,24(s1)
200a0e42:	4785                	li	a5,1
200a0e44:	63c40413          	addi	s0,s0,1596
200a0e48:	00f70a63          	beq	a4,a5,200a0e5c <tasks_create_all+0x6c>
200a0e4c:	200aa537          	lui	a0,0x200aa
200a0e50:	06800593          	li	a1,104
200a0e54:	4fc50513          	addi	a0,a0,1276 # 200aa4fc <_read+0x98>
200a0e58:	2c3020ef          	jal	ra,200a391a <vApplicationAssertFailed>
200a0e5c:	200aa5b7          	lui	a1,0x200aa
200a0e60:	200a1537          	lui	a0,0x200a1
200a0e64:	98818793          	addi	a5,gp,-1656 # 200c0568 <decisionTaskHandle>
200a0e68:	471d                	li	a4,7
200a0e6a:	4681                	li	a3,0
200a0e6c:	30000613          	li	a2,768
200a0e70:	51858593          	addi	a1,a1,1304 # 200aa518 <_read+0xb4>
200a0e74:	b4250513          	addi	a0,a0,-1214 # 200a0b42 <DecisionTask>
200a0e78:	555030ef          	jal	ra,200a4bcc <xTaskCreate>
200a0e7c:	cc48                	sw	a0,28(s0)
200a0e7e:	22d030ef          	jal	ra,200a48aa <xPortGetFreeHeapSize>
200a0e82:	c408                	sw	a0,8(s0)
200a0e84:	4c58                	lw	a4,28(s0)
200a0e86:	4785                	li	a5,1
200a0e88:	00f70a63          	beq	a4,a5,200a0e9c <tasks_create_all+0xac>
200a0e8c:	200aa537          	lui	a0,0x200aa
200a0e90:	06c00593          	li	a1,108
200a0e94:	4fc50513          	addi	a0,a0,1276 # 200aa4fc <_read+0x98>
200a0e98:	283020ef          	jal	ra,200a391a <vApplicationAssertFailed>
200a0e9c:	200aa5b7          	lui	a1,0x200aa
200a0ea0:	200a1537          	lui	a0,0x200a1
200a0ea4:	98418793          	addi	a5,gp,-1660 # 200c0564 <controlTaskHandle>
200a0ea8:	4725                	li	a4,9
200a0eaa:	4681                	li	a3,0
200a0eac:	40000613          	li	a2,1024
200a0eb0:	52458593          	addi	a1,a1,1316 # 200aa524 <_read+0xc0>
200a0eb4:	9c850513          	addi	a0,a0,-1592 # 200a09c8 <ControlTask>
200a0eb8:	515030ef          	jal	ra,200a4bcc <xTaskCreate>
200a0ebc:	d008                	sw	a0,32(s0)
200a0ebe:	1ed030ef          	jal	ra,200a48aa <xPortGetFreeHeapSize>
200a0ec2:	c448                	sw	a0,12(s0)
200a0ec4:	5018                	lw	a4,32(s0)
200a0ec6:	4785                	li	a5,1
200a0ec8:	00f70a63          	beq	a4,a5,200a0edc <tasks_create_all+0xec>
200a0ecc:	200aa537          	lui	a0,0x200aa
200a0ed0:	07000593          	li	a1,112
200a0ed4:	4fc50513          	addi	a0,a0,1276 # 200aa4fc <_read+0x98>
200a0ed8:	243020ef          	jal	ra,200a391a <vApplicationAssertFailed>
200a0edc:	200aa5b7          	lui	a1,0x200aa
200a0ee0:	200a0537          	lui	a0,0x200a0
200a0ee4:	98018793          	addi	a5,gp,-1664 # 200c0560 <commanderTaskHandle>
200a0ee8:	4719                	li	a4,6
200a0eea:	4681                	li	a3,0
200a0eec:	30000613          	li	a2,768
200a0ef0:	52c58593          	addi	a1,a1,1324 # 200aa52c <_read+0xc8>
200a0ef4:	77c50513          	addi	a0,a0,1916 # 200a077c <CommanderTask>
200a0ef8:	4d5030ef          	jal	ra,200a4bcc <xTaskCreate>
200a0efc:	d048                	sw	a0,36(s0)
200a0efe:	1ad030ef          	jal	ra,200a48aa <xPortGetFreeHeapSize>
200a0f02:	c808                	sw	a0,16(s0)
200a0f04:	5058                	lw	a4,36(s0)
200a0f06:	4785                	li	a5,1
200a0f08:	00f70a63          	beq	a4,a5,200a0f1c <tasks_create_all+0x12c>
200a0f0c:	200aa537          	lui	a0,0x200aa
200a0f10:	07400593          	li	a1,116
200a0f14:	4fc50513          	addi	a0,a0,1276 # 200aa4fc <_read+0x98>
200a0f18:	203020ef          	jal	ra,200a391a <vApplicationAssertFailed>
200a0f1c:	200aa5b7          	lui	a1,0x200aa
200a0f20:	200a1537          	lui	a0,0x200a1
200a0f24:	97c18793          	addi	a5,gp,-1668 # 200c055c <loggerTaskHandle>
200a0f28:	470d                	li	a4,3
200a0f2a:	4681                	li	a3,0
200a0f2c:	30000613          	li	a2,768
200a0f30:	53858593          	addi	a1,a1,1336 # 200aa538 <_read+0xd4>
200a0f34:	f6050513          	addi	a0,a0,-160 # 200a0f60 <LoggerTask>
200a0f38:	495030ef          	jal	ra,200a4bcc <xTaskCreate>
200a0f3c:	d408                	sw	a0,40(s0)
200a0f3e:	16d030ef          	jal	ra,200a48aa <xPortGetFreeHeapSize>
200a0f42:	c848                	sw	a0,20(s0)
200a0f44:	5418                	lw	a4,40(s0)
200a0f46:	4785                	li	a5,1
200a0f48:	00f70a63          	beq	a4,a5,200a0f5c <tasks_create_all+0x16c>
200a0f4c:	200aa537          	lui	a0,0x200aa
200a0f50:	07800593          	li	a1,120
200a0f54:	4fc50513          	addi	a0,a0,1276 # 200aa4fc <_read+0x98>
200a0f58:	1c3020ef          	jal	ra,200a391a <vApplicationAssertFailed>
200a0f5c:	edeff06f          	j	200a063a <__riscv_restore_0>

200a0f60 <LoggerTask>:
200a0f60:	eb6ff2ef          	jal	t0,200a0616 <__riscv_save_0>
200a0f64:	200d97b7          	lui	a5,0x200d9
200a0f68:	74878793          	addi	a5,a5,1864 # 200d9748 <g_dbg_boot>
200a0f6c:	06800713          	li	a4,104
200a0f70:	c398                	sw	a4,0(a5)
200a0f72:	43d8                	lw	a4,4(a5)
200a0f74:	1141                	addi	sp,sp,-16
200a0f76:	01076713          	ori	a4,a4,16
200a0f7a:	c3d8                	sw	a4,4(a5)
200a0f7c:	6af030ef          	jal	ra,200a4e2a <xTaskGetTickCount>
200a0f80:	c62a                	sw	a0,12(sp)
200a0f82:	4529                	li	a0,10
200a0f84:	33bd                	jal	200a0cf2 <task_period_ticks>
200a0f86:	842a                	mv	s0,a0
200a0f88:	081020ef          	jal	ra,200a3808 <app_state>
200a0f8c:	69f030ef          	jal	ra,200a4e2a <xTaskGetTickCount>
200a0f90:	85aa                	mv	a1,a0
200a0f92:	4511                	li	a0,4
200a0f94:	3bb5                	jal	200a0d10 <task_record_heartbeat>
200a0f96:	85a2                	mv	a1,s0
200a0f98:	0068                	addi	a0,sp,12
200a0f9a:	11a040ef          	jal	ra,200a50b4 <xTaskDelayUntil>
200a0f9e:	b7fd                	j	200a0f8c <LoggerTask+0x2c>

200a0fa0 <SensorTask>:
200a0fa0:	e5cff2ef          	jal	t0,200a05fc <__riscv_save_4>
200a0fa4:	200d97b7          	lui	a5,0x200d9
200a0fa8:	74878793          	addi	a5,a5,1864 # 200d9748 <g_dbg_boot>
200a0fac:	06500713          	li	a4,101
200a0fb0:	c398                	sw	a4,0(a5)
200a0fb2:	43d8                	lw	a4,4(a5)
200a0fb4:	1101                	addi	sp,sp,-32
200a0fb6:	00176713          	ori	a4,a4,1
200a0fba:	c3d8                	sw	a4,4(a5)
200a0fbc:	66f030ef          	jal	ra,200a4e2a <xTaskGetTickCount>
200a0fc0:	ce2a                	sw	a0,28(sp)
200a0fc2:	0fa00513          	li	a0,250
200a0fc6:	3335                	jal	200a0cf2 <task_period_ticks>
200a0fc8:	84aa                	mv	s1,a0
200a0fca:	03f020ef          	jal	ra,200a3808 <app_state>
200a0fce:	842a                	mv	s0,a0
200a0fd0:	03040a13          	addi	s4,s0,48
200a0fd4:	274020ef          	jal	ra,200a3248 <bsp_uart_imu_start_rx_irq>
200a0fd8:	04840993          	addi	s3,s0,72
200a0fdc:	779010ef          	jal	ra,200a2f54 <bsp_uart_gps_start_rx_irq>
200a0fe0:	07040913          	addi	s2,s0,112
200a0fe4:	647030ef          	jal	ra,200a4e2a <xTaskGetTickCount>
200a0fe8:	c62a                	sw	a0,12(sp)
200a0fea:	2c4020ef          	jal	ra,200a32ae <bsp_uart_debug_sample_imu_rx>
200a0fee:	0e6020ef          	jal	ra,200a30d4 <bsp_uart_debug_sample_rc_rx>
200a0ff2:	8522                	mv	a0,s0
200a0ff4:	178010ef          	jal	ra,200a216c <imu_read>
200a0ff8:	8552                	mv	a0,s4
200a0ffa:	0d1000ef          	jal	ra,200a18ca <barometer_read>
200a0ffe:	854e                	mv	a0,s3
200a1000:	3bb000ef          	jal	ra,200a1bba <gps_poll>
200a1004:	854a                	mv	a0,s2
200a1006:	652010ef          	jal	ra,200a2658 <rc_input_poll>
200a100a:	45b2                	lw	a1,12(sp)
200a100c:	4501                	li	a0,0
200a100e:	3309                	jal	200a0d10 <task_record_heartbeat>
200a1010:	85a6                	mv	a1,s1
200a1012:	0868                	addi	a0,sp,28
200a1014:	0a0040ef          	jal	ra,200a50b4 <xTaskDelayUntil>
200a1018:	b7f1                	j	200a0fe4 <SensorTask+0x44>

200a101a <safety_init>:
200a101a:	8082                	ret

200a101c <safety_update>:
200a101c:	c90d                	beqz	a0,200a104e <safety_update+0x32>
200a101e:	02c54783          	lbu	a5,44(a0)
200a1022:	04454703          	lbu	a4,68(a0)
200a1026:	0017c793          	xori	a5,a5,1
200a102a:	e319                	bnez	a4,200a1030 <safety_update+0x14>
200a102c:	0027e793          	ori	a5,a5,2
200a1030:	09354703          	lbu	a4,147(a0)
200a1034:	cb09                	beqz	a4,200a1046 <safety_update+0x2a>
200a1036:	09052703          	lw	a4,144(a0)
200a103a:	010006b7          	lui	a3,0x1000
200a103e:	f0068693          	addi	a3,a3,-256 # ffff00 <_data_lma+0xff503c>
200a1042:	8f75                	and	a4,a4,a3
200a1044:	c319                	beqz	a4,200a104a <safety_update+0x2e>
200a1046:	0047e793          	ori	a5,a5,4
200a104a:	10f52623          	sw	a5,268(a0)
200a104e:	8082                	ret

200a1050 <mission_init>:
200a1050:	8082                	ret

200a1052 <mission_update>:
200a1052:	8082                	ret

200a1054 <attitude_estimator_init>:
200a1054:	c911                	beqz	a0,200a1068 <attitude_estimator_init+0x14>
200a1056:	00000793          	li	a5,0
200a105a:	c11c                	sw	a5,0(a0)
200a105c:	c15c                	sw	a5,4(a0)
200a105e:	c51c                	sw	a5,8(a0)
200a1060:	c55c                	sw	a5,12(a0)
200a1062:	c91c                	sw	a5,16(a0)
200a1064:	00051a23          	sh	zero,20(a0)
200a1068:	8082                	ret

200a106a <attitude_estimator_update>:
200a106a:	c54d                	beqz	a0,200a1114 <attitude_estimator_update+0xaa>
200a106c:	c5c5                	beqz	a1,200a1114 <attitude_estimator_update+0xaa>
200a106e:	d8eff2ef          	jal	t0,200a05fc <__riscv_save_4>
200a1072:	84b2                	mv	s1,a2
200a1074:	ca41                	beqz	a2,200a1104 <attitude_estimator_update+0x9a>
200a1076:	02c5c983          	lbu	s3,44(a1)
200a107a:	842a                	mv	s0,a0
200a107c:	8936                	mv	s2,a3
200a107e:	00098663          	beqz	s3,200a108a <attitude_estimator_update+0x20>
200a1082:	4631                	li	a2,12
200a1084:	0591                	addi	a1,a1,4
200a1086:	dc0ff0ef          	jal	ra,200a0646 <memcpy>
200a108a:	28dc                	lbu	a5,20(s1)
200a108c:	01340a23          	sb	s3,20(s0)
200a1090:	cfa5                	beqz	a5,200a1108 <attitude_estimator_update+0x9e>
200a1092:	0104a983          	lw	s3,16(s1)
200a1096:	385c                	lbu	a5,21(s0)
200a1098:	00c42a03          	lw	s4,12(s0)
200a109c:	01342623          	sw	s3,12(s0)
200a10a0:	00000493          	li	s1,0
200a10a4:	cfa9                	beqz	a5,200a10fe <attitude_estimator_update+0x94>
200a10a6:	85a6                	mv	a1,s1
200a10a8:	854a                	mv	a0,s2
200a10aa:	712070ef          	jal	ra,200a87bc <__gesf2>
200a10ae:	04a05863          	blez	a0,200a10fe <attitude_estimator_update+0x94>
200a10b2:	85d2                	mv	a1,s4
200a10b4:	854e                	mv	a0,s3
200a10b6:	2fb070ef          	jal	ra,200a8bb0 <__subsf3>
200a10ba:	85ca                	mv	a1,s2
200a10bc:	3e4070ef          	jal	ra,200a84a0 <__divsf3>
200a10c0:	8841a903          	lw	s2,-1916(gp) # 200c0464 <_impure_ptr+0x60>
200a10c4:	84aa                	mv	s1,a0
200a10c6:	85ca                	mv	a1,s2
200a10c8:	78a070ef          	jal	ra,200a8852 <__lesf2>
200a10cc:	00054a63          	bltz	a0,200a10e0 <attitude_estimator_update+0x76>
200a10d0:	8881a903          	lw	s2,-1912(gp) # 200c0468 <_impure_ptr+0x64>
200a10d4:	8526                	mv	a0,s1
200a10d6:	85ca                	mv	a1,s2
200a10d8:	6e4070ef          	jal	ra,200a87bc <__gesf2>
200a10dc:	00a05363          	blez	a0,200a10e2 <attitude_estimator_update+0x78>
200a10e0:	84ca                	mv	s1,s2
200a10e2:	01042903          	lw	s2,16(s0)
200a10e6:	8526                	mv	a0,s1
200a10e8:	85ca                	mv	a1,s2
200a10ea:	2c7070ef          	jal	ra,200a8bb0 <__subsf3>
200a10ee:	88c1a583          	lw	a1,-1908(gp) # 200c046c <_impure_ptr+0x68>
200a10f2:	7f8070ef          	jal	ra,200a88ea <__mulsf3>
200a10f6:	85ca                	mv	a1,s2
200a10f8:	050070ef          	jal	ra,200a8148 <__addsf3>
200a10fc:	84aa                	mv	s1,a0
200a10fe:	4785                	li	a5,1
200a1100:	c804                	sw	s1,16(s0)
200a1102:	b85c                	sb	a5,21(s0)
200a1104:	d2cff06f          	j	200a0630 <__riscv_restore_4>
200a1108:	00000793          	li	a5,0
200a110c:	c81c                	sw	a5,16(s0)
200a110e:	00040aa3          	sb	zero,21(s0)
200a1112:	bfcd                	j	200a1104 <attitude_estimator_update+0x9a>
200a1114:	8082                	ret

200a1116 <throttle_stick_to_vertical_speed>:
200a1116:	d00ff2ef          	jal	t0,200a0616 <__riscv_save_0>
200a111a:	87aa                	mv	a5,a0
200a111c:	0c800713          	li	a4,200
200a1120:	a8850513          	addi	a0,a0,-1400
200a1124:	08a77163          	bgeu	a4,a0,200a11a6 <throttle_stick_to_vertical_speed+0x90>
200a1128:	64000713          	li	a4,1600
200a112c:	02f75b63          	bge	a4,a5,200a1162 <throttle_stick_to_vertical_speed+0x4c>
200a1130:	9c078513          	addi	a0,a5,-1600
200a1134:	6a1070ef          	jal	ra,200a8fd4 <__floatsisf>
200a1138:	8741a583          	lw	a1,-1932(gp) # 200c0454 <_impure_ptr+0x50>
200a113c:	364070ef          	jal	ra,200a84a0 <__divsf3>
200a1140:	00000593          	li	a1,0
200a1144:	842a                	mv	s0,a0
200a1146:	70c070ef          	jal	ra,200a8852 <__lesf2>
200a114a:	04054e63          	bltz	a0,200a11a6 <throttle_stick_to_vertical_speed+0x90>
200a114e:	8641a483          	lw	s1,-1948(gp) # 200c0444 <_impure_ptr+0x40>
200a1152:	8522                	mv	a0,s0
200a1154:	85a6                	mv	a1,s1
200a1156:	666070ef          	jal	ra,200a87bc <__gesf2>
200a115a:	04a05363          	blez	a0,200a11a0 <throttle_stick_to_vertical_speed+0x8a>
200a115e:	8426                	mv	s0,s1
200a1160:	a081                	j	200a11a0 <throttle_stick_to_vertical_speed+0x8a>
200a1162:	673070ef          	jal	ra,200a8fd4 <__floatsisf>
200a1166:	8741a583          	lw	a1,-1932(gp) # 200c0454 <_impure_ptr+0x50>
200a116a:	336070ef          	jal	ra,200a84a0 <__divsf3>
200a116e:	8601a483          	lw	s1,-1952(gp) # 200c0440 <_impure_ptr+0x3c>
200a1172:	842a                	mv	s0,a0
200a1174:	85a6                	mv	a1,s1
200a1176:	6dc070ef          	jal	ra,200a8852 <__lesf2>
200a117a:	00054c63          	bltz	a0,200a1192 <throttle_stick_to_vertical_speed+0x7c>
200a117e:	00000593          	li	a1,0
200a1182:	8522                	mv	a0,s0
200a1184:	638070ef          	jal	ra,200a87bc <__gesf2>
200a1188:	00a05663          	blez	a0,200a1194 <throttle_stick_to_vertical_speed+0x7e>
200a118c:	00000413          	li	s0,0
200a1190:	a011                	j	200a1194 <throttle_stick_to_vertical_speed+0x7e>
200a1192:	8426                	mv	s0,s1
200a1194:	8901a583          	lw	a1,-1904(gp) # 200c0470 <_impure_ptr+0x6c>
200a1198:	8522                	mv	a0,s0
200a119a:	750070ef          	jal	ra,200a88ea <__mulsf3>
200a119e:	842a                	mv	s0,a0
200a11a0:	8522                	mv	a0,s0
200a11a2:	c98ff06f          	j	200a063a <__riscv_restore_0>
200a11a6:	00000413          	li	s0,0
200a11aa:	bfdd                	j	200a11a0 <throttle_stick_to_vertical_speed+0x8a>

200a11ac <reset_altitude_controller>:
200a11ac:	c6aff2ef          	jal	t0,200a0616 <__riscv_save_0>
200a11b0:	b5018513          	addi	a0,gp,-1200 # 200c0730 <g_vertical_speed_pid>
200a11b4:	652000ef          	jal	ra,200a1806 <pid_reset>
200a11b8:	98018e23          	sb	zero,-1636(gp) # 200c057c <g_altitude_reference_valid>
200a11bc:	c7eff06f          	j	200a063a <__riscv_restore_0>

200a11c0 <reset_rate_controllers>:
200a11c0:	c56ff2ef          	jal	t0,200a0616 <__riscv_save_0>
200a11c4:	bbc18513          	addi	a0,gp,-1092 # 200c079c <g_roll_rate_pid>
200a11c8:	63e000ef          	jal	ra,200a1806 <pid_reset>
200a11cc:	b9818513          	addi	a0,gp,-1128 # 200c0778 <g_pitch_rate_pid>
200a11d0:	636000ef          	jal	ra,200a1806 <pid_reset>
200a11d4:	b7418513          	addi	a0,gp,-1164 # 200c0754 <g_yaw_rate_pid>
200a11d8:	62e000ef          	jal	ra,200a1806 <pid_reset>
200a11dc:	c5eff06f          	j	200a063a <__riscv_restore_0>

200a11e0 <rc_throttle_to_norm>:
200a11e0:	3e800793          	li	a5,1000
200a11e4:	02a7f263          	bgeu	a5,a0,200a1208 <rc_throttle_to_norm+0x28>
200a11e8:	7cf00793          	li	a5,1999
200a11ec:	02a7e163          	bltu	a5,a0,200a120e <rc_throttle_to_norm+0x2e>
200a11f0:	c26ff2ef          	jal	t0,200a0616 <__riscv_save_0>
200a11f4:	c1850513          	addi	a0,a0,-1000
200a11f8:	69d070ef          	jal	ra,200a9094 <__floatunsisf>
200a11fc:	8941a583          	lw	a1,-1900(gp) # 200c0474 <_impure_ptr+0x70>
200a1200:	2a0070ef          	jal	ra,200a84a0 <__divsf3>
200a1204:	c36ff06f          	j	200a063a <__riscv_restore_0>
200a1208:	00000513          	li	a0,0
200a120c:	8082                	ret
200a120e:	8641a503          	lw	a0,-1948(gp) # 200c0444 <_impure_ptr+0x40>
200a1212:	8082                	ret

200a1214 <flight_controller_init>:
200a1214:	c02ff2ef          	jal	t0,200a0616 <__riscv_save_0>
200a1218:	8a01a583          	lw	a1,-1888(gp) # 200c0480 <_impure_ptr+0x7c>
200a121c:	87c1a783          	lw	a5,-1924(gp) # 200c045c <_impure_ptr+0x58>
200a1220:	8981a703          	lw	a4,-1896(gp) # 200c0478 <_impure_ptr+0x74>
200a1224:	89c1a683          	lw	a3,-1892(gp) # 200c047c <_impure_ptr+0x78>
200a1228:	00000613          	li	a2,0
200a122c:	bbc18513          	addi	a0,gp,-1092 # 200c079c <g_roll_rate_pid>
200a1230:	5bc000ef          	jal	ra,200a17ec <pid_init>
200a1234:	87c1a783          	lw	a5,-1924(gp) # 200c045c <_impure_ptr+0x58>
200a1238:	8981a703          	lw	a4,-1896(gp) # 200c0478 <_impure_ptr+0x74>
200a123c:	89c1a683          	lw	a3,-1892(gp) # 200c047c <_impure_ptr+0x78>
200a1240:	8a01a583          	lw	a1,-1888(gp) # 200c0480 <_impure_ptr+0x7c>
200a1244:	00000613          	li	a2,0
200a1248:	b9818513          	addi	a0,gp,-1128 # 200c0778 <g_pitch_rate_pid>
200a124c:	5a0000ef          	jal	ra,200a17ec <pid_init>
200a1250:	8a41a783          	lw	a5,-1884(gp) # 200c0484 <_impure_ptr+0x80>
200a1254:	8a81a703          	lw	a4,-1880(gp) # 200c0488 <_impure_ptr+0x84>
200a1258:	8481a583          	lw	a1,-1976(gp) # 200c0428 <_impure_ptr+0x24>
200a125c:	00000693          	li	a3,0
200a1260:	8636                	mv	a2,a3
200a1262:	b7418513          	addi	a0,gp,-1164 # 200c0754 <g_yaw_rate_pid>
200a1266:	586000ef          	jal	ra,200a17ec <pid_init>
200a126a:	8ac1a783          	lw	a5,-1876(gp) # 200c048c <_impure_ptr+0x88>
200a126e:	8b01a703          	lw	a4,-1872(gp) # 200c0490 <_impure_ptr+0x8c>
200a1272:	8541a603          	lw	a2,-1964(gp) # 200c0434 <_impure_ptr+0x30>
200a1276:	8b41a583          	lw	a1,-1868(gp) # 200c0494 <_impure_ptr+0x90>
200a127a:	00000693          	li	a3,0
200a127e:	b5018513          	addi	a0,gp,-1200 # 200c0730 <g_vertical_speed_pid>
200a1282:	56a000ef          	jal	ra,200a17ec <pid_init>
200a1286:	371d                	jal	200a11ac <reset_altitude_controller>
200a1288:	2961                	jal	200a1720 <mixer_init>
200a128a:	bb0ff06f          	j	200a063a <__riscv_restore_0>

200a128e <flight_controller_update>:
200a128e:	44050663          	beqz	a0,200a16da <flight_controller_update+0x44c>
200a1292:	b5cff2ef          	jal	t0,200a05ee <__riscv_save_10>
200a1296:	0f452703          	lw	a4,244(a0)
200a129a:	9901a783          	lw	a5,-1648(gp) # 200c0570 <g_last_mode>
200a129e:	842a                	mv	s0,a0
200a12a0:	8a2e                	mv	s4,a1
200a12a2:	00f70763          	beq	a4,a5,200a12b0 <flight_controller_update+0x22>
200a12a6:	3719                	jal	200a11ac <reset_altitude_controller>
200a12a8:	0f442783          	lw	a5,244(s0)
200a12ac:	98f1a823          	sw	a5,-1648(gp) # 200c0570 <g_last_mode>
200a12b0:	0ac44983          	lbu	s3,172(s0)
200a12b4:	0c840a93          	addi	s5,s0,200
200a12b8:	0a098963          	beqz	s3,200a136a <flight_controller_update+0xdc>
200a12bc:	0c444783          	lbu	a5,196(s0)
200a12c0:	cfd9                	beqz	a5,200a135e <flight_controller_update+0xd0>
200a12c2:	0b042583          	lw	a1,176(s0)
200a12c6:	09842503          	lw	a0,152(s0)
200a12ca:	0e7070ef          	jal	ra,200a8bb0 <__subsf3>
200a12ce:	8c81a583          	lw	a1,-1848(gp) # 200c04a8 <_impure_ptr+0xa4>
200a12d2:	618070ef          	jal	ra,200a88ea <__mulsf3>
200a12d6:	8b81ab83          	lw	s7,-1864(gp) # 200c0498 <_impure_ptr+0x94>
200a12da:	84aa                	mv	s1,a0
200a12dc:	85de                	mv	a1,s7
200a12de:	574070ef          	jal	ra,200a8852 <__lesf2>
200a12e2:	00054a63          	bltz	a0,200a12f6 <flight_controller_update+0x68>
200a12e6:	8bc1ab83          	lw	s7,-1860(gp) # 200c049c <_impure_ptr+0x98>
200a12ea:	8526                	mv	a0,s1
200a12ec:	85de                	mv	a1,s7
200a12ee:	4ce070ef          	jal	ra,200a87bc <__gesf2>
200a12f2:	00a05363          	blez	a0,200a12f8 <flight_controller_update+0x6a>
200a12f6:	84de                	mv	s1,s7
200a12f8:	0b442583          	lw	a1,180(s0)
200a12fc:	09c42503          	lw	a0,156(s0)
200a1300:	0c942423          	sw	s1,200(s0)
200a1304:	0ad070ef          	jal	ra,200a8bb0 <__subsf3>
200a1308:	8c81a583          	lw	a1,-1848(gp) # 200c04a8 <_impure_ptr+0xa4>
200a130c:	5de070ef          	jal	ra,200a88ea <__mulsf3>
200a1310:	8b81a903          	lw	s2,-1864(gp) # 200c0498 <_impure_ptr+0x94>
200a1314:	84aa                	mv	s1,a0
200a1316:	85ca                	mv	a1,s2
200a1318:	53a070ef          	jal	ra,200a8852 <__lesf2>
200a131c:	00054a63          	bltz	a0,200a1330 <flight_controller_update+0xa2>
200a1320:	8bc1a903          	lw	s2,-1860(gp) # 200c049c <_impure_ptr+0x98>
200a1324:	8526                	mv	a0,s1
200a1326:	85ca                	mv	a1,s2
200a1328:	494070ef          	jal	ra,200a87bc <__gesf2>
200a132c:	00a05363          	blez	a0,200a1332 <flight_controller_update+0xa4>
200a1330:	84ca                	mv	s1,s2
200a1332:	8981a903          	lw	s2,-1896(gp) # 200c0478 <_impure_ptr+0x74>
200a1336:	0c942623          	sw	s1,204(s0)
200a133a:	0a042483          	lw	s1,160(s0)
200a133e:	85ca                	mv	a1,s2
200a1340:	8526                	mv	a0,s1
200a1342:	510070ef          	jal	ra,200a8852 <__lesf2>
200a1346:	00054a63          	bltz	a0,200a135a <flight_controller_update+0xcc>
200a134a:	87c1a903          	lw	s2,-1924(gp) # 200c045c <_impure_ptr+0x58>
200a134e:	8526                	mv	a0,s1
200a1350:	85ca                	mv	a1,s2
200a1352:	46a070ef          	jal	ra,200a87bc <__gesf2>
200a1356:	02a05163          	blez	a0,200a1378 <flight_controller_update+0xea>
200a135a:	84ca                	mv	s1,s2
200a135c:	a831                	j	200a1378 <flight_controller_update+0xea>
200a135e:	00000793          	li	a5,0
200a1362:	0cf42423          	sw	a5,200(s0)
200a1366:	84be                	mv	s1,a5
200a1368:	b7e9                	j	200a1332 <flight_controller_update+0xa4>
200a136a:	00000793          	li	a5,0
200a136e:	0cf42423          	sw	a5,200(s0)
200a1372:	0cf42623          	sw	a5,204(s0)
200a1376:	84be                	mv	s1,a5
200a1378:	00000793          	li	a5,0
200a137c:	0ef42423          	sw	a5,232(s0)
200a1380:	0cf42a23          	sw	a5,212(s0)
200a1384:	0cf42c23          	sw	a5,216(s0)
200a1388:	0cf42e23          	sw	a5,220(s0)
200a138c:	10844783          	lbu	a5,264(s0)
200a1390:	0c942823          	sw	s1,208(s0)
200a1394:	eb89                	bnez	a5,200a13a6 <flight_controller_update+0x118>
200a1396:	352d                	jal	200a11c0 <reset_rate_controllers>
200a1398:	3d11                	jal	200a11ac <reset_altitude_controller>
200a139a:	0ec40613          	addi	a2,s0,236
200a139e:	4581                	li	a1,0
200a13a0:	8556                	mv	a0,s5
200a13a2:	2641                	jal	200a1722 <mixer_mix_x_quad>
200a13a4:	a025                	j	200a13cc <flight_controller_update+0x13e>
200a13a6:	0f442783          	lw	a5,244(s0)
200a13aa:	4709                	li	a4,2
200a13ac:	02e79263          	bne	a5,a4,200a13d0 <flight_controller_update+0x142>
200a13b0:	3d01                	jal	200a11c0 <reset_rate_controllers>
200a13b2:	3bed                	jal	200a11ac <reset_altitude_controller>
200a13b4:	00000793          	li	a5,0
200a13b8:	0ef42423          	sw	a5,232(s0)
200a13bc:	041a07b7          	lui	a5,0x41a0
200a13c0:	41a78793          	addi	a5,a5,1050 # 41a041a <_data_lma+0x4195556>
200a13c4:	0ef42623          	sw	a5,236(s0)
200a13c8:	0ef42823          	sw	a5,240(s0)
200a13cc:	a5aff06f          	j	200a0626 <__riscv_restore_10>
200a13d0:	0c544703          	lbu	a4,197(s0)
200a13d4:	0bc42903          	lw	s2,188(s0)
200a13d8:	12071163          	bnez	a4,200a14fa <flight_controller_update+0x26c>
200a13dc:	3bc1                	jal	200a11ac <reset_altitude_controller>
200a13de:	0bc42783          	lw	a5,188(s0)
200a13e2:	0ef42023          	sw	a5,224(s0)
200a13e6:	00000793          	li	a5,0
200a13ea:	0ef42223          	sw	a5,228(s0)
200a13ee:	00000493          	li	s1,0
200a13f2:	0f442703          	lw	a4,244(s0)
200a13f6:	0e942423          	sw	s1,232(s0)
200a13fa:	4791                	li	a5,4
200a13fc:	0af71263          	bne	a4,a5,200a14a0 <flight_controller_update+0x212>
200a1400:	0c444783          	lbu	a5,196(s0)
200a1404:	cfd1                	beqz	a5,200a14a0 <flight_controller_update+0x212>
200a1406:	0b042503          	lw	a0,176(s0)
200a140a:	8cc1a583          	lw	a1,-1844(gp) # 200c04ac <_impure_ptr+0xa8>
200a140e:	49f51513          	bclri	a0,a0,0x1f
200a1412:	440070ef          	jal	ra,200a8852 <__lesf2>
200a1416:	08055563          	bgez	a0,200a14a0 <flight_controller_update+0x212>
200a141a:	0b442503          	lw	a0,180(s0)
200a141e:	8cc1a583          	lw	a1,-1844(gp) # 200c04ac <_impure_ptr+0xa8>
200a1422:	49f51513          	bclri	a0,a0,0x1f
200a1426:	42c070ef          	jal	ra,200a8852 <__lesf2>
200a142a:	06055b63          	bgez	a0,200a14a0 <flight_controller_update+0x212>
200a142e:	0c544783          	lbu	a5,197(s0)
200a1432:	c7bd                	beqz	a5,200a14a0 <flight_controller_update+0x212>
200a1434:	0c042503          	lw	a0,192(s0)
200a1438:	8481a583          	lw	a1,-1976(gp) # 200c0428 <_impure_ptr+0x24>
200a143c:	49f51513          	bclri	a0,a0,0x1f
200a1440:	412070ef          	jal	ra,200a8852 <__lesf2>
200a1444:	04055e63          	bgez	a0,200a14a0 <flight_controller_update+0x212>
200a1448:	08c45503          	lhu	a0,140(s0)
200a144c:	3b51                	jal	200a11e0 <rc_throttle_to_norm>
200a144e:	00000593          	li	a1,0
200a1452:	84aa                	mv	s1,a0
200a1454:	3fe070ef          	jal	ra,200a8852 <__lesf2>
200a1458:	04a05463          	blez	a0,200a14a0 <flight_controller_update+0x212>
200a145c:	200c0937          	lui	s2,0x200c0
200a1460:	3e092983          	lw	s3,992(s2) # 200c03e0 <g_hover_throttle>
200a1464:	8526                	mv	a0,s1
200a1466:	85ce                	mv	a1,s3
200a1468:	748070ef          	jal	ra,200a8bb0 <__subsf3>
200a146c:	8d01a583          	lw	a1,-1840(gp) # 200c04b0 <_impure_ptr+0xac>
200a1470:	47a070ef          	jal	ra,200a88ea <__mulsf3>
200a1474:	85ce                	mv	a1,s3
200a1476:	4d3060ef          	jal	ra,200a8148 <__addsf3>
200a147a:	8b41a983          	lw	s3,-1868(gp) # 200c0494 <_impure_ptr+0x90>
200a147e:	84aa                	mv	s1,a0
200a1480:	85ce                	mv	a1,s3
200a1482:	3d0070ef          	jal	ra,200a8852 <__lesf2>
200a1486:	00054a63          	bltz	a0,200a149a <flight_controller_update+0x20c>
200a148a:	8c41a983          	lw	s3,-1852(gp) # 200c04a4 <_impure_ptr+0xa0>
200a148e:	8526                	mv	a0,s1
200a1490:	85ce                	mv	a1,s3
200a1492:	32a070ef          	jal	ra,200a87bc <__gesf2>
200a1496:	00a05363          	blez	a0,200a149c <flight_controller_update+0x20e>
200a149a:	84ce                	mv	s1,s3
200a149c:	3e992023          	sw	s1,992(s2)
200a14a0:	480c                	lw	a1,16(s0)
200a14a2:	0c842503          	lw	a0,200(s0)
200a14a6:	4844                	lw	s1,20(s0)
200a14a8:	01842983          	lw	s3,24(s0)
200a14ac:	704070ef          	jal	ra,200a8bb0 <__subsf3>
200a14b0:	85aa                	mv	a1,a0
200a14b2:	8652                	mv	a2,s4
200a14b4:	bbc18513          	addi	a0,gp,-1092 # 200c079c <g_roll_rate_pid>
200a14b8:	2ea9                	jal	200a1812 <pid_update>
200a14ba:	892a                	mv	s2,a0
200a14bc:	0cc42503          	lw	a0,204(s0)
200a14c0:	85a6                	mv	a1,s1
200a14c2:	6ee070ef          	jal	ra,200a8bb0 <__subsf3>
200a14c6:	85aa                	mv	a1,a0
200a14c8:	8652                	mv	a2,s4
200a14ca:	b9818513          	addi	a0,gp,-1128 # 200c0778 <g_pitch_rate_pid>
200a14ce:	2691                	jal	200a1812 <pid_update>
200a14d0:	84aa                	mv	s1,a0
200a14d2:	0d042503          	lw	a0,208(s0)
200a14d6:	85ce                	mv	a1,s3
200a14d8:	6d8070ef          	jal	ra,200a8bb0 <__subsf3>
200a14dc:	85aa                	mv	a1,a0
200a14de:	8652                	mv	a2,s4
200a14e0:	b7418513          	addi	a0,gp,-1164 # 200c0754 <g_yaw_rate_pid>
200a14e4:	263d                	jal	200a1812 <pid_update>
200a14e6:	0ca42e23          	sw	a0,220(s0)
200a14ea:	0d242a23          	sw	s2,212(s0)
200a14ee:	0c942c23          	sw	s1,216(s0)
200a14f2:	0ec40613          	addi	a2,s0,236
200a14f6:	4585                	li	a1,1
200a14f8:	b565                	j	200a13a0 <flight_controller_update+0x112>
200a14fa:	4711                	li	a4,4
200a14fc:	02e78a63          	beq	a5,a4,200a1530 <flight_controller_update+0x2a2>
200a1500:	471d                	li	a4,7
200a1502:	18e78d63          	beq	a5,a4,200a169c <flight_controller_update+0x40e>
200a1506:	470d                	li	a4,3
200a1508:	1ae79963          	bne	a5,a4,200a16ba <flight_controller_update+0x42c>
200a150c:	10a44783          	lbu	a5,266(s0)
200a1510:	e781                	bnez	a5,200a1518 <flight_controller_update+0x28a>
200a1512:	c9bff0ef          	jal	ra,200a11ac <reset_altitude_controller>
200a1516:	bde1                	j	200a13ee <flight_controller_update+0x160>
200a1518:	08c45503          	lhu	a0,140(s0)
200a151c:	10442903          	lw	s2,260(s0)
200a1520:	bf7ff0ef          	jal	ra,200a1116 <throttle_stick_to_vertical_speed>
200a1524:	8481a583          	lw	a1,-1976(gp) # 200c0428 <_impure_ptr+0x24>
200a1528:	421060ef          	jal	ra,200a8148 <__addsf3>
200a152c:	84aa                	mv	s1,a0
200a152e:	a885                	j	200a159e <flight_controller_update+0x310>
200a1530:	06098363          	beqz	s3,200a1596 <flight_controller_update+0x308>
200a1534:	99c1c683          	lbu	a3,-1636(gp) # 200c057c <g_altitude_reference_valid>
200a1538:	0a442503          	lw	a0,164(s0)
200a153c:	ea81                	bnez	a3,200a154c <flight_controller_update+0x2be>
200a153e:	4685                	li	a3,1
200a1540:	9921ac23          	sw	s2,-1640(gp) # 200c0578 <g_altitude_reference_m>
200a1544:	98a1aa23          	sw	a0,-1644(gp) # 200c0574 <g_hover_delta_reference_m>
200a1548:	98d18e23          	sb	a3,-1636(gp) # 200c057c <g_altitude_reference_valid>
200a154c:	9941a583          	lw	a1,-1644(gp) # 200c0574 <g_hover_delta_reference_m>
200a1550:	660070ef          	jal	ra,200a8bb0 <__subsf3>
200a1554:	9981a583          	lw	a1,-1640(gp) # 200c0578 <g_altitude_reference_m>
200a1558:	3f1060ef          	jal	ra,200a8148 <__addsf3>
200a155c:	892a                	mv	s2,a0
200a155e:	08c45503          	lhu	a0,140(s0)
200a1562:	0a842483          	lw	s1,168(s0)
200a1566:	bb1ff0ef          	jal	ra,200a1116 <throttle_stick_to_vertical_speed>
200a156a:	85aa                	mv	a1,a0
200a156c:	8526                	mv	a0,s1
200a156e:	3db060ef          	jal	ra,200a8148 <__addsf3>
200a1572:	8c01a983          	lw	s3,-1856(gp) # 200c04a0 <_impure_ptr+0x9c>
200a1576:	84aa                	mv	s1,a0
200a1578:	85ce                	mv	a1,s3
200a157a:	2d8070ef          	jal	ra,200a8852 <__lesf2>
200a157e:	00054a63          	bltz	a0,200a1592 <flight_controller_update+0x304>
200a1582:	8641a983          	lw	s3,-1948(gp) # 200c0444 <_impure_ptr+0x40>
200a1586:	8526                	mv	a0,s1
200a1588:	85ce                	mv	a1,s3
200a158a:	232070ef          	jal	ra,200a87bc <__gesf2>
200a158e:	00a05863          	blez	a0,200a159e <flight_controller_update+0x310>
200a1592:	84ce                	mv	s1,s3
200a1594:	a029                	j	200a159e <flight_controller_update+0x310>
200a1596:	c17ff0ef          	jal	ra,200a11ac <reset_altitude_controller>
200a159a:	00000493          	li	s1,0
200a159e:	0bc42583          	lw	a1,188(s0)
200a15a2:	854a                	mv	a0,s2
200a15a4:	60c070ef          	jal	ra,200a8bb0 <__subsf3>
200a15a8:	8c01ab83          	lw	s7,-1856(gp) # 200c04a0 <_impure_ptr+0x9c>
200a15ac:	89aa                	mv	s3,a0
200a15ae:	85de                	mv	a1,s7
200a15b0:	2a2070ef          	jal	ra,200a8852 <__lesf2>
200a15b4:	00054a63          	bltz	a0,200a15c8 <flight_controller_update+0x33a>
200a15b8:	8641ab83          	lw	s7,-1948(gp) # 200c0444 <_impure_ptr+0x40>
200a15bc:	854e                	mv	a0,s3
200a15be:	85de                	mv	a1,s7
200a15c0:	1fc070ef          	jal	ra,200a87bc <__gesf2>
200a15c4:	00a05363          	blez	a0,200a15ca <flight_controller_update+0x33c>
200a15c8:	89de                	mv	s3,s7
200a15ca:	85ce                	mv	a1,s3
200a15cc:	8526                	mv	a0,s1
200a15ce:	37b060ef          	jal	ra,200a8148 <__addsf3>
200a15d2:	8c01a483          	lw	s1,-1856(gp) # 200c04a0 <_impure_ptr+0x9c>
200a15d6:	89aa                	mv	s3,a0
200a15d8:	85a6                	mv	a1,s1
200a15da:	278070ef          	jal	ra,200a8852 <__lesf2>
200a15de:	00054a63          	bltz	a0,200a15f2 <flight_controller_update+0x364>
200a15e2:	8641a483          	lw	s1,-1948(gp) # 200c0444 <_impure_ptr+0x40>
200a15e6:	854e                	mv	a0,s3
200a15e8:	85a6                	mv	a1,s1
200a15ea:	1d2070ef          	jal	ra,200a87bc <__gesf2>
200a15ee:	00a05363          	blez	a0,200a15f4 <flight_controller_update+0x366>
200a15f2:	89a6                	mv	s3,s1
200a15f4:	0c042583          	lw	a1,192(s0)
200a15f8:	854e                	mv	a0,s3
200a15fa:	5b6070ef          	jal	ra,200a8bb0 <__subsf3>
200a15fe:	85aa                	mv	a1,a0
200a1600:	8652                	mv	a2,s4
200a1602:	b5018513          	addi	a0,gp,-1200 # 200c0730 <g_vertical_speed_pid>
200a1606:	2431                	jal	200a1812 <pid_update>
200a1608:	84aa                	mv	s1,a0
200a160a:	08c45503          	lhu	a0,140(s0)
200a160e:	bd3ff0ef          	jal	ra,200a11e0 <rc_throttle_to_norm>
200a1612:	8481a583          	lw	a1,-1976(gp) # 200c0428 <_impure_ptr+0x24>
200a1616:	59a070ef          	jal	ra,200a8bb0 <__subsf3>
200a161a:	8481a583          	lw	a1,-1976(gp) # 200c0428 <_impure_ptr+0x24>
200a161e:	2cc070ef          	jal	ra,200a88ea <__mulsf3>
200a1622:	200c07b7          	lui	a5,0x200c0
200a1626:	3e07a583          	lw	a1,992(a5) # 200c03e0 <g_hover_throttle>
200a162a:	31f060ef          	jal	ra,200a8148 <__addsf3>
200a162e:	85a6                	mv	a1,s1
200a1630:	319060ef          	jal	ra,200a8148 <__addsf3>
200a1634:	0c444783          	lbu	a5,196(s0)
200a1638:	84aa                	mv	s1,a0
200a163a:	cf85                	beqz	a5,200a1672 <flight_controller_update+0x3e4>
200a163c:	0b042503          	lw	a0,176(s0)
200a1640:	665030ef          	jal	ra,200a54a4 <cosf>
200a1644:	8b2a                	mv	s6,a0
200a1646:	0b442503          	lw	a0,180(s0)
200a164a:	65b030ef          	jal	ra,200a54a4 <cosf>
200a164e:	85aa                	mv	a1,a0
200a1650:	855a                	mv	a0,s6
200a1652:	298070ef          	jal	ra,200a88ea <__mulsf3>
200a1656:	8901ab83          	lw	s7,-1904(gp) # 200c0470 <_impure_ptr+0x6c>
200a165a:	8b2a                	mv	s6,a0
200a165c:	85de                	mv	a1,s7
200a165e:	1f4070ef          	jal	ra,200a8852 <__lesf2>
200a1662:	00055363          	bgez	a0,200a1668 <flight_controller_update+0x3da>
200a1666:	8b5e                	mv	s6,s7
200a1668:	8526                	mv	a0,s1
200a166a:	85da                	mv	a1,s6
200a166c:	635060ef          	jal	ra,200a84a0 <__divsf3>
200a1670:	84aa                	mv	s1,a0
200a1672:	0f242023          	sw	s2,224(s0)
200a1676:	0f342223          	sw	s3,228(s0)
200a167a:	00000593          	li	a1,0
200a167e:	8526                	mv	a0,s1
200a1680:	1d2070ef          	jal	ra,200a8852 <__lesf2>
200a1684:	d60545e3          	bltz	a0,200a13ee <flight_controller_update+0x160>
200a1688:	8641a903          	lw	s2,-1948(gp) # 200c0444 <_impure_ptr+0x40>
200a168c:	8526                	mv	a0,s1
200a168e:	85ca                	mv	a1,s2
200a1690:	12c070ef          	jal	ra,200a87bc <__gesf2>
200a1694:	d4a05fe3          	blez	a0,200a13f2 <flight_controller_update+0x164>
200a1698:	84ca                	mv	s1,s2
200a169a:	bba1                	j	200a13f2 <flight_controller_update+0x164>
200a169c:	10a44783          	lbu	a5,266(s0)
200a16a0:	e60789e3          	beqz	a5,200a1512 <flight_controller_update+0x284>
200a16a4:	08c45503          	lhu	a0,140(s0)
200a16a8:	10442903          	lw	s2,260(s0)
200a16ac:	a6bff0ef          	jal	ra,200a1116 <throttle_stick_to_vertical_speed>
200a16b0:	84c1a583          	lw	a1,-1972(gp) # 200c042c <_impure_ptr+0x28>
200a16b4:	4fc070ef          	jal	ra,200a8bb0 <__subsf3>
200a16b8:	bd95                	j	200a152c <flight_controller_update+0x29e>
200a16ba:	af3ff0ef          	jal	ra,200a11ac <reset_altitude_controller>
200a16be:	0bc42783          	lw	a5,188(s0)
200a16c2:	08c45503          	lhu	a0,140(s0)
200a16c6:	0ef42023          	sw	a5,224(s0)
200a16ca:	00000793          	li	a5,0
200a16ce:	0ef42223          	sw	a5,228(s0)
200a16d2:	b0fff0ef          	jal	ra,200a11e0 <rc_throttle_to_norm>
200a16d6:	84aa                	mv	s1,a0
200a16d8:	bb29                	j	200a13f2 <flight_controller_update+0x164>
200a16da:	8082                	ret

200a16dc <norm_to_pwm>:
200a16dc:	f3bfe2ef          	jal	t0,200a0616 <__riscv_save_0>
200a16e0:	00000593          	li	a1,0
200a16e4:	842a                	mv	s0,a0
200a16e6:	16c070ef          	jal	ra,200a8852 <__lesf2>
200a16ea:	00054c63          	bltz	a0,200a1702 <norm_to_pwm+0x26>
200a16ee:	8641a483          	lw	s1,-1948(gp) # 200c0444 <_impure_ptr+0x40>
200a16f2:	8522                	mv	a0,s0
200a16f4:	85a6                	mv	a1,s1
200a16f6:	0c6070ef          	jal	ra,200a87bc <__gesf2>
200a16fa:	00a05663          	blez	a0,200a1706 <norm_to_pwm+0x2a>
200a16fe:	8426                	mv	s0,s1
200a1700:	a019                	j	200a1706 <norm_to_pwm+0x2a>
200a1702:	00000413          	li	s0,0
200a1706:	8941a583          	lw	a1,-1900(gp) # 200c0474 <_impure_ptr+0x70>
200a170a:	8522                	mv	a0,s0
200a170c:	1de070ef          	jal	ra,200a88ea <__mulsf3>
200a1710:	077070ef          	jal	ra,200a8f86 <__fixunssfsi>
200a1714:	3e850513          	addi	a0,a0,1000
200a1718:	08054533          	zext.h	a0,a0
200a171c:	f1ffe06f          	j	200a063a <__riscv_restore_0>

200a1720 <mixer_init>:
200a1720:	8082                	ret

200a1722 <mixer_mix_x_quad>:
200a1722:	0c060463          	beqz	a2,200a17ea <mixer_mix_x_quad+0xc8>
200a1726:	ed7fe2ef          	jal	t0,200a05fc <__riscv_save_4>
200a172a:	8432                	mv	s0,a2
200a172c:	c199                	beqz	a1,200a1732 <mixer_mix_x_quad+0x10>
200a172e:	84aa                	mv	s1,a0
200a1730:	e909                	bnez	a0,200a1742 <mixer_mix_x_quad+0x20>
200a1732:	3e800793          	li	a5,1000
200a1736:	a01e                	sh	a5,0(s0)
200a1738:	a03e                	sh	a5,2(s0)
200a173a:	a05e                	sh	a5,4(s0)
200a173c:	a07e                	sh	a5,6(s0)
200a173e:	ef3fe06f          	j	200a0630 <__riscv_restore_4>
200a1742:	02052a03          	lw	s4,32(a0)
200a1746:	8d41a583          	lw	a1,-1836(gp) # 200c04b4 <_impure_ptr+0xb0>
200a174a:	4548                	lw	a0,12(a0)
200a174c:	19e070ef          	jal	ra,200a88ea <__mulsf3>
200a1750:	892a                	mv	s2,a0
200a1752:	8d41a583          	lw	a1,-1836(gp) # 200c04b4 <_impure_ptr+0xb0>
200a1756:	4888                	lw	a0,16(s1)
200a1758:	192070ef          	jal	ra,200a88ea <__mulsf3>
200a175c:	8d81a583          	lw	a1,-1832(gp) # 200c04b8 <_impure_ptr+0xb4>
200a1760:	89aa                	mv	s3,a0
200a1762:	48c8                	lw	a0,20(s1)
200a1764:	186070ef          	jal	ra,200a88ea <__mulsf3>
200a1768:	84aa                	mv	s1,a0
200a176a:	85ce                	mv	a1,s3
200a176c:	8552                	mv	a0,s4
200a176e:	1db060ef          	jal	ra,200a8148 <__addsf3>
200a1772:	85ca                	mv	a1,s2
200a1774:	8aaa                	mv	s5,a0
200a1776:	1d3060ef          	jal	ra,200a8148 <__addsf3>
200a177a:	85a6                	mv	a1,s1
200a177c:	434070ef          	jal	ra,200a8bb0 <__subsf3>
200a1780:	3fb1                	jal	200a16dc <norm_to_pwm>
200a1782:	a00a                	sh	a0,0(s0)
200a1784:	85ca                	mv	a1,s2
200a1786:	8556                	mv	a0,s5
200a1788:	428070ef          	jal	ra,200a8bb0 <__subsf3>
200a178c:	85a6                	mv	a1,s1
200a178e:	1bb060ef          	jal	ra,200a8148 <__addsf3>
200a1792:	37a9                	jal	200a16dc <norm_to_pwm>
200a1794:	85ce                	mv	a1,s3
200a1796:	a02a                	sh	a0,2(s0)
200a1798:	8552                	mv	a0,s4
200a179a:	416070ef          	jal	ra,200a8bb0 <__subsf3>
200a179e:	85ca                	mv	a1,s2
200a17a0:	89aa                	mv	s3,a0
200a17a2:	40e070ef          	jal	ra,200a8bb0 <__subsf3>
200a17a6:	85a6                	mv	a1,s1
200a17a8:	408070ef          	jal	ra,200a8bb0 <__subsf3>
200a17ac:	3f05                	jal	200a16dc <norm_to_pwm>
200a17ae:	a04a                	sh	a0,4(s0)
200a17b0:	85ca                	mv	a1,s2
200a17b2:	854e                	mv	a0,s3
200a17b4:	195060ef          	jal	ra,200a8148 <__addsf3>
200a17b8:	85a6                	mv	a1,s1
200a17ba:	18f060ef          	jal	ra,200a8148 <__addsf3>
200a17be:	3f39                	jal	200a16dc <norm_to_pwm>
200a17c0:	a06a                	sh	a0,6(s0)
200a17c2:	00000593          	li	a1,0
200a17c6:	8552                	mv	a0,s4
200a17c8:	7f5060ef          	jal	ra,200a87bc <__gesf2>
200a17cc:	f6a059e3          	blez	a0,200a173e <mixer_mix_x_quad+0x1c>
200a17d0:	00840713          	addi	a4,s0,8
200a17d4:	49c00693          	li	a3,1180
200a17d8:	201e                	lhu	a5,0(s0)
200a17da:	0409                	addi	s0,s0,2
200a17dc:	0ad7f7b3          	maxu	a5,a5,a3
200a17e0:	fef41f23          	sh	a5,-2(s0)
200a17e4:	fee41ae3          	bne	s0,a4,200a17d8 <mixer_mix_x_quad+0xb6>
200a17e8:	bf99                	j	200a173e <mixer_mix_x_quad+0x1c>
200a17ea:	8082                	ret

200a17ec <pid_init>:
200a17ec:	cd01                	beqz	a0,200a1804 <pid_init+0x18>
200a17ee:	c514                	sw	a3,8(a0)
200a17f0:	00000693          	li	a3,0
200a17f4:	c10c                	sw	a1,0(a0)
200a17f6:	c150                	sw	a2,4(a0)
200a17f8:	c554                	sw	a3,12(a0)
200a17fa:	c914                	sw	a3,16(a0)
200a17fc:	c958                	sw	a4,20(a0)
200a17fe:	cd1c                	sw	a5,24(a0)
200a1800:	cd58                	sw	a4,28(a0)
200a1802:	d11c                	sw	a5,32(a0)
200a1804:	8082                	ret

200a1806 <pid_reset>:
200a1806:	c509                	beqz	a0,200a1810 <pid_reset+0xa>
200a1808:	00000793          	li	a5,0
200a180c:	c55c                	sw	a5,12(a0)
200a180e:	c91c                	sw	a5,16(a0)
200a1810:	8082                	ret

200a1812 <pid_update>:
200a1812:	debfe2ef          	jal	t0,200a05fc <__riscv_save_4>
200a1816:	00000493          	li	s1,0
200a181a:	c155                	beqz	a0,200a18be <pid_update+0xac>
200a181c:	842a                	mv	s0,a0
200a181e:	892e                	mv	s2,a1
200a1820:	8532                	mv	a0,a2
200a1822:	00000593          	li	a1,0
200a1826:	89b2                	mv	s3,a2
200a1828:	02a070ef          	jal	ra,200a8852 <__lesf2>
200a182c:	00000493          	li	s1,0
200a1830:	08a05763          	blez	a0,200a18be <pid_update+0xac>
200a1834:	404c                	lw	a1,4(s0)
200a1836:	854a                	mv	a0,s2
200a1838:	0b2070ef          	jal	ra,200a88ea <__mulsf3>
200a183c:	85ce                	mv	a1,s3
200a183e:	0ac070ef          	jal	ra,200a88ea <__mulsf3>
200a1842:	444c                	lw	a1,12(s0)
200a1844:	105060ef          	jal	ra,200a8148 <__addsf3>
200a1848:	4844                	lw	s1,20(s0)
200a184a:	01842a83          	lw	s5,24(s0)
200a184e:	8a2a                	mv	s4,a0
200a1850:	85a6                	mv	a1,s1
200a1852:	000070ef          	jal	ra,200a8852 <__lesf2>
200a1856:	00054a63          	bltz	a0,200a186a <pid_update+0x58>
200a185a:	85d6                	mv	a1,s5
200a185c:	8552                	mv	a0,s4
200a185e:	75f060ef          	jal	ra,200a87bc <__gesf2>
200a1862:	84d6                	mv	s1,s5
200a1864:	00a04363          	bgtz	a0,200a186a <pid_update+0x58>
200a1868:	84d2                	mv	s1,s4
200a186a:	480c                	lw	a1,16(s0)
200a186c:	c444                	sw	s1,12(s0)
200a186e:	854a                	mv	a0,s2
200a1870:	340070ef          	jal	ra,200a8bb0 <__subsf3>
200a1874:	85ce                	mv	a1,s3
200a1876:	42b060ef          	jal	ra,200a84a0 <__divsf3>
200a187a:	400c                	lw	a1,0(s0)
200a187c:	89aa                	mv	s3,a0
200a187e:	01242823          	sw	s2,16(s0)
200a1882:	854a                	mv	a0,s2
200a1884:	066070ef          	jal	ra,200a88ea <__mulsf3>
200a1888:	85a6                	mv	a1,s1
200a188a:	0bf060ef          	jal	ra,200a8148 <__addsf3>
200a188e:	440c                	lw	a1,8(s0)
200a1890:	84aa                	mv	s1,a0
200a1892:	854e                	mv	a0,s3
200a1894:	056070ef          	jal	ra,200a88ea <__mulsf3>
200a1898:	85aa                	mv	a1,a0
200a189a:	8526                	mv	a0,s1
200a189c:	0ad060ef          	jal	ra,200a8148 <__addsf3>
200a18a0:	4c44                	lw	s1,28(s0)
200a18a2:	892a                	mv	s2,a0
200a18a4:	85a6                	mv	a1,s1
200a18a6:	7ad060ef          	jal	ra,200a8852 <__lesf2>
200a18aa:	00054a63          	bltz	a0,200a18be <pid_update+0xac>
200a18ae:	5004                	lw	s1,32(s0)
200a18b0:	854a                	mv	a0,s2
200a18b2:	85a6                	mv	a1,s1
200a18b4:	709060ef          	jal	ra,200a87bc <__gesf2>
200a18b8:	00a04363          	bgtz	a0,200a18be <pid_update+0xac>
200a18bc:	84ca                	mv	s1,s2
200a18be:	8526                	mv	a0,s1
200a18c0:	d71fe06f          	j	200a0630 <__riscv_restore_4>

200a18c4 <logger_init>:
200a18c4:	8082                	ret

200a18c6 <barometer_init>:
200a18c6:	4505                	li	a0,1
200a18c8:	8082                	ret

200a18ca <barometer_read>:
200a18ca:	5110006f          	j	200a25da <imu_read_barometer>

200a18ce <hex_nibble>:
200a18ce:	0ff57793          	zext.b	a5,a0
200a18d2:	fd078513          	addi	a0,a5,-48
200a18d6:	0ff57513          	zext.b	a0,a0
200a18da:	4725                	li	a4,9
200a18dc:	00a76563          	bltu	a4,a0,200a18e6 <hex_nibble+0x18>
200a18e0:	60451513          	sext.b	a0,a0
200a18e4:	8082                	ret
200a18e6:	fbf78713          	addi	a4,a5,-65
200a18ea:	0ff77713          	zext.b	a4,a4
200a18ee:	4695                	li	a3,5
200a18f0:	00e6e763          	bltu	a3,a4,200a18fe <hex_nibble+0x30>
200a18f4:	fc978793          	addi	a5,a5,-55
200a18f8:	60479513          	sext.b	a0,a5
200a18fc:	8082                	ret
200a18fe:	f9f78713          	addi	a4,a5,-97
200a1902:	0ff77713          	zext.b	a4,a4
200a1906:	557d                	li	a0,-1
200a1908:	fee6eae3          	bltu	a3,a4,200a18fc <hex_nibble+0x2e>
200a190c:	fa978793          	addi	a5,a5,-87
200a1910:	b7e5                	j	200a18f8 <hex_nibble+0x2a>

200a1912 <parse_decimal_field>:
200a1912:	0e050d63          	beqz	a0,200a1a0c <parse_decimal_field+0xfa>
200a1916:	cd1fe2ef          	jal	t0,200a05e6 <__riscv_save_12>
200a191a:	8aaa                	mv	s5,a0
200a191c:	1141                	addi	sp,sp,-16
200a191e:	89ae                	mv	s3,a1
200a1920:	4501                	li	a0,0
200a1922:	c1bd                	beqz	a1,200a1988 <parse_decimal_field+0x76>
200a1924:	8281a403          	lw	s0,-2008(gp) # 200c0408 <_impure_ptr+0x4>
200a1928:	82c1a483          	lw	s1,-2004(gp) # 200c040c <_impure_ptr+0x8>
200a192c:	8301a783          	lw	a5,-2000(gp) # 200c0410 <_impure_ptr+0xc>
200a1930:	8341a803          	lw	a6,-1996(gp) # 200c0414 <_impure_ptr+0x10>
200a1934:	8932                	mv	s2,a2
200a1936:	4c01                	li	s8,0
200a1938:	4b01                	li	s6,0
200a193a:	4b81                	li	s7,0
200a193c:	4d81                	li	s11,0
200a193e:	4a01                	li	s4,0
200a1940:	c03e                	sw	a5,0(sp)
200a1942:	c242                	sw	a6,4(sp)
200a1944:	8ca2                	mv	s9,s0
200a1946:	8d26                	mv	s10,s1
200a1948:	018a8733          	add	a4,s5,s8
200a194c:	00070703          	lb	a4,0(a4)
200a1950:	0ff77613          	zext.b	a2,a4
200a1954:	fd560693          	addi	a3,a2,-43
200a1958:	9af5                	andi	a3,a3,-3
200a195a:	0186e6b3          	or	a3,a3,s8
200a195e:	0ff6f693          	zext.b	a3,a3
200a1962:	e695                	bnez	a3,200a198e <parse_decimal_field+0x7c>
200a1964:	fd370713          	addi	a4,a4,-45
200a1968:	00173b13          	seqz	s6,a4
200a196c:	0c05                	addi	s8,s8,1
200a196e:	0ffc7713          	zext.b	a4,s8
200a1972:	fd376be3          	bltu	a4,s3,200a1948 <parse_decimal_field+0x36>
200a1976:	c909                	beqz	a0,200a1988 <parse_decimal_field+0x76>
200a1978:	000b0463          	beqz	s6,200a1980 <parse_decimal_field+0x6e>
200a197c:	69fd9d93          	binvi	s11,s11,0x1f
200a1980:	01792023          	sw	s7,0(s2)
200a1984:	01b92223          	sw	s11,4(s2)
200a1988:	0141                	addi	sp,sp,16
200a198a:	c99fe06f          	j	200a0622 <__riscv_restore_12>
200a198e:	02e00793          	li	a5,46
200a1992:	00f71663          	bne	a4,a5,200a199e <parse_decimal_field+0x8c>
200a1996:	060a1d63          	bnez	s4,200a1a10 <parse_decimal_field+0xfe>
200a199a:	4a05                	li	s4,1
200a199c:	bfc1                	j	200a196c <parse_decimal_field+0x5a>
200a199e:	fd060613          	addi	a2,a2,-48
200a19a2:	0ff67613          	zext.b	a2,a2
200a19a6:	47a5                	li	a5,9
200a19a8:	06c7e463          	bltu	a5,a2,200a1a10 <parse_decimal_field+0xfe>
200a19ac:	fd070513          	addi	a0,a4,-48
200a19b0:	60451513          	sext.b	a0,a0
200a19b4:	6d2060ef          	jal	ra,200a8086 <__floatsidf>
200a19b8:	020a0863          	beqz	s4,200a19e8 <parse_decimal_field+0xd6>
200a19bc:	8622                	mv	a2,s0
200a19be:	86a6                	mv	a3,s1
200a19c0:	24b050ef          	jal	ra,200a740a <__muldf3>
200a19c4:	862a                	mv	a2,a0
200a19c6:	86ae                	mv	a3,a1
200a19c8:	855e                	mv	a0,s7
200a19ca:	85ee                	mv	a1,s11
200a19cc:	451040ef          	jal	ra,200a661c <__adddf3>
200a19d0:	8baa                	mv	s7,a0
200a19d2:	8dae                	mv	s11,a1
200a19d4:	8522                	mv	a0,s0
200a19d6:	85a6                	mv	a1,s1
200a19d8:	8666                	mv	a2,s9
200a19da:	86ea                	mv	a3,s10
200a19dc:	22f050ef          	jal	ra,200a740a <__muldf3>
200a19e0:	842a                	mv	s0,a0
200a19e2:	84ae                	mv	s1,a1
200a19e4:	8552                	mv	a0,s4
200a19e6:	b759                	j	200a196c <parse_decimal_field+0x5a>
200a19e8:	4602                	lw	a2,0(sp)
200a19ea:	4692                	lw	a3,4(sp)
200a19ec:	c62e                	sw	a1,12(sp)
200a19ee:	c42a                	sw	a0,8(sp)
200a19f0:	85ee                	mv	a1,s11
200a19f2:	855e                	mv	a0,s7
200a19f4:	217050ef          	jal	ra,200a740a <__muldf3>
200a19f8:	48a2                	lw	a7,8(sp)
200a19fa:	4732                	lw	a4,12(sp)
200a19fc:	8646                	mv	a2,a7
200a19fe:	86ba                	mv	a3,a4
200a1a00:	41d040ef          	jal	ra,200a661c <__adddf3>
200a1a04:	8baa                	mv	s7,a0
200a1a06:	8dae                	mv	s11,a1
200a1a08:	4505                	li	a0,1
200a1a0a:	b78d                	j	200a196c <parse_decimal_field+0x5a>
200a1a0c:	4501                	li	a0,0
200a1a0e:	8082                	ret
200a1a10:	4501                	li	a0,0
200a1a12:	bf9d                	j	200a1988 <parse_decimal_field+0x76>

200a1a14 <parse_coord_field>:
200a1a14:	bdbfe2ef          	jal	t0,200a05ee <__riscv_save_10>
200a1a18:	1141                	addi	sp,sp,-16
200a1a1a:	e611                	bnez	a2,200a1a26 <parse_coord_field+0x12>
200a1a1c:	4401                	li	s0,0
200a1a1e:	8522                	mv	a0,s0
200a1a20:	0141                	addi	sp,sp,16
200a1a22:	c05fe06f          	j	200a0626 <__riscv_restore_10>
200a1a26:	4785                	li	a5,1
200a1a28:	fef69ae3          	bne	a3,a5,200a1a1c <parse_coord_field+0x8>
200a1a2c:	8a32                	mv	s4,a2
200a1a2e:	0030                	addi	a2,sp,8
200a1a30:	84ba                	mv	s1,a4
200a1a32:	ee1ff0ef          	jal	ra,200a1912 <parse_decimal_field>
200a1a36:	842a                	mv	s0,a0
200a1a38:	d175                	beqz	a0,200a1a1c <parse_coord_field+0x8>
200a1a3a:	4922                	lw	s2,8(sp)
200a1a3c:	49b2                	lw	s3,12(sp)
200a1a3e:	4601                	li	a2,0
200a1a40:	4681                	li	a3,0
200a1a42:	854a                	mv	a0,s2
200a1a44:	85ce                	mv	a1,s3
200a1a46:	109050ef          	jal	ra,200a734e <__ledf2>
200a1a4a:	fc0549e3          	bltz	a0,200a1a1c <parse_coord_field+0x8>
200a1a4e:	8381a603          	lw	a2,-1992(gp) # 200c0418 <_impure_ptr+0x14>
200a1a52:	83c1a683          	lw	a3,-1988(gp) # 200c041c <_impure_ptr+0x18>
200a1a56:	854a                	mv	a0,s2
200a1a58:	85ce                	mv	a1,s3
200a1a5a:	2c8050ef          	jal	ra,200a6d22 <__divdf3>
200a1a5e:	5d2060ef          	jal	ra,200a8030 <__fixunsdfsi>
200a1a62:	08054533          	zext.h	a0,a0
200a1a66:	690060ef          	jal	ra,200a80f6 <__floatunsidf>
200a1a6a:	8381a603          	lw	a2,-1992(gp) # 200c0418 <_impure_ptr+0x14>
200a1a6e:	83c1a683          	lw	a3,-1988(gp) # 200c041c <_impure_ptr+0x18>
200a1a72:	8c2a                	mv	s8,a0
200a1a74:	8bae                	mv	s7,a1
200a1a76:	195050ef          	jal	ra,200a740a <__muldf3>
200a1a7a:	862a                	mv	a2,a0
200a1a7c:	86ae                	mv	a3,a1
200a1a7e:	854a                	mv	a0,s2
200a1a80:	85ce                	mv	a1,s3
200a1a82:	691050ef          	jal	ra,200a7912 <__subdf3>
200a1a86:	4601                	li	a2,0
200a1a88:	4681                	li	a3,0
200a1a8a:	8b2a                	mv	s6,a0
200a1a8c:	8aae                	mv	s5,a1
200a1a8e:	0c1050ef          	jal	ra,200a734e <__ledf2>
200a1a92:	f80545e3          	bltz	a0,200a1a1c <parse_coord_field+0x8>
200a1a96:	8401a903          	lw	s2,-1984(gp) # 200c0420 <_impure_ptr+0x1c>
200a1a9a:	8441a983          	lw	s3,-1980(gp) # 200c0424 <_impure_ptr+0x20>
200a1a9e:	855a                	mv	a0,s6
200a1aa0:	864a                	mv	a2,s2
200a1aa2:	86ce                	mv	a3,s3
200a1aa4:	85d6                	mv	a1,s5
200a1aa6:	7ea050ef          	jal	ra,200a7290 <__gedf2>
200a1aaa:	f60559e3          	bgez	a0,200a1a1c <parse_coord_field+0x8>
200a1aae:	864a                	mv	a2,s2
200a1ab0:	86ce                	mv	a3,s3
200a1ab2:	855a                	mv	a0,s6
200a1ab4:	85d6                	mv	a1,s5
200a1ab6:	26c050ef          	jal	ra,200a6d22 <__divdf3>
200a1aba:	86de                	mv	a3,s7
200a1abc:	8662                	mv	a2,s8
200a1abe:	35f040ef          	jal	ra,200a661c <__adddf3>
200a1ac2:	c088                	sw	a0,0(s1)
200a1ac4:	c0cc                	sw	a1,4(s1)
200a1ac6:	000a0783          	lb	a5,0(s4)
200a1aca:	05300713          	li	a4,83
200a1ace:	ffb7f693          	andi	a3,a5,-5
200a1ad2:	00e69663          	bne	a3,a4,200a1ade <parse_coord_field+0xca>
200a1ad6:	69f59593          	binvi	a1,a1,0x1f
200a1ada:	c0cc                	sw	a1,4(s1)
200a1adc:	b789                	j	200a1a1e <parse_coord_field+0xa>
200a1ade:	04e00713          	li	a4,78
200a1ae2:	f2e78ee3          	beq	a5,a4,200a1a1e <parse_coord_field+0xa>
200a1ae6:	fbb78793          	addi	a5,a5,-69
200a1aea:	0017b413          	seqz	s0,a5
200a1aee:	bf05                	j	200a1a1e <parse_coord_field+0xa>

200a1af0 <parse_uint8_field>:
200a1af0:	86aa                	mv	a3,a0
200a1af2:	4501                	li	a0,0
200a1af4:	c2a9                	beqz	a3,200a1b36 <parse_uint8_field+0x46>
200a1af6:	c1b1                	beqz	a1,200a1b3a <parse_uint8_field+0x4a>
200a1af8:	4701                	li	a4,0
200a1afa:	4781                	li	a5,0
200a1afc:	4825                	li	a6,9
200a1afe:	48a9                	li	a7,10
200a1b00:	0ff00313          	li	t1,255
200a1b04:	00e68533          	add	a0,a3,a4
200a1b08:	00050503          	lb	a0,0(a0)
200a1b0c:	fd050513          	addi	a0,a0,-48
200a1b10:	0ff57e13          	zext.b	t3,a0
200a1b14:	03c86263          	bltu	a6,t3,200a1b38 <parse_uint8_field+0x48>
200a1b18:	031787b3          	mul	a5,a5,a7
200a1b1c:	97aa                	add	a5,a5,a0
200a1b1e:	0807c7b3          	zext.h	a5,a5
200a1b22:	00f36b63          	bltu	t1,a5,200a1b38 <parse_uint8_field+0x48>
200a1b26:	0705                	addi	a4,a4,1
200a1b28:	0ff77513          	zext.b	a0,a4
200a1b2c:	fcb56ce3          	bltu	a0,a1,200a1b04 <parse_uint8_field+0x14>
200a1b30:	a21c                	sb	a5,0(a2)
200a1b32:	4505                	li	a0,1
200a1b34:	8082                	ret
200a1b36:	8082                	ret
200a1b38:	4501                	li	a0,0
200a1b3a:	8082                	ret

200a1b3c <nmea_get_field.constprop.0>:
200a1b3c:	be018703          	lb	a4,-1056(gp) # 200c07c0 <g_nmea_line>
200a1b40:	02400793          	li	a5,36
200a1b44:	882a                	mv	a6,a0
200a1b46:	02f71b63          	bne	a4,a5,200a1b7c <nmea_get_field.constprop.0+0x40>
200a1b4a:	be118793          	addi	a5,gp,-1055 # 200c07c1 <g_nmea_line+0x1>
200a1b4e:	4701                	li	a4,0
200a1b50:	be118693          	addi	a3,gp,-1055 # 200c07c1 <g_nmea_line+0x1>
200a1b54:	02c00893          	li	a7,44
200a1b58:	02a00313          	li	t1,42
200a1b5c:	00078503          	lb	a0,0(a5)
200a1b60:	03150063          	beq	a0,a7,200a1b80 <nmea_get_field.constprop.0+0x44>
200a1b64:	00650a63          	beq	a0,t1,200a1b78 <nmea_get_field.constprop.0+0x3c>
200a1b68:	e11d                	bnez	a0,200a1b8e <nmea_get_field.constprop.0+0x52>
200a1b6a:	00e81a63          	bne	a6,a4,200a1b7e <nmea_get_field.constprop.0+0x42>
200a1b6e:	c194                	sw	a3,0(a1)
200a1b70:	8f95                	sub	a5,a5,a3
200a1b72:	a21c                	sb	a5,0(a2)
200a1b74:	4505                	li	a0,1
200a1b76:	8082                	ret
200a1b78:	fee80be3          	beq	a6,a4,200a1b6e <nmea_get_field.constprop.0+0x32>
200a1b7c:	4501                	li	a0,0
200a1b7e:	8082                	ret
200a1b80:	fee807e3          	beq	a6,a4,200a1b6e <nmea_get_field.constprop.0+0x32>
200a1b84:	0705                	addi	a4,a4,1
200a1b86:	0ff77713          	zext.b	a4,a4
200a1b8a:	00178693          	addi	a3,a5,1
200a1b8e:	0785                	addi	a5,a5,1
200a1b90:	b7f1                	j	200a1b5c <nmea_get_field.constprop.0+0x20>

200a1b92 <gps_init>:
200a1b92:	a85fe2ef          	jal	t0,200a0616 <__riscv_save_0>
200a1b96:	02800613          	li	a2,40
200a1b9a:	4581                	li	a1,0
200a1b9c:	c6018513          	addi	a0,gp,-928 # 200c0840 <g_gps_latest>
200a1ba0:	abdfe0ef          	jal	ra,200a065c <memset>
200a1ba4:	9a01a023          	sw	zero,-1632(gp) # 200c0580 <g_gps_last_sentence_ms>
200a1ba8:	98018fa3          	sb	zero,-1633(gp) # 200c057f <g_gps_have_sample>
200a1bac:	98018f23          	sb	zero,-1634(gp) # 200c057e <g_nmea_line_len>
200a1bb0:	98018ea3          	sb	zero,-1635(gp) # 200c057d <g_nmea_line_active>
200a1bb4:	4505                	li	a0,1
200a1bb6:	a85fe06f          	j	200a063a <__riscv_restore_0>

200a1bba <gps_poll>:
200a1bba:	a2dfe2ef          	jal	t0,200a05e6 <__riscv_save_12>
200a1bbe:	715d                	addi	sp,sp,-80
200a1bc0:	200d9437          	lui	s0,0x200d9
200a1bc4:	c42a                	sw	a0,8(sp)
200a1bc6:	6b3000ef          	jal	ra,200a2a78 <bsp_board_millis>
200a1bca:	48840713          	addi	a4,s0,1160 # 200d9488 <g_dbg_gps>
200a1bce:	431c                	lw	a5,0(a4)
200a1bd0:	84aa                	mv	s1,a0
200a1bd2:	0785                	addi	a5,a5,1
200a1bd4:	c31c                	sw	a5,0(a4)
200a1bd6:	4901                	li	s2,0
200a1bd8:	48840413          	addi	s0,s0,1160
200a1bdc:	02400b93          	li	s7,36
200a1be0:	be018b13          	addi	s6,gp,-1056 # 200c07c0 <g_nmea_line>
200a1be4:	4c85                	li	s9,1
200a1be6:	4c05                	li	s8,1
200a1be8:	01d10513          	addi	a0,sp,29
200a1bec:	766010ef          	jal	ra,200a3352 <bsp_uart_gps_read_byte>
200a1bf0:	c50d                	beqz	a0,200a1c1a <gps_poll+0x60>
200a1bf2:	01d14683          	lbu	a3,29(sp)
200a1bf6:	07769b63          	bne	a3,s7,200a1c6c <gps_poll+0xb2>
200a1bfa:	441c                	lw	a5,8(s0)
200a1bfc:	017b0023          	sb	s7,0(s6)
200a1c00:	99818f23          	sb	s8,-1634(gp) # 200c057e <g_nmea_line_len>
200a1c04:	0785                	addi	a5,a5,1
200a1c06:	c41c                	sw	a5,8(s0)
200a1c08:	99818ea3          	sb	s8,-1635(gp) # 200c057d <g_nmea_line_active>
200a1c0c:	03940c23          	sb	s9,56(s0)
200a1c10:	0905                	addi	s2,s2,1
200a1c12:	10000793          	li	a5,256
200a1c16:	fcf919e3          	bne	s2,a5,200a1be8 <gps_poll+0x2e>
200a1c1a:	405c                	lw	a5,4(s0)
200a1c1c:	4501                	li	a0,0
200a1c1e:	97ca                	add	a5,a5,s2
200a1c20:	c05c                	sw	a5,4(s0)
200a1c22:	47a2                	lw	a5,8(sp)
200a1c24:	c3a9                	beqz	a5,200a1c66 <gps_poll+0xac>
200a1c26:	99f1c783          	lbu	a5,-1633(gp) # 200c057f <g_gps_have_sample>
200a1c2a:	c6018913          	addi	s2,gp,-928 # 200c0840 <g_gps_latest>
200a1c2e:	c39d                	beqz	a5,200a1c54 <gps_poll+0x9a>
200a1c30:	02194783          	lbu	a5,33(s2)
200a1c34:	c385                	beqz	a5,200a1c54 <gps_poll+0x9a>
200a1c36:	9a01a783          	lw	a5,-1632(gp) # 200c0580 <g_gps_last_sentence_ms>
200a1c3a:	7d000713          	li	a4,2000
200a1c3e:	40f487b3          	sub	a5,s1,a5
200a1c42:	00f77963          	bgeu	a4,a5,200a1c54 <gps_poll+0x9a>
200a1c46:	581c                	lw	a5,48(s0)
200a1c48:	00992023          	sw	s1,0(s2)
200a1c4c:	020900a3          	sb	zero,33(s2)
200a1c50:	0785                	addi	a5,a5,1
200a1c52:	d81c                	sw	a5,48(s0)
200a1c54:	4522                	lw	a0,8(sp)
200a1c56:	02800613          	li	a2,40
200a1c5a:	c6018593          	addi	a1,gp,-928 # 200c0840 <g_gps_latest>
200a1c5e:	9e9fe0ef          	jal	ra,200a0646 <memcpy>
200a1c62:	02194503          	lbu	a0,33(s2)
200a1c66:	6161                	addi	sp,sp,80
200a1c68:	9bbfe06f          	j	200a0622 <__riscv_restore_12>
200a1c6c:	99d1c783          	lbu	a5,-1635(gp) # 200c057d <g_nmea_line_active>
200a1c70:	d3c5                	beqz	a5,200a1c10 <gps_poll+0x56>
200a1c72:	47b5                	li	a5,13
200a1c74:	f8f68ee3          	beq	a3,a5,200a1c10 <gps_poll+0x56>
200a1c78:	4729                	li	a4,10
200a1c7a:	99e1c783          	lbu	a5,-1634(gp) # 200c057e <g_nmea_line_len>
200a1c7e:	2ce69963          	bne	a3,a4,200a1f50 <gps_poll+0x396>
200a1c82:	be018693          	addi	a3,gp,-1056 # 200c07c0 <g_nmea_line>
200a1c86:	96be                	add	a3,a3,a5
200a1c88:	00068023          	sb	zero,0(a3)
200a1c8c:	4454                	lw	a3,12(s0)
200a1c8e:	98018ea3          	sb	zero,-1635(gp) # 200c057d <g_nmea_line_active>
200a1c92:	be018d13          	addi	s10,gp,-1056 # 200c07c0 <g_nmea_line>
200a1c96:	0685                	addi	a3,a3,1
200a1c98:	c454                	sw	a3,12(s0)
200a1c9a:	02f40c23          	sb	a5,56(s0)
200a1c9e:	d844                	sw	s1,52(s0)
200a1ca0:	4781                	li	a5,0
200a1ca2:	05f00613          	li	a2,95
200a1ca6:	00fd06b3          	add	a3,s10,a5
200a1caa:	00068683          	lb	a3,0(a3)
200a1cae:	ee95                	bnez	a3,200a1cea <gps_poll+0x130>
200a1cb0:	0ff7f793          	zext.b	a5,a5
200a1cb4:	be018703          	lb	a4,-1056(gp) # 200c07c0 <g_nmea_line>
200a1cb8:	97a2                	add	a5,a5,s0
200a1cba:	02078ca3          	sb	zero,57(a5)
200a1cbe:	02400793          	li	a5,36
200a1cc2:	00f71a63          	bne	a4,a5,200a1cd6 <gps_poll+0x11c>
200a1cc6:	be118d93          	addi	s11,gp,-1055 # 200c07c1 <g_nmea_line+0x1>
200a1cca:	4981                	li	s3,0
200a1ccc:	02a00693          	li	a3,42
200a1cd0:	000d8703          	lb	a4,0(s11)
200a1cd4:	e305                	bnez	a4,200a1cf4 <gps_poll+0x13a>
200a1cd6:	485c                	lw	a5,20(s0)
200a1cd8:	0785                	addi	a5,a5,1
200a1cda:	c85c                	sw	a5,20(s0)
200a1cdc:	bf15                	j	200a1c10 <gps_poll+0x56>
200a1cde:	00f405b3          	add	a1,s0,a5
200a1ce2:	02d58ca3          	sb	a3,57(a1)
200a1ce6:	0785                	addi	a5,a5,1
200a1ce8:	bf7d                	j	200a1ca6 <gps_poll+0xec>
200a1cea:	fec79ae3          	bne	a5,a2,200a1cde <gps_poll+0x124>
200a1cee:	05f00793          	li	a5,95
200a1cf2:	b7c9                	j	200a1cb4 <gps_poll+0xfa>
200a1cf4:	28d70763          	beq	a4,a3,200a1f82 <gps_poll+0x3c8>
200a1cf8:	00e9c7b3          	xor	a5,s3,a4
200a1cfc:	0ff7f993          	zext.b	s3,a5
200a1d00:	0d85                	addi	s11,s11,1
200a1d02:	b7f9                	j	200a1cd0 <gps_poll+0x116>
200a1d04:	9a91a023          	sw	s1,-1632(gp) # 200c0580 <g_gps_last_sentence_ms>
200a1d08:	4d85                	li	s11,1
200a1d0a:	99b18fa3          	sb	s11,-1633(gp) # 200c057f <g_gps_have_sample>
200a1d0e:	5712                	lw	a4,36(sp)
200a1d10:	c6018793          	addi	a5,gp,-928 # 200c0840 <g_gps_latest>
200a1d14:	c384                	sw	s1,0(a5)
200a1d16:	00070683          	lb	a3,0(a4)
200a1d1a:	04100713          	li	a4,65
200a1d1e:	c6018d13          	addi	s10,gp,-928 # 200c0840 <g_gps_latest>
200a1d22:	00e68863          	beq	a3,a4,200a1d32 <gps_poll+0x178>
200a1d26:	020780a3          	sb	zero,33(a5)
200a1d2a:	545c                	lw	a5,44(s0)
200a1d2c:	0785                	addi	a5,a5,1
200a1d2e:	d45c                	sw	a5,44(s0)
200a1d30:	b5c5                	j	200a1c10 <gps_poll+0x56>
200a1d32:	1010                	addi	a2,sp,32
200a1d34:	102c                	addi	a1,sp,40
200a1d36:	450d                	li	a0,3
200a1d38:	e05ff0ef          	jal	ra,200a1b3c <nmea_get_field.constprop.0>
200a1d3c:	e501                	bnez	a0,200a1d44 <gps_poll+0x18a>
200a1d3e:	020d00a3          	sb	zero,33(s10)
200a1d42:	ac6d                	j	200a1ffc <gps_poll+0x442>
200a1d44:	02110613          	addi	a2,sp,33
200a1d48:	106c                	addi	a1,sp,44
200a1d4a:	4511                	li	a0,4
200a1d4c:	df1ff0ef          	jal	ra,200a1b3c <nmea_get_field.constprop.0>
200a1d50:	d57d                	beqz	a0,200a1d3e <gps_poll+0x184>
200a1d52:	02210613          	addi	a2,sp,34
200a1d56:	180c                	addi	a1,sp,48
200a1d58:	4515                	li	a0,5
200a1d5a:	de3ff0ef          	jal	ra,200a1b3c <nmea_get_field.constprop.0>
200a1d5e:	d165                	beqz	a0,200a1d3e <gps_poll+0x184>
200a1d60:	02310613          	addi	a2,sp,35
200a1d64:	184c                	addi	a1,sp,52
200a1d66:	4519                	li	a0,6
200a1d68:	dd5ff0ef          	jal	ra,200a1b3c <nmea_get_field.constprop.0>
200a1d6c:	d969                	beqz	a0,200a1d3e <gps_poll+0x184>
200a1d6e:	02114683          	lbu	a3,33(sp)
200a1d72:	5632                	lw	a2,44(sp)
200a1d74:	02014583          	lbu	a1,32(sp)
200a1d78:	5522                	lw	a0,40(sp)
200a1d7a:	1838                	addi	a4,sp,56
200a1d7c:	c99ff0ef          	jal	ra,200a1a14 <parse_coord_field>
200a1d80:	dd5d                	beqz	a0,200a1d3e <gps_poll+0x184>
200a1d82:	02314683          	lbu	a3,35(sp)
200a1d86:	5652                	lw	a2,52(sp)
200a1d88:	02214583          	lbu	a1,34(sp)
200a1d8c:	5542                	lw	a0,48(sp)
200a1d8e:	0098                	addi	a4,sp,64
200a1d90:	c85ff0ef          	jal	ra,200a1a14 <parse_coord_field>
200a1d94:	d54d                	beqz	a0,200a1d3e <gps_poll+0x184>
200a1d96:	57f2                	lw	a5,60(sp)
200a1d98:	5762                	lw	a4,56(sp)
200a1d9a:	01f10613          	addi	a2,sp,31
200a1d9e:	00fd2623          	sw	a5,12(s10)
200a1da2:	4796                	lw	a5,68(sp)
200a1da4:	00ed2423          	sw	a4,8(s10)
200a1da8:	4706                	lw	a4,64(sp)
200a1daa:	00fd2a23          	sw	a5,20(s10)
200a1dae:	541c                	lw	a5,40(s0)
200a1db0:	104c                	addi	a1,sp,36
200a1db2:	451d                	li	a0,7
200a1db4:	0785                	addi	a5,a5,1
200a1db6:	00ed2823          	sw	a4,16(s10)
200a1dba:	03bd00a3          	sb	s11,33(s10)
200a1dbe:	d41c                	sw	a5,40(s0)
200a1dc0:	d7dff0ef          	jal	ra,200a1b3c <nmea_get_field.constprop.0>
200a1dc4:	e40506e3          	beqz	a0,200a1c10 <gps_poll+0x56>
200a1dc8:	01f14583          	lbu	a1,31(sp)
200a1dcc:	e591                	bnez	a1,200a1dd8 <gps_poll+0x21e>
200a1dce:	00000793          	li	a5,0
200a1dd2:	00fd2e23          	sw	a5,28(s10)
200a1dd6:	bd2d                	j	200a1c10 <gps_poll+0x56>
200a1dd8:	5512                	lw	a0,36(sp)
200a1dda:	00b0                	addi	a2,sp,72
200a1ddc:	b37ff0ef          	jal	ra,200a1912 <parse_decimal_field>
200a1de0:	e20508e3          	beqz	a0,200a1c10 <gps_poll+0x56>
200a1de4:	45b6                	lw	a1,76(sp)
200a1de6:	4526                	lw	a0,72(sp)
200a1de8:	354070ef          	jal	ra,200a913c <__truncdfsf2>
200a1dec:	8dc1a583          	lw	a1,-1828(gp) # 200c04bc <_impure_ptr+0xb8>
200a1df0:	2fb060ef          	jal	ra,200a88ea <__mulsf3>
200a1df4:	00ad2e23          	sw	a0,28(s10)
200a1df8:	bd21                	j	200a1c10 <gps_poll+0x56>
200a1dfa:	04700713          	li	a4,71
200a1dfe:	08e79763          	bne	a5,a4,200a1e8c <gps_poll+0x2d2>
200a1e02:	004d0703          	lb	a4,4(s10)
200a1e06:	08f71363          	bne	a4,a5,200a1e8c <gps_poll+0x2d2>
200a1e0a:	005d0703          	lb	a4,5(s10)
200a1e0e:	04100793          	li	a5,65
200a1e12:	06f71d63          	bne	a4,a5,200a1e8c <gps_poll+0x2d2>
200a1e16:	006d0703          	lb	a4,6(s10)
200a1e1a:	02c00793          	li	a5,44
200a1e1e:	06f71763          	bne	a4,a5,200a1e8c <gps_poll+0x2d2>
200a1e22:	501c                	lw	a5,32(s0)
200a1e24:	01e10613          	addi	a2,sp,30
200a1e28:	104c                	addi	a1,sp,36
200a1e2a:	0785                	addi	a5,a5,1
200a1e2c:	4519                	li	a0,6
200a1e2e:	d01c                	sw	a5,32(s0)
200a1e30:	d0dff0ef          	jal	ra,200a1b3c <nmea_get_field.constprop.0>
200a1e34:	1c050463          	beqz	a0,200a1ffc <gps_poll+0x442>
200a1e38:	01e14583          	lbu	a1,30(sp)
200a1e3c:	5512                	lw	a0,36(sp)
200a1e3e:	02310613          	addi	a2,sp,35
200a1e42:	cafff0ef          	jal	ra,200a1af0 <parse_uint8_field>
200a1e46:	1a050b63          	beqz	a0,200a1ffc <gps_poll+0x442>
200a1e4a:	9a91a023          	sw	s1,-1632(gp) # 200c0580 <g_gps_last_sentence_ms>
200a1e4e:	4705                	li	a4,1
200a1e50:	01e10613          	addi	a2,sp,30
200a1e54:	104c                	addi	a1,sp,36
200a1e56:	451d                	li	a0,7
200a1e58:	c691a023          	sw	s1,-928(gp) # 200c0840 <g_gps_latest>
200a1e5c:	98e18fa3          	sb	a4,-1633(gp) # 200c057f <g_gps_have_sample>
200a1e60:	cddff0ef          	jal	ra,200a1b3c <nmea_get_field.constprop.0>
200a1e64:	c6018d13          	addi	s10,gp,-928 # 200c0840 <g_gps_latest>
200a1e68:	cd01                	beqz	a0,200a1e80 <gps_poll+0x2c6>
200a1e6a:	01e14583          	lbu	a1,30(sp)
200a1e6e:	5512                	lw	a0,36(sp)
200a1e70:	00b0                	addi	a2,sp,72
200a1e72:	c7fff0ef          	jal	ra,200a1af0 <parse_uint8_field>
200a1e76:	c509                	beqz	a0,200a1e80 <gps_poll+0x2c6>
200a1e78:	04814783          	lbu	a5,72(sp)
200a1e7c:	02fd0023          	sb	a5,32(s10)
200a1e80:	02314783          	lbu	a5,35(sp)
200a1e84:	eb81                	bnez	a5,200a1e94 <gps_poll+0x2da>
200a1e86:	020d00a3          	sb	zero,33(s10)
200a1e8a:	b545                	j	200a1d2a <gps_poll+0x170>
200a1e8c:	4c1c                	lw	a5,24(s0)
200a1e8e:	0785                	addi	a5,a5,1
200a1e90:	cc1c                	sw	a5,24(s0)
200a1e92:	bbbd                	j	200a1c10 <gps_poll+0x56>
200a1e94:	01f10613          	addi	a2,sp,31
200a1e98:	102c                	addi	a1,sp,40
200a1e9a:	4509                	li	a0,2
200a1e9c:	ca1ff0ef          	jal	ra,200a1b3c <nmea_get_field.constprop.0>
200a1ea0:	e8050fe3          	beqz	a0,200a1d3e <gps_poll+0x184>
200a1ea4:	1010                	addi	a2,sp,32
200a1ea6:	106c                	addi	a1,sp,44
200a1ea8:	450d                	li	a0,3
200a1eaa:	c93ff0ef          	jal	ra,200a1b3c <nmea_get_field.constprop.0>
200a1eae:	e80508e3          	beqz	a0,200a1d3e <gps_poll+0x184>
200a1eb2:	02110613          	addi	a2,sp,33
200a1eb6:	180c                	addi	a1,sp,48
200a1eb8:	4511                	li	a0,4
200a1eba:	c83ff0ef          	jal	ra,200a1b3c <nmea_get_field.constprop.0>
200a1ebe:	e80500e3          	beqz	a0,200a1d3e <gps_poll+0x184>
200a1ec2:	02210613          	addi	a2,sp,34
200a1ec6:	184c                	addi	a1,sp,52
200a1ec8:	4515                	li	a0,5
200a1eca:	c73ff0ef          	jal	ra,200a1b3c <nmea_get_field.constprop.0>
200a1ece:	e60508e3          	beqz	a0,200a1d3e <gps_poll+0x184>
200a1ed2:	02014683          	lbu	a3,32(sp)
200a1ed6:	5632                	lw	a2,44(sp)
200a1ed8:	01f14583          	lbu	a1,31(sp)
200a1edc:	5522                	lw	a0,40(sp)
200a1ede:	1838                	addi	a4,sp,56
200a1ee0:	b35ff0ef          	jal	ra,200a1a14 <parse_coord_field>
200a1ee4:	e4050de3          	beqz	a0,200a1d3e <gps_poll+0x184>
200a1ee8:	02214683          	lbu	a3,34(sp)
200a1eec:	5652                	lw	a2,52(sp)
200a1eee:	02114583          	lbu	a1,33(sp)
200a1ef2:	5542                	lw	a0,48(sp)
200a1ef4:	0098                	addi	a4,sp,64
200a1ef6:	b1fff0ef          	jal	ra,200a1a14 <parse_coord_field>
200a1efa:	e40502e3          	beqz	a0,200a1d3e <gps_poll+0x184>
200a1efe:	57f2                	lw	a5,60(sp)
200a1f00:	5762                	lw	a4,56(sp)
200a1f02:	01e10613          	addi	a2,sp,30
200a1f06:	00fd2623          	sw	a5,12(s10)
200a1f0a:	4796                	lw	a5,68(sp)
200a1f0c:	00ed2423          	sw	a4,8(s10)
200a1f10:	4706                	lw	a4,64(sp)
200a1f12:	00fd2a23          	sw	a5,20(s10)
200a1f16:	4785                	li	a5,1
200a1f18:	02fd00a3          	sb	a5,33(s10)
200a1f1c:	541c                	lw	a5,40(s0)
200a1f1e:	104c                	addi	a1,sp,36
200a1f20:	4525                	li	a0,9
200a1f22:	0785                	addi	a5,a5,1
200a1f24:	00ed2823          	sw	a4,16(s10)
200a1f28:	d41c                	sw	a5,40(s0)
200a1f2a:	c13ff0ef          	jal	ra,200a1b3c <nmea_get_field.constprop.0>
200a1f2e:	ce0501e3          	beqz	a0,200a1c10 <gps_poll+0x56>
200a1f32:	01e14583          	lbu	a1,30(sp)
200a1f36:	5512                	lw	a0,36(sp)
200a1f38:	00b0                	addi	a2,sp,72
200a1f3a:	9d9ff0ef          	jal	ra,200a1912 <parse_decimal_field>
200a1f3e:	cc0509e3          	beqz	a0,200a1c10 <gps_poll+0x56>
200a1f42:	4526                	lw	a0,72(sp)
200a1f44:	45b6                	lw	a1,76(sp)
200a1f46:	1f6070ef          	jal	ra,200a913c <__truncdfsf2>
200a1f4a:	00ad2c23          	sw	a0,24(s10)
200a1f4e:	b1c9                	j	200a1c10 <gps_poll+0x56>
200a1f50:	07e00713          	li	a4,126
200a1f54:	00f77c63          	bgeu	a4,a5,200a1f6c <gps_poll+0x3b2>
200a1f58:	481c                	lw	a5,16(s0)
200a1f5a:	98018f23          	sb	zero,-1634(gp) # 200c057e <g_nmea_line_len>
200a1f5e:	98018ea3          	sb	zero,-1635(gp) # 200c057d <g_nmea_line_active>
200a1f62:	0785                	addi	a5,a5,1
200a1f64:	c81c                	sw	a5,16(s0)
200a1f66:	02040c23          	sb	zero,56(s0)
200a1f6a:	b15d                	j	200a1c10 <gps_poll+0x56>
200a1f6c:	00178713          	addi	a4,a5,1
200a1f70:	0ff77713          	zext.b	a4,a4
200a1f74:	97da                	add	a5,a5,s6
200a1f76:	98e18f23          	sb	a4,-1634(gp) # 200c057e <g_nmea_line_len>
200a1f7a:	a394                	sb	a3,0(a5)
200a1f7c:	02e40c23          	sb	a4,56(s0)
200a1f80:	b941                	j	200a1c10 <gps_poll+0x56>
200a1f82:	001d8503          	lb	a0,1(s11)
200a1f86:	949ff0ef          	jal	ra,200a18ce <hex_nibble>
200a1f8a:	872a                	mv	a4,a0
200a1f8c:	d40545e3          	bltz	a0,200a1cd6 <gps_poll+0x11c>
200a1f90:	002d8503          	lb	a0,2(s11)
200a1f94:	c63a                	sw	a4,12(sp)
200a1f96:	939ff0ef          	jal	ra,200a18ce <hex_nibble>
200a1f9a:	d2054ee3          	bltz	a0,200a1cd6 <gps_poll+0x11c>
200a1f9e:	4732                	lw	a4,12(sp)
200a1fa0:	60499793          	sext.b	a5,s3
200a1fa4:	0712                	slli	a4,a4,0x4
200a1fa6:	8d59                	or	a0,a0,a4
200a1fa8:	60451513          	sext.b	a0,a0
200a1fac:	d2f515e3          	bne	a0,a5,200a1cd6 <gps_poll+0x11c>
200a1fb0:	003d0783          	lb	a5,3(s10)
200a1fb4:	05200713          	li	a4,82
200a1fb8:	e4e791e3          	bne	a5,a4,200a1dfa <gps_poll+0x240>
200a1fbc:	004d0703          	lb	a4,4(s10)
200a1fc0:	04d00793          	li	a5,77
200a1fc4:	ecf714e3          	bne	a4,a5,200a1e8c <gps_poll+0x2d2>
200a1fc8:	005d0703          	lb	a4,5(s10)
200a1fcc:	04300793          	li	a5,67
200a1fd0:	eaf71ee3          	bne	a4,a5,200a1e8c <gps_poll+0x2d2>
200a1fd4:	006d0703          	lb	a4,6(s10)
200a1fd8:	02c00793          	li	a5,44
200a1fdc:	eaf718e3          	bne	a4,a5,200a1e8c <gps_poll+0x2d2>
200a1fe0:	4c5c                	lw	a5,28(s0)
200a1fe2:	01f10613          	addi	a2,sp,31
200a1fe6:	104c                	addi	a1,sp,36
200a1fe8:	0785                	addi	a5,a5,1
200a1fea:	4509                	li	a0,2
200a1fec:	cc5c                	sw	a5,28(s0)
200a1fee:	b4fff0ef          	jal	ra,200a1b3c <nmea_get_field.constprop.0>
200a1ff2:	c509                	beqz	a0,200a1ffc <gps_poll+0x442>
200a1ff4:	01f14783          	lbu	a5,31(sp)
200a1ff8:	d00796e3          	bnez	a5,200a1d04 <gps_poll+0x14a>
200a1ffc:	505c                	lw	a5,36(s0)
200a1ffe:	0785                	addi	a5,a5,1
200a2000:	d05c                	sw	a5,36(s0)
200a2002:	b139                	j	200a1c10 <gps_poll+0x56>

200a2004 <imu_decode_f32_le>:
200a2004:	4108                	lw	a0,0(a0)
200a2006:	8082                	ret

200a2008 <imu_uart_send_command.constprop.0.isra.0>:
200a2008:	e0efe2ef          	jal	t0,200a0616 <__riscv_save_0>
200a200c:	6789                	lui	a5,0x2
200a200e:	1141                	addi	sp,sp,-16
200a2010:	37e78793          	addi	a5,a5,894 # 237e <__stack_size+0x137e>
200a2014:	847c                	sh	a5,8(sp)
200a2016:	479d                	li	a5,7
200a2018:	855c                	sb	a5,10(sp)
200a201a:	219c                	lbu	a5,0(a1)
200a201c:	85c8                	sb	a0,11(sp)
200a201e:	000107a3          	sb	zero,15(sp)
200a2022:	865c                	sb	a5,12(sp)
200a2024:	319c                	lbu	a5,1(a1)
200a2026:	4701                	li	a4,0
200a2028:	4699                	li	a3,6
200a202a:	86dc                	sb	a5,13(sp)
200a202c:	4781                	li	a5,0
200a202e:	0030                	addi	a2,sp,8
200a2030:	963a                	add	a2,a2,a4
200a2032:	2210                	lbu	a2,0(a2)
200a2034:	0705                	addi	a4,a4,1
200a2036:	97b2                	add	a5,a5,a2
200a2038:	0ff7f793          	zext.b	a5,a5
200a203c:	fed719e3          	bne	a4,a3,200a202e <imu_uart_send_command.constprop.0.isra.0+0x26>
200a2040:	0028                	addi	a0,sp,8
200a2042:	459d                	li	a1,7
200a2044:	875c                	sb	a5,14(sp)
200a2046:	4ca010ef          	jal	ra,200a3510 <bsp_uart_imu_write>
200a204a:	0141                	addi	sp,sp,16
200a204c:	deefe06f          	j	200a063a <__riscv_restore_0>

200a2050 <imu_retry_init>:
200a2050:	dc6fe2ef          	jal	t0,200a0616 <__riscv_save_0>
200a2054:	d081c703          	lbu	a4,-760(gp) # 200c08e8 <g_imu_ctx>
200a2058:	1141                	addi	sp,sp,-16
200a205a:	eb49                	bnez	a4,200a20ec <imu_retry_init+0x9c>
200a205c:	87aa                	mv	a5,a0
200a205e:	d0818413          	addi	s0,gp,-760 # 200c08e8 <g_imu_ctx>
200a2062:	852e                	mv	a0,a1
200a2064:	e981                	bnez	a1,200a2074 <imu_retry_init+0x24>
200a2066:	4058                	lw	a4,4(s0)
200a2068:	1f300693          	li	a3,499
200a206c:	40e78733          	sub	a4,a5,a4
200a2070:	06e6ff63          	bgeu	a3,a4,200a20ee <imu_retry_init+0x9e>
200a2074:	03800613          	li	a2,56
200a2078:	cc418493          	addi	s1,gp,-828 # 200c08a4 <g_imu_uart_ctx>
200a207c:	4581                	li	a1,0
200a207e:	cc418513          	addi	a0,gp,-828 # 200c08a4 <g_imu_uart_ctx>
200a2082:	c05c                	sw	a5,4(s0)
200a2084:	dd8fe0ef          	jal	ra,200a065c <memset>
200a2088:	8e01a783          	lw	a5,-1824(gp) # 200c04c0 <_impure_ptr+0xbc>
200a208c:	006c                	addi	a1,sp,12
200a208e:	06000513          	li	a0,96
200a2092:	dc9c                	sw	a5,56(s1)
200a2094:	8e41a783          	lw	a5,-1820(gp) # 200c04c4 <_impure_ptr+0xc0>
200a2098:	dcdc                	sw	a5,60(s1)
200a209a:	c0bc                	sw	a5,64(s1)
200a209c:	6799                	lui	a5,0x6
200a209e:	f6478793          	addi	a5,a5,-156 # 5f64 <__stack_size+0x4f64>
200a20a2:	867c                	sh	a5,12(sp)
200a20a4:	f65ff0ef          	jal	ra,200a2008 <imu_uart_send_command.constprop.0.isra.0>
200a20a8:	4509                	li	a0,2
200a20aa:	2d6030ef          	jal	ra,200a5380 <Delay_Ms>
200a20ae:	47a5                	li	a5,9
200a20b0:	006c                	addi	a1,sp,12
200a20b2:	06100513          	li	a0,97
200a20b6:	865c                	sb	a5,12(sp)
200a20b8:	f51ff0ef          	jal	ra,200a2008 <imu_uart_send_command.constprop.0.isra.0>
200a20bc:	4509                	li	a0,2
200a20be:	2c2030ef          	jal	ra,200a5380 <Delay_Ms>
200a20c2:	4485                	li	s1,1
200a20c4:	006c                	addi	a1,sp,12
200a20c6:	08000513          	li	a0,128
200a20ca:	8664                	sh	s1,12(sp)
200a20cc:	f3dff0ef          	jal	ra,200a2008 <imu_uart_send_command.constprop.0.isra.0>
200a20d0:	65f1                	lui	a1,0x1c
200a20d2:	200aa537          	lui	a0,0x200aa
200a20d6:	06400613          	li	a2,100
200a20da:	20058593          	addi	a1,a1,512 # 1c200 <_data_lma+0x1133c>
200a20de:	54050513          	addi	a0,a0,1344 # 200aa540 <_read+0xdc>
200a20e2:	a004                	sb	s1,0(s0)
200a20e4:	00042623          	sw	zero,12(s0)
200a20e8:	1c0070ef          	jal	ra,200a92a8 <iprintf>
200a20ec:	4505                	li	a0,1
200a20ee:	0141                	addi	sp,sp,16
200a20f0:	d4afe06f          	j	200a063a <__riscv_restore_0>

200a20f4 <imu_init>:
200a20f4:	cfafe2ef          	jal	t0,200a05ee <__riscv_save_10>
200a20f8:	d0818793          	addi	a5,gp,-760 # 200c08e8 <g_imu_ctx>
200a20fc:	200aa937          	lui	s2,0x200aa
200a2100:	200aa9b7          	lui	s3,0x200aa
200a2104:	0007a023          	sw	zero,0(a5)
200a2108:	0007a223          	sw	zero,4(a5)
200a210c:	0007a423          	sw	zero,8(a5)
200a2110:	0007a623          	sw	zero,12(a5)
200a2114:	4485                	li	s1,1
200a2116:	d0818a13          	addi	s4,gp,-760 # 200c08e8 <g_imu_ctx>
200a211a:	4a8d                	li	s5,3
200a211c:	56c90913          	addi	s2,s2,1388 # 200aa56c <_read+0x108>
200a2120:	5e498993          	addi	s3,s3,1508 # 200aa5e4 <CSWTCH.43>
200a2124:	200aab37          	lui	s6,0x200aa
200a2128:	4b99                	li	s7,6
200a212a:	14f000ef          	jal	ra,200a2a78 <bsp_board_millis>
200a212e:	4601                	li	a2,0
200a2130:	4585                	li	a1,1
200a2132:	f1fff0ef          	jal	ra,200a2050 <imu_retry_init>
200a2136:	842a                	mv	s0,a0
200a2138:	e51d                	bnez	a0,200a2166 <imu_init+0x72>
200a213a:	00ca2783          	lw	a5,12(s4)
200a213e:	86ca                	mv	a3,s2
200a2140:	00fae563          	bltu	s5,a5,200a214a <imu_init+0x56>
200a2144:	2137c7b3          	sh2add	a5,a5,s3
200a2148:	4394                	lw	a3,0(a5)
200a214a:	85a6                	mv	a1,s1
200a214c:	4615                	li	a2,5
200a214e:	574b0513          	addi	a0,s6,1396 # 200aa574 <_read+0x110>
200a2152:	0485                	addi	s1,s1,1
200a2154:	154070ef          	jal	ra,200a92a8 <iprintf>
200a2158:	01748763          	beq	s1,s7,200a2166 <imu_init+0x72>
200a215c:	06400513          	li	a0,100
200a2160:	220030ef          	jal	ra,200a5380 <Delay_Ms>
200a2164:	b7d9                	j	200a212a <imu_init+0x36>
200a2166:	8522                	mv	a0,s0
200a2168:	cbefe06f          	j	200a0626 <__riscv_restore_10>

200a216c <imu_read>:
200a216c:	c7afe2ef          	jal	t0,200a05e6 <__riscv_save_12>
200a2170:	1101                	addi	sp,sp,-32
200a2172:	84aa                	mv	s1,a0
200a2174:	4981                	li	s3,0
200a2176:	103000ef          	jal	ra,200a2a78 <bsp_board_millis>
200a217a:	1e048363          	beqz	s1,200a2360 <imu_read+0x1f4>
200a217e:	d081c783          	lbu	a5,-760(gp) # 200c08e8 <g_imu_ctx>
200a2182:	8caa                	mv	s9,a0
200a2184:	d0818a13          	addi	s4,gp,-760 # 200c08e8 <g_imu_ctx>
200a2188:	e789                	bnez	a5,200a2192 <imu_read+0x26>
200a218a:	4605                	li	a2,1
200a218c:	4581                	li	a1,0
200a218e:	ec3ff0ef          	jal	ra,200a2050 <imu_retry_init>
200a2192:	200d9437          	lui	s0,0x200d9
200a2196:	2e040713          	addi	a4,s0,736 # 200d92e0 <g_dbg_imu>
200a219a:	431c                	lw	a5,0(a4)
200a219c:	200aab37          	lui	s6,0x200aa
200a21a0:	0785                	addi	a5,a5,1
200a21a2:	c31c                	sw	a5,0(a4)
200a21a4:	598b0793          	addi	a5,s6,1432 # 200aa598 <_read+0x134>
200a21a8:	00010fa3          	sb	zero,31(sp)
200a21ac:	4981                	li	s3,0
200a21ae:	2e040413          	addi	s0,s0,736
200a21b2:	c63e                	sw	a5,12(sp)
200a21b4:	c8818913          	addi	s2,gp,-888 # 200c0868 <frame_data.0>
200a21b8:	01f10513          	addi	a0,sp,31
200a21bc:	2ac010ef          	jal	ra,200a3468 <bsp_uart_imu_read_byte>
200a21c0:	c91d                	beqz	a0,200a21f6 <imu_read+0x8a>
200a21c2:	9a71c783          	lbu	a5,-1625(gp) # 200c0587 <rx_state.4>
200a21c6:	0985                	addi	s3,s3,1
200a21c8:	4711                	li	a4,4
200a21ca:	0809c9b3          	zext.h	s3,s3
200a21ce:	1af76e63          	bltu	a4,a5,200a238a <imu_read+0x21e>
200a21d2:	4732                	lw	a4,12(sp)
200a21d4:	20e7c7b3          	sh2add	a5,a5,a4
200a21d8:	4398                	lw	a4,0(a5)
200a21da:	01f14783          	lbu	a5,31(sp)
200a21de:	8702                	jr	a4
200a21e0:	02300713          	li	a4,35
200a21e4:	18e79263          	bne	a5,a4,200a2368 <imu_read+0x1fc>
200a21e8:	4789                	li	a5,2
200a21ea:	9af183a3          	sb	a5,-1625(gp) # 200c0587 <rx_state.4>
200a21ee:	08000793          	li	a5,128
200a21f2:	fcf993e3          	bne	s3,a5,200a21b8 <imu_read+0x4c>
200a21f6:	405c                	lw	a5,4(s0)
200a21f8:	99be                	add	s3,s3,a5
200a21fa:	cc418793          	addi	a5,gp,-828 # 200c08a4 <g_imu_uart_ctx>
200a21fe:	2388                	lbu	a0,0(a5)
200a2200:	01342223          	sw	s3,4(s0)
200a2204:	43cc                	lw	a1,4(a5)
200a2206:	cc418913          	addi	s2,gp,-828 # 200c08a4 <g_imu_uart_ctx>
200a220a:	57fd                	li	a5,-1
200a220c:	c119                	beqz	a0,200a2212 <imu_read+0xa6>
200a220e:	40bc87b3          	sub	a5,s9,a1
200a2212:	00194983          	lbu	s3,1(s2)
200a2216:	dc1c                	sw	a5,56(s0)
200a2218:	00892603          	lw	a2,8(s2)
200a221c:	57fd                	li	a5,-1
200a221e:	00098463          	beqz	s3,200a2226 <imu_read+0xba>
200a2222:	40cc87b3          	sub	a5,s9,a2
200a2226:	00294a83          	lbu	s5,2(s2)
200a222a:	dc5c                	sw	a5,60(s0)
200a222c:	00c92703          	lw	a4,12(s2)
200a2230:	57fd                	li	a5,-1
200a2232:	000a8463          	beqz	s5,200a223a <imu_read+0xce>
200a2236:	40ec87b3          	sub	a5,s9,a4
200a223a:	000a4803          	lbu	a6,0(s4)
200a223e:	c03c                	sw	a5,64(s0)
200a2240:	4785                	li	a5,1
200a2242:	07040623          	sb	a6,108(s0)
200a2246:	06a406a3          	sb	a0,109(s0)
200a224a:	07340723          	sb	s3,110(s0)
200a224e:	075407a3          	sb	s5,111(s0)
200a2252:	c519                	beqz	a0,200a2260 <imu_read+0xf4>
200a2254:	40bc87b3          	sub	a5,s9,a1
200a2258:	15f7b793          	sltiu	a5,a5,351
200a225c:	0017c793          	xori	a5,a5,1
200a2260:	0ff7f793          	zext.b	a5,a5
200a2264:	06f408a3          	sb	a5,113(s0)
200a2268:	4785                	li	a5,1
200a226a:	00098863          	beqz	s3,200a227a <imu_read+0x10e>
200a226e:	40cc87b3          	sub	a5,s9,a2
200a2272:	15f7b793          	sltiu	a5,a5,351
200a2276:	0017c793          	xori	a5,a5,1
200a227a:	0ff7f793          	zext.b	a5,a5
200a227e:	06f40923          	sb	a5,114(s0)
200a2282:	4685                	li	a3,1
200a2284:	000a8863          	beqz	s5,200a2294 <imu_read+0x128>
200a2288:	40ec8733          	sub	a4,s9,a4
200a228c:	25973713          	sltiu	a4,a4,601
200a2290:	00174693          	xori	a3,a4,1
200a2294:	0ff6f693          	zext.b	a3,a3
200a2298:	06d409a3          	sb	a3,115(s0)
200a229c:	07144783          	lbu	a5,113(s0)
200a22a0:	c799                	beqz	a5,200a22ae <imu_read+0x142>
200a22a2:	9aa1c783          	lbu	a5,-1622(gp) # 200c058a <motion_was_stale.7>
200a22a6:	e781                	bnez	a5,200a22ae <imu_read+0x142>
200a22a8:	503c                	lw	a5,96(s0)
200a22aa:	0785                	addi	a5,a5,1
200a22ac:	d03c                	sw	a5,96(s0)
200a22ae:	07244783          	lbu	a5,114(s0)
200a22b2:	c799                	beqz	a5,200a22c0 <imu_read+0x154>
200a22b4:	9a91c783          	lbu	a5,-1623(gp) # 200c0589 <euler_was_stale.6>
200a22b8:	e781                	bnez	a5,200a22c0 <imu_read+0x154>
200a22ba:	507c                	lw	a5,100(s0)
200a22bc:	0785                	addi	a5,a5,1
200a22be:	d07c                	sw	a5,100(s0)
200a22c0:	07344783          	lbu	a5,115(s0)
200a22c4:	c799                	beqz	a5,200a22d2 <imu_read+0x166>
200a22c6:	9a81c783          	lbu	a5,-1624(gp) # 200c0588 <baro_was_stale.5>
200a22ca:	e781                	bnez	a5,200a22d2 <imu_read+0x166>
200a22cc:	543c                	lw	a5,104(s0)
200a22ce:	0785                	addi	a5,a5,1
200a22d0:	d43c                	sw	a5,104(s0)
200a22d2:	07144783          	lbu	a5,113(s0)
200a22d6:	00f037b3          	snez	a5,a5
200a22da:	9af18523          	sb	a5,-1622(gp) # 200c058a <motion_was_stale.7>
200a22de:	07244783          	lbu	a5,114(s0)
200a22e2:	00f037b3          	snez	a5,a5
200a22e6:	9af184a3          	sb	a5,-1623(gp) # 200c0589 <euler_was_stale.6>
200a22ea:	07344783          	lbu	a5,115(s0)
200a22ee:	00f037b3          	snez	a5,a5
200a22f2:	9af18423          	sb	a5,-1624(gp) # 200c0588 <baro_was_stale.5>
200a22f6:	2c080963          	beqz	a6,200a25c8 <imu_read+0x45c>
200a22fa:	2c050763          	beqz	a0,200a25c8 <imu_read+0x45c>
200a22fe:	2c098563          	beqz	s3,200a25c8 <imu_read+0x45c>
200a2302:	40bc8733          	sub	a4,s9,a1
200a2306:	15e00693          	li	a3,350
200a230a:	2ae6ef63          	bltu	a3,a4,200a25c8 <imu_read+0x45c>
200a230e:	40cc87b3          	sub	a5,s9,a2
200a2312:	2af6eb63          	bltu	a3,a5,200a25c8 <imu_read+0x45c>
200a2316:	03942423          	sw	s9,40(s0)
200a231a:	4785                	li	a5,1
200a231c:	06f40823          	sb	a5,112(s0)
200a2320:	4631                	li	a2,12
200a2322:	02890593          	addi	a1,s2,40
200a2326:	0194a023          	sw	s9,0(s1)
200a232a:	00448513          	addi	a0,s1,4
200a232e:	b18fe0ef          	jal	ra,200a0646 <memcpy>
200a2332:	4631                	li	a2,12
200a2334:	01c90593          	addi	a1,s2,28
200a2338:	01048513          	addi	a0,s1,16
200a233c:	b0afe0ef          	jal	ra,200a0646 <memcpy>
200a2340:	4631                	li	a2,12
200a2342:	01090593          	addi	a1,s2,16
200a2346:	01c48513          	addi	a0,s1,28
200a234a:	afcfe0ef          	jal	ra,200a0646 <memcpy>
200a234e:	00000793          	li	a5,0
200a2352:	000a8463          	beqz	s5,200a235a <imu_read+0x1ee>
200a2356:	03892783          	lw	a5,56(s2)
200a235a:	d49c                	sw	a5,40(s1)
200a235c:	03348623          	sb	s3,44(s1)
200a2360:	854e                	mv	a0,s3
200a2362:	6105                	addi	sp,sp,32
200a2364:	abefe06f          	j	200a0622 <__riscv_restore_12>
200a2368:	f8278793          	addi	a5,a5,-126
200a236c:	0017b793          	seqz	a5,a5
200a2370:	bdad                	j	200a21ea <imu_read+0x7e>
200a2372:	9af18323          	sb	a5,-1626(gp) # 200c0586 <frame_len.3>
200a2376:	17ed                	addi	a5,a5,-5
200a2378:	0ff7f793          	zext.b	a5,a5
200a237c:	03b00713          	li	a4,59
200a2380:	00f77863          	bgeu	a4,a5,200a2390 <imu_read+0x224>
200a2384:	441c                	lw	a5,8(s0)
200a2386:	0785                	addi	a5,a5,1
200a2388:	c41c                	sw	a5,8(s0)
200a238a:	9a0183a3          	sb	zero,-1625(gp) # 200c0587 <rx_state.4>
200a238e:	b585                	j	200a21ee <imu_read+0x82>
200a2390:	478d                	li	a5,3
200a2392:	bda1                	j	200a21ea <imu_read+0x7e>
200a2394:	9af182a3          	sb	a5,-1627(gp) # 200c0585 <frame_function.2>
200a2398:	9a018223          	sb	zero,-1628(gp) # 200c0584 <frame_index.1>
200a239c:	4791                	li	a5,4
200a239e:	b5b1                	j	200a21ea <imu_read+0x7e>
200a23a0:	9a41c583          	lbu	a1,-1628(gp) # 200c0584 <frame_index.1>
200a23a4:	9a61cd03          	lbu	s10,-1626(gp) # 200c0586 <frame_len.3>
200a23a8:	00158693          	addi	a3,a1,1
200a23ac:	c8818613          	addi	a2,gp,-888 # 200c0868 <frame_data.0>
200a23b0:	ffcd0713          	addi	a4,s10,-4
200a23b4:	0ff6f693          	zext.b	a3,a3
200a23b8:	962e                	add	a2,a2,a1
200a23ba:	0ff77713          	zext.b	a4,a4
200a23be:	9ad18223          	sb	a3,-1628(gp) # 200c0584 <frame_index.1>
200a23c2:	a21c                	sb	a5,0(a2)
200a23c4:	e2e6e5e3          	bltu	a3,a4,200a21ee <imu_read+0x82>
200a23c8:	9a51cc03          	lbu	s8,-1627(gp) # 200c0585 <frame_function.2>
200a23cc:	4601                	li	a2,0
200a23ce:	018d07b3          	add	a5,s10,s8
200a23d2:	fa178793          	addi	a5,a5,-95
200a23d6:	1d6d                	addi	s10,s10,-5
200a23d8:	0ff7f793          	zext.b	a5,a5
200a23dc:	0ffd7d13          	zext.b	s10,s10
200a23e0:	0ff67593          	zext.b	a1,a2
200a23e4:	03a5ea63          	bltu	a1,s10,200a2418 <imu_read+0x2ac>
200a23e8:	974a                	add	a4,a4,s2
200a23ea:	fff74703          	lbu	a4,-1(a4)
200a23ee:	1cf71963          	bne	a4,a5,200a25c0 <imu_read+0x454>
200a23f2:	686000ef          	jal	ra,200a2a78 <bsp_board_millis>
200a23f6:	02600793          	li	a5,38
200a23fa:	8b2a                	mv	s6,a0
200a23fc:	14fc0463          	beq	s8,a5,200a2544 <imu_read+0x3d8>
200a2400:	0387e463          	bltu	a5,s8,200a2428 <imu_read+0x2bc>
200a2404:	4605                	li	a2,1
200a2406:	18cc0a63          	beq	s8,a2,200a259a <imu_read+0x42e>
200a240a:	4791                	li	a5,4
200a240c:	08fc0363          	beq	s8,a5,200a2492 <imu_read+0x326>
200a2410:	485c                	lw	a5,20(s0)
200a2412:	0785                	addi	a5,a5,1
200a2414:	c85c                	sw	a5,20(s0)
200a2416:	bf95                	j	200a238a <imu_read+0x21e>
200a2418:	00c905b3          	add	a1,s2,a2
200a241c:	218c                	lbu	a1,0(a1)
200a241e:	0605                	addi	a2,a2,1
200a2420:	97ae                	add	a5,a5,a1
200a2422:	0ff7f793          	zext.b	a5,a5
200a2426:	bf6d                	j	200a23e0 <imu_read+0x274>
200a2428:	03200793          	li	a5,50
200a242c:	fefc12e3          	bne	s8,a5,200a2410 <imu_read+0x2a4>
200a2430:	47bd                	li	a5,15
200a2432:	07a7f363          	bgeu	a5,s10,200a2498 <imu_read+0x32c>
200a2436:	c8818513          	addi	a0,gp,-888 # 200c0868 <frame_data.0>
200a243a:	cc418d13          	addi	s10,gp,-828 # 200c08a4 <g_imu_uart_ctx>
200a243e:	bc7ff0ef          	jal	ra,200a2004 <imu_decode_f32_le>
200a2442:	02ad2a23          	sw	a0,52(s10)
200a2446:	c8c18513          	addi	a0,gp,-884 # 200c086c <frame_data.0+0x4>
200a244a:	bbbff0ef          	jal	ra,200a2004 <imu_decode_f32_le>
200a244e:	02ad2c23          	sw	a0,56(s10)
200a2452:	c9018513          	addi	a0,gp,-880 # 200c0870 <frame_data.0+0x8>
200a2456:	bafff0ef          	jal	ra,200a2004 <imu_decode_f32_le>
200a245a:	02ad2e23          	sw	a0,60(s10)
200a245e:	c9418513          	addi	a0,gp,-876 # 200c0874 <frame_data.0+0xc>
200a2462:	ba3ff0ef          	jal	ra,200a2004 <imu_decode_f32_le>
200a2466:	4785                	li	a5,1
200a2468:	00fd0123          	sb	a5,2(s10)
200a246c:	585c                	lw	a5,52(s0)
200a246e:	5014                	lw	a3,32(s0)
200a2470:	04ad2023          	sw	a0,64(s10)
200a2474:	016d2623          	sw	s6,12(s10)
200a2478:	0685                	addi	a3,a3,1
200a247a:	d014                	sw	a3,32(s0)
200a247c:	cb81                	beqz	a5,200a248c <imu_read+0x320>
200a247e:	40fb07b3          	sub	a5,s6,a5
200a2482:	c47c                	sw	a5,76(s0)
200a2484:	4c34                	lw	a3,88(s0)
200a2486:	00f6f363          	bgeu	a3,a5,200a248c <imu_read+0x320>
200a248a:	cc3c                	sw	a5,88(s0)
200a248c:	03642a23          	sw	s6,52(s0)
200a2490:	bded                	j	200a238a <imu_read+0x21e>
200a2492:	47ad                	li	a5,11
200a2494:	01a7e663          	bltu	a5,s10,200a24a0 <imu_read+0x334>
200a2498:	481c                	lw	a5,16(s0)
200a249a:	0785                	addi	a5,a5,1
200a249c:	c81c                	sw	a5,16(s0)
200a249e:	b5f5                	j	200a238a <imu_read+0x21e>
200a24a0:	c8819503          	lh	a0,-888(gp) # 200c0868 <frame_data.0>
200a24a4:	331060ef          	jal	ra,200a8fd4 <__floatsisf>
200a24a8:	8e81a583          	lw	a1,-1816(gp) # 200c04c8 <_impure_ptr+0xc4>
200a24ac:	cc418d13          	addi	s10,gp,-828 # 200c08a4 <g_imu_uart_ctx>
200a24b0:	43a060ef          	jal	ra,200a88ea <__mulsf3>
200a24b4:	00ad2823          	sw	a0,16(s10)
200a24b8:	00291503          	lh	a0,2(s2)
200a24bc:	319060ef          	jal	ra,200a8fd4 <__floatsisf>
200a24c0:	8e81a583          	lw	a1,-1816(gp) # 200c04c8 <_impure_ptr+0xc4>
200a24c4:	426060ef          	jal	ra,200a88ea <__mulsf3>
200a24c8:	00ad2a23          	sw	a0,20(s10)
200a24cc:	00491503          	lh	a0,4(s2)
200a24d0:	305060ef          	jal	ra,200a8fd4 <__floatsisf>
200a24d4:	8e81a583          	lw	a1,-1816(gp) # 200c04c8 <_impure_ptr+0xc4>
200a24d8:	412060ef          	jal	ra,200a88ea <__mulsf3>
200a24dc:	00ad2c23          	sw	a0,24(s10)
200a24e0:	00691503          	lh	a0,6(s2)
200a24e4:	2f1060ef          	jal	ra,200a8fd4 <__floatsisf>
200a24e8:	8ec1a583          	lw	a1,-1812(gp) # 200c04cc <_impure_ptr+0xc8>
200a24ec:	3fe060ef          	jal	ra,200a88ea <__mulsf3>
200a24f0:	00ad2e23          	sw	a0,28(s10)
200a24f4:	00891503          	lh	a0,8(s2)
200a24f8:	2dd060ef          	jal	ra,200a8fd4 <__floatsisf>
200a24fc:	8ec1a583          	lw	a1,-1812(gp) # 200c04cc <_impure_ptr+0xc8>
200a2500:	3ea060ef          	jal	ra,200a88ea <__mulsf3>
200a2504:	02ad2023          	sw	a0,32(s10)
200a2508:	00a91503          	lh	a0,10(s2)
200a250c:	2c9060ef          	jal	ra,200a8fd4 <__floatsisf>
200a2510:	8ec1a583          	lw	a1,-1812(gp) # 200c04cc <_impure_ptr+0xc8>
200a2514:	3d6060ef          	jal	ra,200a88ea <__mulsf3>
200a2518:	545c                	lw	a5,44(s0)
200a251a:	4c14                	lw	a3,24(s0)
200a251c:	4605                	li	a2,1
200a251e:	02ad2223          	sw	a0,36(s10)
200a2522:	0685                	addi	a3,a3,1
200a2524:	016d2223          	sw	s6,4(s10)
200a2528:	00cd0023          	sb	a2,0(s10)
200a252c:	cc14                	sw	a3,24(s0)
200a252e:	cb81                	beqz	a5,200a253e <imu_read+0x3d2>
200a2530:	40fb07b3          	sub	a5,s6,a5
200a2534:	c07c                	sw	a5,68(s0)
200a2536:	4834                	lw	a3,80(s0)
200a2538:	00f6f363          	bgeu	a3,a5,200a253e <imu_read+0x3d2>
200a253c:	c83c                	sw	a5,80(s0)
200a253e:	03642623          	sw	s6,44(s0)
200a2542:	b5a1                	j	200a238a <imu_read+0x21e>
200a2544:	47ad                	li	a5,11
200a2546:	f5a7f9e3          	bgeu	a5,s10,200a2498 <imu_read+0x32c>
200a254a:	c8818513          	addi	a0,gp,-888 # 200c0868 <frame_data.0>
200a254e:	ab7ff0ef          	jal	ra,200a2004 <imu_decode_f32_le>
200a2552:	cc418d13          	addi	s10,gp,-828 # 200c08a4 <g_imu_uart_ctx>
200a2556:	02ad2423          	sw	a0,40(s10)
200a255a:	c8c18513          	addi	a0,gp,-884 # 200c086c <frame_data.0+0x4>
200a255e:	aa7ff0ef          	jal	ra,200a2004 <imu_decode_f32_le>
200a2562:	02ad2623          	sw	a0,44(s10)
200a2566:	c9018513          	addi	a0,gp,-880 # 200c0870 <frame_data.0+0x8>
200a256a:	a9bff0ef          	jal	ra,200a2004 <imu_decode_f32_le>
200a256e:	4785                	li	a5,1
200a2570:	00fd00a3          	sb	a5,1(s10)
200a2574:	581c                	lw	a5,48(s0)
200a2576:	4c54                	lw	a3,28(s0)
200a2578:	02ad2823          	sw	a0,48(s10)
200a257c:	016d2423          	sw	s6,8(s10)
200a2580:	0685                	addi	a3,a3,1
200a2582:	cc54                	sw	a3,28(s0)
200a2584:	cb81                	beqz	a5,200a2594 <imu_read+0x428>
200a2586:	40fb07b3          	sub	a5,s6,a5
200a258a:	c43c                	sw	a5,72(s0)
200a258c:	4874                	lw	a3,84(s0)
200a258e:	00f6f363          	bgeu	a3,a5,200a2594 <imu_read+0x428>
200a2592:	c87c                	sw	a5,84(s0)
200a2594:	03642823          	sw	s6,48(s0)
200a2598:	bbcd                	j	200a238a <imu_read+0x21e>
200a259a:	4789                	li	a5,2
200a259c:	efa7fee3          	bgeu	a5,s10,200a2498 <imu_read+0x32c>
200a25a0:	c881c783          	lbu	a5,-888(gp) # 200c0868 <frame_data.0>
200a25a4:	00fa00a3          	sb	a5,1(s4)
200a25a8:	00194783          	lbu	a5,1(s2)
200a25ac:	00fa0123          	sb	a5,2(s4)
200a25b0:	00294783          	lbu	a5,2(s2)
200a25b4:	00fa01a3          	sb	a5,3(s4)
200a25b8:	505c                	lw	a5,36(s0)
200a25ba:	0785                	addi	a5,a5,1
200a25bc:	d05c                	sw	a5,36(s0)
200a25be:	b3f1                	j	200a238a <imu_read+0x21e>
200a25c0:	445c                	lw	a5,12(s0)
200a25c2:	0785                	addi	a5,a5,1
200a25c4:	c45c                	sw	a5,12(s0)
200a25c6:	b3d1                	j	200a238a <imu_read+0x21e>
200a25c8:	03942423          	sw	s9,40(s0)
200a25cc:	06040823          	sb	zero,112(s0)
200a25d0:	4c7c                	lw	a5,92(s0)
200a25d2:	4981                	li	s3,0
200a25d4:	0785                	addi	a5,a5,1
200a25d6:	cc7c                	sw	a5,92(s0)
200a25d8:	b3a1                	j	200a2320 <imu_read+0x1b4>

200a25da <imu_read_barometer>:
200a25da:	83cfe2ef          	jal	t0,200a0616 <__riscv_save_0>
200a25de:	842a                	mv	s0,a0
200a25e0:	2961                	jal	200a2a78 <bsp_board_millis>
200a25e2:	c839                	beqz	s0,200a2638 <imu_read_barometer+0x5e>
200a25e4:	86aa                	mv	a3,a0
200a25e6:	d081c503          	lbu	a0,-760(gp) # 200c08e8 <g_imu_ctx>
200a25ea:	cc418793          	addi	a5,gp,-828 # 200c08a4 <g_imu_uart_ctx>
200a25ee:	23bc                	lbu	a5,2(a5)
200a25f0:	cc418713          	addi	a4,gp,-828 # 200c08a4 <g_imu_uart_ctx>
200a25f4:	cd1d                	beqz	a0,200a2632 <imu_read_barometer+0x58>
200a25f6:	ef89                	bnez	a5,200a2610 <imu_read_barometer+0x36>
200a25f8:	c014                	sw	a3,0(s0)
200a25fa:	8e41a783          	lw	a5,-1820(gp) # 200c04c4 <_impure_ptr+0xc0>
200a25fe:	4501                	li	a0,0
200a2600:	c05c                	sw	a5,4(s0)
200a2602:	c41c                	sw	a5,8(s0)
200a2604:	8e01a783          	lw	a5,-1824(gp) # 200c04c0 <_impure_ptr+0xbc>
200a2608:	c45c                	sw	a5,12(s0)
200a260a:	00000793          	li	a5,0
200a260e:	a831                	j	200a262a <imu_read_barometer+0x50>
200a2610:	475c                	lw	a5,12(a4)
200a2612:	c014                	sw	a3,0(s0)
200a2614:	40f687b3          	sub	a5,a3,a5
200a2618:	2597b513          	sltiu	a0,a5,601
200a261c:	5f5c                	lw	a5,60(a4)
200a261e:	c05c                	sw	a5,4(s0)
200a2620:	433c                	lw	a5,64(a4)
200a2622:	c41c                	sw	a5,8(s0)
200a2624:	5f1c                	lw	a5,56(a4)
200a2626:	c45c                	sw	a5,12(s0)
200a2628:	5b5c                	lw	a5,52(a4)
200a262a:	c81c                	sw	a5,16(s0)
200a262c:	a848                	sb	a0,20(s0)
200a262e:	80cfe06f          	j	200a063a <__riscv_restore_0>
200a2632:	c014                	sw	a3,0(s0)
200a2634:	d3f9                	beqz	a5,200a25fa <imu_read_barometer+0x20>
200a2636:	b7dd                	j	200a261c <imu_read_barometer+0x42>
200a2638:	4501                	li	a0,0
200a263a:	bfd5                	j	200a262e <imu_read_barometer+0x54>

200a263c <rc_input_init>:
200a263c:	fdbfd2ef          	jal	t0,200a0616 <__riscv_save_0>
200a2640:	04800613          	li	a2,72
200a2644:	4581                	li	a1,0
200a2646:	d1818513          	addi	a0,gp,-744 # 200c08f8 <g_rc_ctx>
200a264a:	812fe0ef          	jal	ra,200a065c <memset>
200a264e:	221000ef          	jal	ra,200a306e <bsp_uart_rc_start_rx_irq>
200a2652:	4505                	li	a0,1
200a2654:	fe7fd06f          	j	200a063a <__riscv_restore_0>

200a2658 <rc_input_poll>:
200a2658:	f97fd2ef          	jal	t0,200a05ee <__riscv_save_10>
200a265c:	1101                	addi	sp,sp,-32
200a265e:	892a                	mv	s2,a0
200a2660:	2921                	jal	200a2a78 <bsp_board_millis>
200a2662:	0c090063          	beqz	s2,200a2722 <rc_input_poll+0xca>
200a2666:	200d9437          	lui	s0,0x200d9
200a266a:	3f440713          	addi	a4,s0,1012 # 200d93f4 <g_dbg_rc_input>
200a266e:	431c                	lw	a5,0(a4)
200a2670:	6a41                	lui	s4,0x10
200a2672:	0785                	addi	a5,a5,1
200a2674:	89aa                	mv	s3,a0
200a2676:	c31c                	sw	a5,0(a4)
200a2678:	4b81                	li	s7,0
200a267a:	3f440413          	addi	s0,s0,1012
200a267e:	d1818493          	addi	s1,gp,-744 # 200c08f8 <g_rc_ctx>
200a2682:	4c05                	li	s8,1
200a2684:	4b7d                	li	s6,31
200a2686:	02000c93          	li	s9,32
200a268a:	1a7d                	addi	s4,s4,-1 # ffff <_data_lma+0x513b>
200a268c:	01f10513          	addi	a0,sp,31
200a2690:	559000ef          	jal	ra,200a33e8 <bsp_uart_rc_read_byte>
200a2694:	cd1d                	beqz	a0,200a26d2 <rc_input_poll+0x7a>
200a2696:	01f14783          	lbu	a5,31(sp)
200a269a:	02f40aa3          	sb	a5,53(s0)
200a269e:	03944703          	lbu	a4,57(s0)
200a26a2:	8b7d                	andi	a4,a4,31
200a26a4:	9722                	add	a4,a4,s0
200a26a6:	02f70d23          	sb	a5,58(a4)
200a26aa:	03944703          	lbu	a4,57(s0)
200a26ae:	0705                	addi	a4,a4,1
200a26b0:	0ff77713          	zext.b	a4,a4
200a26b4:	02e40ca3          	sb	a4,57(s0)
200a26b8:	0204c703          	lbu	a4,32(s1)
200a26bc:	eb25                	bnez	a4,200a272c <rc_input_poll+0xd4>
200a26be:	09978963          	beq	a5,s9,200a2750 <rc_input_poll+0xf8>
200a26c2:	505c                	lw	a5,36(s0)
200a26c4:	0785                	addi	a5,a5,1
200a26c6:	d05c                	sw	a5,36(s0)
200a26c8:	0b85                	addi	s7,s7,1
200a26ca:	08000793          	li	a5,128
200a26ce:	fafb9fe3          	bne	s7,a5,200a268c <rc_input_poll+0x34>
200a26d2:	405c                	lw	a5,4(s0)
200a26d4:	97de                	add	a5,a5,s7
200a26d6:	c05c                	sw	a5,4(s0)
200a26d8:	000b9563          	bnez	s7,200a26e2 <rc_input_poll+0x8a>
200a26dc:	545c                	lw	a5,44(s0)
200a26de:	0785                	addi	a5,a5,1
200a26e0:	d45c                	sw	a5,44(s0)
200a26e2:	0444ca03          	lbu	s4,68(s1)
200a26e6:	00490793          	addi	a5,s2,4
200a26ea:	140a1263          	bnez	s4,200a282e <rc_input_poll+0x1d6>
200a26ee:	4858                	lw	a4,20(s0)
200a26f0:	5dc00693          	li	a3,1500
200a26f4:	0705                	addi	a4,a4,1
200a26f6:	c858                	sw	a4,20(s0)
200a26f8:	01392023          	sw	s3,0(s2)
200a26fc:	01890713          	addi	a4,s2,24
200a2700:	a396                	sh	a3,0(a5)
200a2702:	0789                	addi	a5,a5,2
200a2704:	fef71ee3          	bne	a4,a5,200a2700 <rc_input_poll+0xa8>
200a2708:	05dc07b7          	lui	a5,0x5dc0
200a270c:	5dc78713          	addi	a4,a5,1500 # 5dc05dc <_data_lma+0x5db5718>
200a2710:	3e878793          	addi	a5,a5,1000
200a2714:	00f92e23          	sw	a5,28(s2)
200a2718:	67c1                	lui	a5,0x10
200a271a:	00e92c23          	sw	a4,24(s2)
200a271e:	02f92023          	sw	a5,32(s2)
200a2722:	4a01                	li	s4,0
200a2724:	8552                	mv	a0,s4
200a2726:	6105                	addi	sp,sp,32
200a2728:	efffd06f          	j	200a0626 <__riscv_restore_10>
200a272c:	03871e63          	bne	a4,s8,200a2768 <rc_input_poll+0x110>
200a2730:	04000713          	li	a4,64
200a2734:	02e78363          	beq	a5,a4,200a275a <rc_input_poll+0x102>
200a2738:	4818                	lw	a4,16(s0)
200a273a:	0705                	addi	a4,a4,1
200a273c:	c818                	sw	a4,16(s0)
200a273e:	07979763          	bne	a5,s9,200a27ac <rc_input_poll+0x154>
200a2742:	01948023          	sb	s9,0(s1)
200a2746:	03848023          	sb	s8,32(s1)
200a274a:	03840a23          	sb	s8,52(s0)
200a274e:	bfad                	j	200a26c8 <rc_input_poll+0x70>
200a2750:	03848023          	sb	s8,32(s1)
200a2754:	01948023          	sb	s9,0(s1)
200a2758:	bfcd                	j	200a274a <rc_input_poll+0xf2>
200a275a:	4709                	li	a4,2
200a275c:	02e48023          	sb	a4,32(s1)
200a2760:	b09c                	sb	a5,1(s1)
200a2762:	02e40a23          	sb	a4,52(s0)
200a2766:	b78d                	j	200a26c8 <rc_input_poll+0x70>
200a2768:	00170693          	addi	a3,a4,1
200a276c:	0ff6f693          	zext.b	a3,a3
200a2770:	9726                	add	a4,a4,s1
200a2772:	02d48023          	sb	a3,32(s1)
200a2776:	a31c                	sb	a5,0(a4)
200a2778:	02d40a23          	sb	a3,52(s0)
200a277c:	f4db76e3          	bgeu	s6,a3,200a26c8 <rc_input_poll+0x70>
200a2780:	3098                	lbu	a4,1(s1)
200a2782:	3cfc                	lbu	a5,31(s1)
200a2784:	d181c683          	lbu	a3,-744(gp) # 200c08f8 <g_rc_ctx>
200a2788:	02e40b23          	sb	a4,54(s0)
200a278c:	02f40ba3          	sb	a5,55(s0)
200a2790:	02040c23          	sb	zero,56(s0)
200a2794:	01969663          	bne	a3,s9,200a27a0 <rc_input_poll+0x148>
200a2798:	04000693          	li	a3,64
200a279c:	00d70d63          	beq	a4,a3,200a27b6 <rc_input_poll+0x15e>
200a27a0:	505c                	lw	a5,36(s0)
200a27a2:	0785                	addi	a5,a5,1 # 10001 <_data_lma+0x513d>
200a27a4:	d05c                	sw	a5,36(s0)
200a27a6:	481c                	lw	a5,16(s0)
200a27a8:	0785                	addi	a5,a5,1
200a27aa:	c81c                	sw	a5,16(s0)
200a27ac:	02048023          	sb	zero,32(s1)
200a27b0:	02040a23          	sb	zero,52(s0)
200a27b4:	bf11                	j	200a26c8 <rc_input_poll+0x70>
200a27b6:	4681                	li	a3,0
200a27b8:	8752                	mv	a4,s4
200a27ba:	4679                	li	a2,30
200a27bc:	00d485b3          	add	a1,s1,a3
200a27c0:	218c                	lbu	a1,0(a1)
200a27c2:	0685                	addi	a3,a3,1
200a27c4:	8f0d                	sub	a4,a4,a1
200a27c6:	08074733          	zext.h	a4,a4
200a27ca:	fec699e3          	bne	a3,a2,200a27bc <rc_input_poll+0x164>
200a27ce:	2cf4                	lbu	a3,30(s1)
200a27d0:	07a2                	slli	a5,a5,0x8
200a27d2:	8fd5                	or	a5,a5,a3
200a27d4:	00e78663          	beq	a5,a4,200a27e0 <rc_input_poll+0x188>
200a27d8:	541c                	lw	a5,40(s0)
200a27da:	0785                	addi	a5,a5,1
200a27dc:	d41c                	sw	a5,40(s0)
200a27de:	b7e1                	j	200a27a6 <rc_input_poll+0x14e>
200a27e0:	8726                	mv	a4,s1
200a27e2:	4681                	li	a3,0
200a27e4:	7d000813          	li	a6,2000
200a27e8:	3e800513          	li	a0,1000
200a27ec:	45b9                	li	a1,14
200a27ee:	333c                	lbu	a5,3(a4)
200a27f0:	2330                	lbu	a2,2(a4)
200a27f2:	0709                	addi	a4,a4,2
200a27f4:	07a2                	slli	a5,a5,0x8
200a27f6:	8fd1                	or	a5,a5,a2
200a27f8:	0b07d633          	minu	a2,a5,a6
200a27fc:	0aa67633          	maxu	a2,a2,a0
200a2800:	b312                	sh	a2,32(a4)
200a2802:	02868613          	addi	a2,a3,40
200a2806:	20862633          	sh1add	a2,a2,s0
200a280a:	0685                	addi	a3,a3,1
200a280c:	a63e                	sh	a5,10(a2)
200a280e:	feb690e3          	bne	a3,a1,200a27ee <rc_input_poll+0x196>
200a2812:	04048323          	sb	zero,70(s1)
200a2816:	040482a3          	sb	zero,69(s1)
200a281a:	2cb9                	jal	200a2a78 <bsp_board_millis>
200a281c:	4785                	li	a5,1
200a281e:	04f48223          	sb	a5,68(s1)
200a2822:	441c                	lw	a5,8(s0)
200a2824:	c0a8                	sw	a0,64(s1)
200a2826:	0785                	addi	a5,a5,1
200a2828:	c41c                	sw	a5,8(s0)
200a282a:	d808                	sw	a0,48(s0)
200a282c:	b741                	j	200a27ac <rc_input_poll+0x154>
200a282e:	c63e                	sw	a5,12(sp)
200a2830:	24a1                	jal	200a2a78 <bsp_board_millis>
200a2832:	40b8                	lw	a4,64(s1)
200a2834:	0fa00693          	li	a3,250
200a2838:	47b2                	lw	a5,12(sp)
200a283a:	8d19                	sub	a0,a0,a4
200a283c:	eaa6e9e3          	bltu	a3,a0,200a26ee <rc_input_poll+0x96>
200a2840:	00e92023          	sw	a4,0(s2)
200a2844:	86a6                	mv	a3,s1
200a2846:	4701                	li	a4,0
200a2848:	4529                	li	a0,10
200a284a:	32ae                	lhu	a1,34(a3)
200a284c:	03870613          	addi	a2,a4,56
200a2850:	20862633          	sh1add	a2,a2,s0
200a2854:	a38e                	sh	a1,0(a5)
200a2856:	a66e                	sh	a1,14(a2)
200a2858:	0705                	addi	a4,a4,1
200a285a:	0689                	addi	a3,a3,2
200a285c:	0789                	addi	a5,a5,2
200a285e:	fea716e3          	bne	a4,a0,200a284a <rc_input_poll+0x1f2>
200a2862:	00492783          	lw	a5,4(s2)
200a2866:	00f92c23          	sw	a5,24(s2)
200a286a:	00892783          	lw	a5,8(s2)
200a286e:	00f92e23          	sw	a5,28(s2)
200a2872:	01095783          	lhu	a5,16(s2)
200a2876:	6407b793          	sltiu	a5,a5,1600
200a287a:	0017c793          	xori	a5,a5,1
200a287e:	02f90023          	sb	a5,32(s2)
200a2882:	0464c783          	lbu	a5,70(s1)
200a2886:	02f900a3          	sb	a5,33(s2)
200a288a:	0454c783          	lbu	a5,69(s1)
200a288e:	02f90123          	sb	a5,34(s2)
200a2892:	c781                	beqz	a5,200a289a <rc_input_poll+0x242>
200a2894:	020901a3          	sb	zero,35(s2)
200a2898:	b569                	j	200a2722 <rc_input_poll+0xca>
200a289a:	4785                	li	a5,1
200a289c:	02f901a3          	sb	a5,35(s2)
200a28a0:	501c                	lw	a5,32(s0)
200a28a2:	0785                	addi	a5,a5,1
200a28a4:	d01c                	sw	a5,32(s0)
200a28a6:	bdbd                	j	200a2724 <rc_input_poll+0xcc>

200a28a8 <bsp_adc_init>:
200a28a8:	d6ffd2ef          	jal	t0,200a0616 <__riscv_save_0>
200a28ac:	7179                	addi	sp,sp,-48
200a28ae:	02000613          	li	a2,32
200a28b2:	4581                	li	a1,0
200a28b4:	0808                	addi	a0,sp,16
200a28b6:	c202                	sw	zero,4(sp)
200a28b8:	c402                	sw	zero,8(sp)
200a28ba:	c602                	sw	zero,12(sp)
200a28bc:	da1fd0ef          	jal	ra,200a065c <memset>
200a28c0:	4585                	li	a1,1
200a28c2:	20400513          	li	a0,516
200a28c6:	021010ef          	jal	ra,200a40e6 <RCC_HB2PeriphClockCmd>
200a28ca:	4501                	li	a0,0
200a28cc:	06f010ef          	jal	ra,200a413a <RCC_ADCCLKConfig>
200a28d0:	458d                	li	a1,3
200a28d2:	4511                	li	a0,4
200a28d4:	64e010ef          	jal	ra,200a3f22 <RCC_ADCHCLKCLKAsSourceConfig>
200a28d8:	40011537          	lui	a0,0x40011
200a28dc:	478d                	li	a5,3
200a28de:	004c                	addi	a1,sp,4
200a28e0:	80050513          	addi	a0,a0,-2048 # 40010800 <__freertos_irq_stack_topV5+0x1ff10800>
200a28e4:	40012437          	lui	s0,0x40012
200a28e8:	827c                	sh	a5,4(sp)
200a28ea:	c602                	sw	zero,12(sp)
200a28ec:	35e010ef          	jal	ra,200a3c4a <GPIO_Init>
200a28f0:	40040513          	addi	a0,s0,1024 # 40012400 <__freertos_irq_stack_topV5+0x1ff12400>
200a28f4:	282010ef          	jal	ra,200a3b76 <ADC_DeInit>
200a28f8:	000e07b7          	lui	a5,0xe0
200a28fc:	40040513          	addi	a0,s0,1024
200a2900:	ce3e                	sw	a5,28(sp)
200a2902:	080c                	addi	a1,sp,16
200a2904:	4785                	li	a5,1
200a2906:	02f10223          	sb	a5,36(sp)
200a290a:	c802                	sw	zero,16(sp)
200a290c:	ca02                	sw	zero,20(sp)
200a290e:	cc02                	sw	zero,24(sp)
200a2910:	d002                	sw	zero,32(sp)
200a2912:	d402                	sw	zero,40(sp)
200a2914:	d602                	sw	zero,44(sp)
200a2916:	2a0010ef          	jal	ra,200a3bb6 <ADC_Init>
200a291a:	40040513          	addi	a0,s0,1024
200a291e:	4585                	li	a1,1
200a2920:	2ec010ef          	jal	ra,200a3c0c <ADC_Cmd>
200a2924:	40040513          	addi	a0,s0,1024
200a2928:	64e1                	lui	s1,0x18
200a292a:	2f2010ef          	jal	ra,200a3c1c <ADC_ResetCalibration>
200a292e:	6a148493          	addi	s1,s1,1697 # 186a1 <_data_lma+0xd7dd>
200a2932:	40040413          	addi	s0,s0,1024
200a2936:	8522                	mv	a0,s0
200a2938:	2ee010ef          	jal	ra,200a3c26 <ADC_GetResetCalibrationStatus>
200a293c:	c911                	beqz	a0,200a2950 <bsp_adc_init+0xa8>
200a293e:	14fd                	addi	s1,s1,-1
200a2940:	f8fd                	bnez	s1,200a2936 <bsp_adc_init+0x8e>
200a2942:	200d97b7          	lui	a5,0x200d9
200a2946:	3e078793          	addi	a5,a5,992 # 200d93e0 <g_dbg_bus>
200a294a:	4398                	lw	a4,0(a5)
200a294c:	0705                	addi	a4,a4,1
200a294e:	c398                	sw	a4,0(a5)
200a2950:	400124b7          	lui	s1,0x40012
200a2954:	40048513          	addi	a0,s1,1024 # 40012400 <__freertos_irq_stack_topV5+0x1ff12400>
200a2958:	6461                	lui	s0,0x18
200a295a:	2d4010ef          	jal	ra,200a3c2e <ADC_StartCalibration>
200a295e:	6a140413          	addi	s0,s0,1697 # 186a1 <_data_lma+0xd7dd>
200a2962:	40048493          	addi	s1,s1,1024
200a2966:	8526                	mv	a0,s1
200a2968:	2da010ef          	jal	ra,200a3c42 <ADC_GetCalibrationStatus>
200a296c:	c911                	beqz	a0,200a2980 <bsp_adc_init+0xd8>
200a296e:	147d                	addi	s0,s0,-1
200a2970:	f87d                	bnez	s0,200a2966 <bsp_adc_init+0xbe>
200a2972:	200d97b7          	lui	a5,0x200d9
200a2976:	3e078793          	addi	a5,a5,992 # 200d93e0 <g_dbg_bus>
200a297a:	4398                	lw	a4,0(a5)
200a297c:	0705                	addi	a4,a4,1
200a297e:	c398                	sw	a4,0(a5)
200a2980:	6145                	addi	sp,sp,48
200a2982:	cb9fd06f          	j	200a063a <__riscv_restore_0>

200a2986 <bsp_board_led_set>:
200a2986:	c91fd2ef          	jal	t0,200a0616 <__riscv_save_0>
200a298a:	4589                	li	a1,2
200a298c:	c909                	beqz	a0,200a299e <bsp_board_led_set+0x18>
200a298e:	40011537          	lui	a0,0x40011
200a2992:	c0050513          	addi	a0,a0,-1024 # 40010c00 <__freertos_irq_stack_topV5+0x1ff10c00>
200a2996:	39c010ef          	jal	ra,200a3d32 <GPIO_SetBits>
200a299a:	ca1fd06f          	j	200a063a <__riscv_restore_0>
200a299e:	40011537          	lui	a0,0x40011
200a29a2:	c0050513          	addi	a0,a0,-1024 # 40010c00 <__freertos_irq_stack_topV5+0x1ff10c00>
200a29a6:	390010ef          	jal	ra,200a3d36 <GPIO_ResetBits>
200a29aa:	bfc5                	j	200a299a <bsp_board_led_set+0x14>

200a29ac <bsp_board_init>:
200a29ac:	c51fd2ef          	jal	t0,200a05fc <__riscv_save_4>
200a29b0:	200d9437          	lui	s0,0x200d9
200a29b4:	1141                	addi	sp,sp,-16
200a29b6:	74840413          	addi	s0,s0,1864 # 200d9748 <g_dbg_boot>
200a29ba:	4989                	li	s3,2
200a29bc:	64f1                	lui	s1,0x1c
200a29be:	c202                	sw	zero,4(sp)
200a29c0:	c402                	sw	zero,8(sp)
200a29c2:	c602                	sw	zero,12(sp)
200a29c4:	01342023          	sw	s3,0(s0)
200a29c8:	052010ef          	jal	ra,200a3a1a <SystemAndCoreClockUpdate>
200a29cc:	193020ef          	jal	ra,200a535e <Delay_Init>
200a29d0:	20048513          	addi	a0,s1,512 # 1c200 <_data_lma+0x1133c>
200a29d4:	1d7020ef          	jal	ra,200a53aa <USART_Printf_Init>
200a29d8:	490d                	li	s2,3
200a29da:	4585                	li	a1,1
200a29dc:	4521                	li	a0,8
200a29de:	01242023          	sw	s2,0(s0)
200a29e2:	704010ef          	jal	ra,200a40e6 <RCC_HB2PeriphClockCmd>
200a29e6:	40011537          	lui	a0,0x40011
200a29ea:	004c                	addi	a1,sp,4
200a29ec:	47c1                	li	a5,16
200a29ee:	c0050513          	addi	a0,a0,-1024 # 40010c00 <__freertos_irq_stack_topV5+0x1ff10c00>
200a29f2:	c63e                	sw	a5,12(sp)
200a29f4:	01311223          	sh	s3,4(sp)
200a29f8:	c44a                	sw	s2,8(sp)
200a29fa:	250010ef          	jal	ra,200a3c4a <GPIO_Init>
200a29fe:	4501                	li	a0,0
200a2a00:	f87ff0ef          	jal	ra,200a2986 <bsp_board_led_set>
200a2a04:	2a99                	jal	200a2b5a <bsp_pwm_motors_init>
200a2a06:	20048513          	addi	a0,s1,512
200a2a0a:	766000ef          	jal	ra,200a3170 <bsp_uart_imu_init>
200a2a0e:	6509                	lui	a0,0x2
200a2a10:	47a9                	li	a5,10
200a2a12:	58050513          	addi	a0,a0,1408 # 2580 <__stack_size+0x1580>
200a2a16:	c01c                	sw	a5,0(s0)
200a2a18:	2141                	jal	200a2e98 <bsp_uart_gps_init>
200a2a1a:	20048513          	addi	a0,s1,512
200a2a1e:	594000ef          	jal	ra,200a2fb2 <bsp_uart_rc_init>
200a2a22:	e87ff0ef          	jal	ra,200a28a8 <bsp_adc_init>
200a2a26:	200aa637          	lui	a2,0x200aa
200a2a2a:	200aa5b7          	lui	a1,0x200aa
200a2a2e:	200aa537          	lui	a0,0x200aa
200a2a32:	5f460613          	addi	a2,a2,1524 # 200aa5f4 <CSWTCH.43+0x10>
200a2a36:	5fc58593          	addi	a1,a1,1532 # 200aa5fc <CSWTCH.43+0x18>
200a2a3a:	61450513          	addi	a0,a0,1556 # 200aa614 <CSWTCH.43+0x30>
200a2a3e:	06b060ef          	jal	ra,200a92a8 <iprintf>
200a2a42:	9c41a583          	lw	a1,-1596(gp) # 200c05a4 <SystemCoreClock>
200a2a46:	200aa637          	lui	a2,0x200aa
200a2a4a:	200aa537          	lui	a0,0x200aa
200a2a4e:	62060613          	addi	a2,a2,1568 # 200aa620 <CSWTCH.43+0x3c>
200a2a52:	63850513          	addi	a0,a0,1592 # 200aa638 <CSWTCH.43+0x54>
200a2a56:	053060ef          	jal	ra,200a92a8 <iprintf>
200a2a5a:	200aa537          	lui	a0,0x200aa
200a2a5e:	03200613          	li	a2,50
200a2a62:	3e800593          	li	a1,1000
200a2a66:	65850513          	addi	a0,a0,1624 # 200aa658 <CSWTCH.43+0x74>
200a2a6a:	03f060ef          	jal	ra,200a92a8 <iprintf>
200a2a6e:	47cd                	li	a5,19
200a2a70:	c01c                	sw	a5,0(s0)
200a2a72:	0141                	addi	sp,sp,16
200a2a74:	bbdfd06f          	j	200a0630 <__riscv_restore_4>

200a2a78 <bsp_board_millis>:
200a2a78:	9ac1a503          	lw	a0,-1620(gp) # 200c058c <g_board_millis>
200a2a7c:	8082                	ret

200a2a7e <vApplicationTickHook>:
200a2a7e:	9ac1a783          	lw	a5,-1620(gp) # 200c058c <g_board_millis>
200a2a82:	0785                	addi	a5,a5,1
200a2a84:	9af1a623          	sw	a5,-1620(gp) # 200c058c <g_board_millis>
200a2a88:	200d97b7          	lui	a5,0x200d9
200a2a8c:	74878793          	addi	a5,a5,1864 # 200d9748 <g_dbg_boot>
200a2a90:	4798                	lw	a4,8(a5)
200a2a92:	0705                	addi	a4,a4,1
200a2a94:	c798                	sw	a4,8(a5)
200a2a96:	8082                	ret

200a2a98 <bsp_pwm_motor_set_us>:
200a2a98:	b7ffd2ef          	jal	t0,200a0616 <__riscv_save_0>
200a2a9c:	200d9437          	lui	s0,0x200d9
200a2aa0:	468d                	li	a3,3
200a2aa2:	35440413          	addi	s0,s0,852 # 200d9354 <g_dbg_pwm>
200a2aa6:	02a6ed63          	bltu	a3,a0,200a2ae0 <bsp_pwm_motor_set_us+0x48>
200a2aaa:	7d000793          	li	a5,2000
200a2aae:	872e                	mv	a4,a1
200a2ab0:	0af5d7b3          	minu	a5,a1,a5
200a2ab4:	3e800613          	li	a2,1000
200a2ab8:	0ac7f5b3          	maxu	a1,a5,a2
200a2abc:	208527b3          	sh1add	a5,a0,s0
200a2ac0:	a3da                	sh	a4,4(a5)
200a2ac2:	a7ce                	sh	a1,12(a5)
200a2ac4:	4789                	li	a5,2
200a2ac6:	04f50c63          	beq	a0,a5,200a2b1e <bsp_pwm_motor_set_us+0x86>
200a2aca:	06d50163          	beq	a0,a3,200a2b2c <bsp_pwm_motor_set_us+0x94>
200a2ace:	4785                	li	a5,1
200a2ad0:	04f50063          	beq	a0,a5,200a2b10 <bsp_pwm_motor_set_us+0x78>
200a2ad4:	40013537          	lui	a0,0x40013
200a2ad8:	c0050513          	addi	a0,a0,-1024 # 40012c00 <__freertos_irq_stack_topV5+0x1ff12c00>
200a2adc:	195010ef          	jal	ra,200a4470 <TIM_SetCompare1>
200a2ae0:	400137b7          	lui	a5,0x40013
200a2ae4:	c347d703          	lhu	a4,-972(a5) # 40012c34 <__freertos_irq_stack_topV5+0x1ff12c34>
200a2ae8:	c0078793          	addi	a5,a5,-1024
200a2aec:	08074733          	zext.h	a4,a4
200a2af0:	a85a                	sh	a4,20(s0)
200a2af2:	3f9a                	lhu	a4,56(a5)
200a2af4:	08074733          	zext.h	a4,a4
200a2af8:	a87a                	sh	a4,22(s0)
200a2afa:	3fda                	lhu	a4,60(a5)
200a2afc:	08074733          	zext.h	a4,a4
200a2b00:	ac1a                	sh	a4,24(s0)
200a2b02:	0407d783          	lhu	a5,64(a5)
200a2b06:	0807c7b3          	zext.h	a5,a5
200a2b0a:	ac3e                	sh	a5,26(s0)
200a2b0c:	b2ffd06f          	j	200a063a <__riscv_restore_0>
200a2b10:	40013537          	lui	a0,0x40013
200a2b14:	c0050513          	addi	a0,a0,-1024 # 40012c00 <__freertos_irq_stack_topV5+0x1ff12c00>
200a2b18:	15d010ef          	jal	ra,200a4474 <TIM_SetCompare2>
200a2b1c:	b7d1                	j	200a2ae0 <bsp_pwm_motor_set_us+0x48>
200a2b1e:	40013537          	lui	a0,0x40013
200a2b22:	c0050513          	addi	a0,a0,-1024 # 40012c00 <__freertos_irq_stack_topV5+0x1ff12c00>
200a2b26:	153010ef          	jal	ra,200a4478 <TIM_SetCompare3>
200a2b2a:	bf5d                	j	200a2ae0 <bsp_pwm_motor_set_us+0x48>
200a2b2c:	40013537          	lui	a0,0x40013
200a2b30:	c0050513          	addi	a0,a0,-1024 # 40012c00 <__freertos_irq_stack_topV5+0x1ff12c00>
200a2b34:	149010ef          	jal	ra,200a447c <TIM_SetCompare4>
200a2b38:	b765                	j	200a2ae0 <bsp_pwm_motor_set_us+0x48>

200a2b3a <bsp_pwm_motors_set_all_us>:
200a2b3a:	addfd2ef          	jal	t0,200a0616 <__riscv_save_0>
200a2b3e:	84aa                	mv	s1,a0
200a2b40:	4401                	li	s0,0
200a2b42:	4911                	li	s2,4
200a2b44:	8522                	mv	a0,s0
200a2b46:	0405                	addi	s0,s0,1
200a2b48:	85a6                	mv	a1,s1
200a2b4a:	0ff47413          	zext.b	s0,s0
200a2b4e:	f4bff0ef          	jal	ra,200a2a98 <bsp_pwm_motor_set_us>
200a2b52:	ff2419e3          	bne	s0,s2,200a2b44 <bsp_pwm_motors_set_all_us+0xa>
200a2b56:	ae5fd06f          	j	200a063a <__riscv_restore_0>

200a2b5a <bsp_pwm_motors_init>:
200a2b5a:	aa3fd2ef          	jal	t0,200a05fc <__riscv_save_4>
200a2b5e:	6505                	lui	a0,0x1
200a2b60:	7179                	addi	sp,sp,-48
200a2b62:	4585                	li	a1,1
200a2b64:	84550513          	addi	a0,a0,-1979 # 845 <_highcode_lma+0x765>
200a2b68:	400119b7          	lui	s3,0x40011
200a2b6c:	ca02                	sw	zero,20(sp)
200a2b6e:	cc02                	sw	zero,24(sp)
200a2b70:	ce02                	sw	zero,28(sp)
200a2b72:	d002                	sw	zero,32(sp)
200a2b74:	d202                	sw	zero,36(sp)
200a2b76:	d402                	sw	zero,40(sp)
200a2b78:	d602                	sw	zero,44(sp)
200a2b7a:	c402                	sw	zero,8(sp)
200a2b7c:	c602                	sw	zero,12(sp)
200a2b7e:	00011823          	sh	zero,16(sp)
200a2b82:	564010ef          	jal	ra,200a40e6 <RCC_HB2PeriphClockCmd>
200a2b86:	80098513          	addi	a0,s3,-2048 # 40010800 <__freertos_irq_stack_topV5+0x1ff10800>
200a2b8a:	4605                	li	a2,1
200a2b8c:	45a1                	li	a1,8
200a2b8e:	1ac010ef          	jal	ra,200a3d3a <GPIO_PinAFConfig>
200a2b92:	40012437          	lui	s0,0x40012
200a2b96:	80040513          	addi	a0,s0,-2048 # 40011800 <__freertos_irq_stack_topV5+0x1ff11800>
200a2b9a:	4605                	li	a2,1
200a2b9c:	45ad                	li	a1,11
200a2b9e:	19c010ef          	jal	ra,200a3d3a <GPIO_PinAFConfig>
200a2ba2:	80040513          	addi	a0,s0,-2048
200a2ba6:	4605                	li	a2,1
200a2ba8:	45b5                	li	a1,13
200a2baa:	190010ef          	jal	ra,200a3d3a <GPIO_PinAFConfig>
200a2bae:	4605                	li	a2,1
200a2bb0:	80040513          	addi	a0,s0,-2048
200a2bb4:	45b9                	li	a1,14
200a2bb6:	184010ef          	jal	ra,200a3d3a <GPIO_PinAFConfig>
200a2bba:	10000793          	li	a5,256
200a2bbe:	4961                	li	s2,24
200a2bc0:	448d                	li	s1,3
200a2bc2:	084c                	addi	a1,sp,20
200a2bc4:	80098513          	addi	a0,s3,-2048
200a2bc8:	82fc                	sh	a5,20(sp)
200a2bca:	ce4a                	sw	s2,28(sp)
200a2bcc:	cc26                	sw	s1,24(sp)
200a2bce:	07c010ef          	jal	ra,200a3c4a <GPIO_Init>
200a2bd2:	679d                	lui	a5,0x7
200a2bd4:	80078793          	addi	a5,a5,-2048 # 6800 <__stack_size+0x5800>
200a2bd8:	084c                	addi	a1,sp,20
200a2bda:	80040513          	addi	a0,s0,-2048
200a2bde:	82fc                	sh	a5,20(sp)
200a2be0:	ce4a                	sw	s2,28(sp)
200a2be2:	cc26                	sw	s1,24(sp)
200a2be4:	066010ef          	jal	ra,200a3c4a <GPIO_Init>
200a2be8:	9c41a783          	lw	a5,-1596(gp) # 200c05a4 <SystemCoreClock>
200a2bec:	000f4737          	lui	a4,0xf4
200a2bf0:	24070713          	addi	a4,a4,576 # f4240 <_data_lma+0xe937c>
200a2bf4:	02e7d7b3          	divu	a5,a5,a4
200a2bf8:	40013437          	lui	s0,0x40013
200a2bfc:	002c                	addi	a1,sp,8
200a2bfe:	c0040513          	addi	a0,s0,-1024 # 40012c00 <__freertos_irq_stack_topV5+0x1ff12c00>
200a2c02:	00011523          	sh	zero,10(sp)
200a2c06:	17fd                	addi	a5,a5,-1
200a2c08:	847c                	sh	a5,8(sp)
200a2c0a:	6795                	lui	a5,0x5
200a2c0c:	e1f78793          	addi	a5,a5,-481 # 4e1f <__stack_size+0x3e1f>
200a2c10:	c63e                	sw	a5,12(sp)
200a2c12:	53e010ef          	jal	ra,200a4150 <TIM_TimeBaseInit>
200a2c16:	67c1                	lui	a5,0x10
200a2c18:	06078793          	addi	a5,a5,96 # 10060 <_data_lma+0x519c>
200a2c1c:	d03e                	sw	a5,32(sp)
200a2c1e:	100c                	addi	a1,sp,32
200a2c20:	3e800793          	li	a5,1000
200a2c24:	c0040513          	addi	a0,s0,-1024
200a2c28:	02f11323          	sh	a5,38(sp)
200a2c2c:	02011423          	sh	zero,40(sp)
200a2c30:	59c010ef          	jal	ra,200a41cc <TIM_OC1Init>
200a2c34:	100c                	addi	a1,sp,32
200a2c36:	c0040513          	addi	a0,s0,-1024
200a2c3a:	604010ef          	jal	ra,200a423e <TIM_OC2Init>
200a2c3e:	100c                	addi	a1,sp,32
200a2c40:	c0040513          	addi	a0,s0,-1024
200a2c44:	694010ef          	jal	ra,200a42d8 <TIM_OC3Init>
200a2c48:	100c                	addi	a1,sp,32
200a2c4a:	c0040513          	addi	a0,s0,-1024
200a2c4e:	722010ef          	jal	ra,200a4370 <TIM_OC4Init>
200a2c52:	c0040513          	addi	a0,s0,-1024
200a2c56:	45a1                	li	a1,8
200a2c58:	7d0010ef          	jal	ra,200a4428 <TIM_OC1PreloadConfig>
200a2c5c:	c0040513          	addi	a0,s0,-1024
200a2c60:	45a1                	li	a1,8
200a2c62:	7d4010ef          	jal	ra,200a4436 <TIM_OC2PreloadConfig>
200a2c66:	c0040513          	addi	a0,s0,-1024
200a2c6a:	45a1                	li	a1,8
200a2c6c:	7e0010ef          	jal	ra,200a444c <TIM_OC3PreloadConfig>
200a2c70:	c0040513          	addi	a0,s0,-1024
200a2c74:	45a1                	li	a1,8
200a2c76:	7e4010ef          	jal	ra,200a445a <TIM_OC4PreloadConfig>
200a2c7a:	c0040513          	addi	a0,s0,-1024
200a2c7e:	4585                	li	a1,1
200a2c80:	78e010ef          	jal	ra,200a440e <TIM_ARRPreloadConfig>
200a2c84:	c0040513          	addi	a0,s0,-1024
200a2c88:	4585                	li	a1,1
200a2c8a:	76e010ef          	jal	ra,200a43f8 <TIM_CtrlPWMOutputs>
200a2c8e:	4585                	li	a1,1
200a2c90:	c0040513          	addi	a0,s0,-1024
200a2c94:	74c010ef          	jal	ra,200a43e0 <TIM_Cmd>
200a2c98:	3e800513          	li	a0,1000
200a2c9c:	e9fff0ef          	jal	ra,200a2b3a <bsp_pwm_motors_set_all_us>
200a2ca0:	6145                	addi	sp,sp,48
200a2ca2:	98ffd06f          	j	200a0630 <__riscv_restore_4>

200a2ca6 <bsp_pwm_motors_write>:
200a2ca6:	971fd2ef          	jal	t0,200a0616 <__riscv_save_0>
200a2caa:	200d97b7          	lui	a5,0x200d9
200a2cae:	35478793          	addi	a5,a5,852 # 200d9354 <g_dbg_pwm>
200a2cb2:	4398                	lw	a4,0(a5)
200a2cb4:	84aa                	mv	s1,a0
200a2cb6:	4401                	li	s0,0
200a2cb8:	0705                	addi	a4,a4,1
200a2cba:	c398                	sw	a4,0(a5)
200a2cbc:	4911                	li	s2,4
200a2cbe:	209427b3          	sh1add	a5,s0,s1
200a2cc2:	238e                	lhu	a1,0(a5)
200a2cc4:	0ff47513          	zext.b	a0,s0
200a2cc8:	0405                	addi	s0,s0,1
200a2cca:	dcfff0ef          	jal	ra,200a2a98 <bsp_pwm_motor_set_us>
200a2cce:	ff2418e3          	bne	s0,s2,200a2cbe <bsp_pwm_motors_write+0x18>
200a2cd2:	969fd06f          	j	200a063a <__riscv_restore_0>

200a2cd6 <init_usart_common>:
200a2cd6:	941fd2ef          	jal	t0,200a0616 <__riscv_save_0>
200a2cda:	1141                	addi	sp,sp,-16
200a2cdc:	47b1                	li	a5,12
200a2cde:	c402                	sw	zero,8(sp)
200a2ce0:	c02e                	sw	a1,0(sp)
200a2ce2:	858a                	mv	a1,sp
200a2ce4:	842a                	mv	s0,a0
200a2ce6:	857c                	sh	a5,10(sp)
200a2ce8:	c202                	sw	zero,4(sp)
200a2cea:	c602                	sw	zero,12(sp)
200a2cec:	796010ef          	jal	ra,200a4482 <USART_Init>
200a2cf0:	4585                	li	a1,1
200a2cf2:	8522                	mv	a0,s0
200a2cf4:	03f010ef          	jal	ra,200a4532 <USART_Cmd>
200a2cf8:	0141                	addi	sp,sp,16
200a2cfa:	941fd06f          	j	200a063a <__riscv_restore_0>

200a2cfe <gps_uart_clear_rx_status>:
200a2cfe:	919fd2ef          	jal	t0,200a0616 <__riscv_save_0>
200a2d02:	400044b7          	lui	s1,0x40004
200a2d06:	40100413          	li	s0,1025
200a2d0a:	40048493          	addi	s1,s1,1024 # 40004400 <__freertos_irq_stack_topV5+0x1ff04400>
200a2d0e:	02000593          	li	a1,32
200a2d12:	8526                	mv	a0,s1
200a2d14:	085010ef          	jal	ra,200a4598 <USART_GetFlagStatus>
200a2d18:	c509                	beqz	a0,200a2d22 <gps_uart_clear_rx_status+0x24>
200a2d1a:	147d                	addi	s0,s0,-1
200a2d1c:	08044433          	zext.h	s0,s0
200a2d20:	e01d                	bnez	s0,200a2d46 <gps_uart_clear_rx_status+0x48>
200a2d22:	40004437          	lui	s0,0x40004
200a2d26:	45a1                	li	a1,8
200a2d28:	40040513          	addi	a0,s0,1024 # 40004400 <__freertos_irq_stack_topV5+0x1ff04400>
200a2d2c:	06d010ef          	jal	ra,200a4598 <USART_GetFlagStatus>
200a2d30:	cd19                	beqz	a0,200a2d4e <gps_uart_clear_rx_status+0x50>
200a2d32:	40004537          	lui	a0,0x40004
200a2d36:	40055783          	lhu	a5,1024(a0) # 40004400 <__freertos_irq_stack_topV5+0x1ff04400>
200a2d3a:	40050513          	addi	a0,a0,1024
200a2d3e:	053010ef          	jal	ra,200a4590 <USART_ReceiveData>
200a2d42:	8f9fd06f          	j	200a063a <__riscv_restore_0>
200a2d46:	8526                	mv	a0,s1
200a2d48:	049010ef          	jal	ra,200a4590 <USART_ReceiveData>
200a2d4c:	b7c9                	j	200a2d0e <gps_uart_clear_rx_status+0x10>
200a2d4e:	4591                	li	a1,4
200a2d50:	40040513          	addi	a0,s0,1024
200a2d54:	045010ef          	jal	ra,200a4598 <USART_GetFlagStatus>
200a2d58:	fd69                	bnez	a0,200a2d32 <gps_uart_clear_rx_status+0x34>
200a2d5a:	4589                	li	a1,2
200a2d5c:	40040513          	addi	a0,s0,1024
200a2d60:	039010ef          	jal	ra,200a4598 <USART_GetFlagStatus>
200a2d64:	f579                	bnez	a0,200a2d32 <gps_uart_clear_rx_status+0x34>
200a2d66:	4585                	li	a1,1
200a2d68:	40040513          	addi	a0,s0,1024
200a2d6c:	02d010ef          	jal	ra,200a4598 <USART_GetFlagStatus>
200a2d70:	f169                	bnez	a0,200a2d32 <gps_uart_clear_rx_status+0x34>
200a2d72:	bfc1                	j	200a2d42 <gps_uart_clear_rx_status+0x44>

200a2d74 <rc_uart_clear_rx_status>:
200a2d74:	8a3fd2ef          	jal	t0,200a0616 <__riscv_save_0>
200a2d78:	400054b7          	lui	s1,0x40005
200a2d7c:	10100413          	li	s0,257
200a2d80:	80048493          	addi	s1,s1,-2048 # 40004800 <__freertos_irq_stack_topV5+0x1ff04800>
200a2d84:	02000593          	li	a1,32
200a2d88:	8526                	mv	a0,s1
200a2d8a:	00f010ef          	jal	ra,200a4598 <USART_GetFlagStatus>
200a2d8e:	c509                	beqz	a0,200a2d98 <rc_uart_clear_rx_status+0x24>
200a2d90:	147d                	addi	s0,s0,-1
200a2d92:	08044433          	zext.h	s0,s0
200a2d96:	e01d                	bnez	s0,200a2dbc <rc_uart_clear_rx_status+0x48>
200a2d98:	40005437          	lui	s0,0x40005
200a2d9c:	45a1                	li	a1,8
200a2d9e:	80040513          	addi	a0,s0,-2048 # 40004800 <__freertos_irq_stack_topV5+0x1ff04800>
200a2da2:	7f6010ef          	jal	ra,200a4598 <USART_GetFlagStatus>
200a2da6:	cd19                	beqz	a0,200a2dc4 <rc_uart_clear_rx_status+0x50>
200a2da8:	40005537          	lui	a0,0x40005
200a2dac:	80055783          	lhu	a5,-2048(a0) # 40004800 <__freertos_irq_stack_topV5+0x1ff04800>
200a2db0:	80050513          	addi	a0,a0,-2048
200a2db4:	7dc010ef          	jal	ra,200a4590 <USART_ReceiveData>
200a2db8:	883fd06f          	j	200a063a <__riscv_restore_0>
200a2dbc:	8526                	mv	a0,s1
200a2dbe:	7d2010ef          	jal	ra,200a4590 <USART_ReceiveData>
200a2dc2:	b7c9                	j	200a2d84 <rc_uart_clear_rx_status+0x10>
200a2dc4:	4591                	li	a1,4
200a2dc6:	80040513          	addi	a0,s0,-2048
200a2dca:	7ce010ef          	jal	ra,200a4598 <USART_GetFlagStatus>
200a2dce:	fd69                	bnez	a0,200a2da8 <rc_uart_clear_rx_status+0x34>
200a2dd0:	4589                	li	a1,2
200a2dd2:	80040513          	addi	a0,s0,-2048
200a2dd6:	7c2010ef          	jal	ra,200a4598 <USART_GetFlagStatus>
200a2dda:	f579                	bnez	a0,200a2da8 <rc_uart_clear_rx_status+0x34>
200a2ddc:	4585                	li	a1,1
200a2dde:	80040513          	addi	a0,s0,-2048
200a2de2:	7b6010ef          	jal	ra,200a4598 <USART_GetFlagStatus>
200a2de6:	f169                	bnez	a0,200a2da8 <rc_uart_clear_rx_status+0x34>
200a2de8:	bfc1                	j	200a2db8 <rc_uart_clear_rx_status+0x44>

200a2dea <imu_uart_clear_rx_status>:
200a2dea:	82dfd2ef          	jal	t0,200a0616 <__riscv_save_0>
200a2dee:	400054b7          	lui	s1,0x40005
200a2df2:	20100413          	li	s0,513
200a2df6:	c0048493          	addi	s1,s1,-1024 # 40004c00 <__freertos_irq_stack_topV5+0x1ff04c00>
200a2dfa:	02000593          	li	a1,32
200a2dfe:	8526                	mv	a0,s1
200a2e00:	798010ef          	jal	ra,200a4598 <USART_GetFlagStatus>
200a2e04:	c509                	beqz	a0,200a2e0e <imu_uart_clear_rx_status+0x24>
200a2e06:	147d                	addi	s0,s0,-1
200a2e08:	08044433          	zext.h	s0,s0
200a2e0c:	e01d                	bnez	s0,200a2e32 <imu_uart_clear_rx_status+0x48>
200a2e0e:	40005437          	lui	s0,0x40005
200a2e12:	45a1                	li	a1,8
200a2e14:	c0040513          	addi	a0,s0,-1024 # 40004c00 <__freertos_irq_stack_topV5+0x1ff04c00>
200a2e18:	780010ef          	jal	ra,200a4598 <USART_GetFlagStatus>
200a2e1c:	cd19                	beqz	a0,200a2e3a <imu_uart_clear_rx_status+0x50>
200a2e1e:	40005537          	lui	a0,0x40005
200a2e22:	c0055783          	lhu	a5,-1024(a0) # 40004c00 <__freertos_irq_stack_topV5+0x1ff04c00>
200a2e26:	c0050513          	addi	a0,a0,-1024
200a2e2a:	766010ef          	jal	ra,200a4590 <USART_ReceiveData>
200a2e2e:	80dfd06f          	j	200a063a <__riscv_restore_0>
200a2e32:	8526                	mv	a0,s1
200a2e34:	75c010ef          	jal	ra,200a4590 <USART_ReceiveData>
200a2e38:	b7c9                	j	200a2dfa <imu_uart_clear_rx_status+0x10>
200a2e3a:	4591                	li	a1,4
200a2e3c:	c0040513          	addi	a0,s0,-1024
200a2e40:	758010ef          	jal	ra,200a4598 <USART_GetFlagStatus>
200a2e44:	fd69                	bnez	a0,200a2e1e <imu_uart_clear_rx_status+0x34>
200a2e46:	4589                	li	a1,2
200a2e48:	c0040513          	addi	a0,s0,-1024
200a2e4c:	74c010ef          	jal	ra,200a4598 <USART_GetFlagStatus>
200a2e50:	f579                	bnez	a0,200a2e1e <imu_uart_clear_rx_status+0x34>
200a2e52:	4585                	li	a1,1
200a2e54:	c0040513          	addi	a0,s0,-1024
200a2e58:	740010ef          	jal	ra,200a4598 <USART_GetFlagStatus>
200a2e5c:	f169                	bnez	a0,200a2e1e <imu_uart_clear_rx_status+0x34>
200a2e5e:	bfc1                	j	200a2e2e <imu_uart_clear_rx_status+0x44>

200a2e60 <uart_wait_txe>:
200a2e60:	fb6fd2ef          	jal	t0,200a0616 <__riscv_save_0>
200a2e64:	6461                	lui	s0,0x18
200a2e66:	84aa                	mv	s1,a0
200a2e68:	6a140413          	addi	s0,s0,1697 # 186a1 <_data_lma+0xd7dd>
200a2e6c:	08000593          	li	a1,128
200a2e70:	8526                	mv	a0,s1
200a2e72:	726010ef          	jal	ra,200a4598 <USART_GetFlagStatus>
200a2e76:	c119                	beqz	a0,200a2e7c <uart_wait_txe+0x1c>
200a2e78:	4505                	li	a0,1
200a2e7a:	a829                	j	200a2e94 <uart_wait_txe+0x34>
200a2e7c:	147d                	addi	s0,s0,-1
200a2e7e:	f47d                	bnez	s0,200a2e6c <uart_wait_txe+0xc>
200a2e80:	200d97b7          	lui	a5,0x200d9
200a2e84:	52478793          	addi	a5,a5,1316 # 200d9524 <g_dbg_uart>
200a2e88:	1147a703          	lw	a4,276(a5)
200a2e8c:	4501                	li	a0,0
200a2e8e:	0705                	addi	a4,a4,1
200a2e90:	10e7aa23          	sw	a4,276(a5)
200a2e94:	fa6fd06f          	j	200a063a <__riscv_restore_0>

200a2e98 <bsp_uart_gps_init>:
200a2e98:	f7efd2ef          	jal	t0,200a0616 <__riscv_save_0>
200a2e9c:	9c019023          	sh	zero,-1600(gp) # 200c05a0 <g_gps_uart_rx_write>
200a2ea0:	1141                	addi	sp,sp,-16
200a2ea2:	84aa                	mv	s1,a0
200a2ea4:	9a019f23          	sh	zero,-1602(gp) # 200c059e <g_gps_uart_rx_read>
200a2ea8:	4585                	li	a1,1
200a2eaa:	00020537          	lui	a0,0x20
200a2eae:	9a018e23          	sb	zero,-1604(gp) # 200c059c <g_gps_uart_rx_started>
200a2eb2:	c202                	sw	zero,4(sp)
200a2eb4:	c402                	sw	zero,8(sp)
200a2eb6:	c602                	sw	zero,12(sp)
200a2eb8:	24a010ef          	jal	ra,200a4102 <RCC_HB1PeriphClockCmd>
200a2ebc:	4585                	li	a1,1
200a2ebe:	02100513          	li	a0,33
200a2ec2:	224010ef          	jal	ra,200a40e6 <RCC_HB2PeriphClockCmd>
200a2ec6:	40011437          	lui	s0,0x40011
200a2eca:	40040513          	addi	a0,s0,1024 # 40011400 <__freertos_irq_stack_topV5+0x1ff11400>
200a2ece:	461d                	li	a2,7
200a2ed0:	4595                	li	a1,5
200a2ed2:	669000ef          	jal	ra,200a3d3a <GPIO_PinAFConfig>
200a2ed6:	461d                	li	a2,7
200a2ed8:	40040513          	addi	a0,s0,1024
200a2edc:	4599                	li	a1,6
200a2ede:	65d000ef          	jal	ra,200a3d3a <GPIO_PinAFConfig>
200a2ee2:	02000793          	li	a5,32
200a2ee6:	827c                	sh	a5,4(sp)
200a2ee8:	47e1                	li	a5,24
200a2eea:	c63e                	sw	a5,12(sp)
200a2eec:	004c                	addi	a1,sp,4
200a2eee:	478d                	li	a5,3
200a2ef0:	40040513          	addi	a0,s0,1024
200a2ef4:	c43e                	sw	a5,8(sp)
200a2ef6:	555000ef          	jal	ra,200a3c4a <GPIO_Init>
200a2efa:	04000793          	li	a5,64
200a2efe:	827c                	sh	a5,4(sp)
200a2f00:	004c                	addi	a1,sp,4
200a2f02:	04800793          	li	a5,72
200a2f06:	40040513          	addi	a0,s0,1024
200a2f0a:	c63e                	sw	a5,12(sp)
200a2f0c:	40004437          	lui	s0,0x40004
200a2f10:	53b000ef          	jal	ra,200a3c4a <GPIO_Init>
200a2f14:	85a6                	mv	a1,s1
200a2f16:	40040513          	addi	a0,s0,1024 # 40004400 <__freertos_irq_stack_topV5+0x1ff04400>
200a2f1a:	dbdff0ef          	jal	ra,200a2cd6 <init_usart_common>
200a2f1e:	e000e7b7          	lui	a5,0xe000e
200a2f22:	4705                	li	a4,1
200a2f24:	62e786a3          	sb	a4,1581(a5) # e000e62d <__freertos_irq_stack_topV5+0xbff0e62d>
200a2f28:	5741                	li	a4,-16
200a2f2a:	42e786a3          	sb	a4,1069(a5)
200a2f2e:	6709                	lui	a4,0x2
200a2f30:	18e7a223          	sw	a4,388(a5)
200a2f34:	0000100f          	fence.i
200a2f38:	4601                	li	a2,0
200a2f3a:	28e7a223          	sw	a4,644(a5)
200a2f3e:	52500593          	li	a1,1317
200a2f42:	40040513          	addi	a0,s0,1024
200a2f46:	600010ef          	jal	ra,200a4546 <USART_ITConfig>
200a2f4a:	db5ff0ef          	jal	ra,200a2cfe <gps_uart_clear_rx_status>
200a2f4e:	0141                	addi	sp,sp,16
200a2f50:	eeafd06f          	j	200a063a <__riscv_restore_0>

200a2f54 <bsp_uart_gps_start_rx_irq>:
200a2f54:	ec2fd2ef          	jal	t0,200a0616 <__riscv_save_0>
200a2f58:	200d97b7          	lui	a5,0x200d9
200a2f5c:	52478793          	addi	a5,a5,1316 # 200d9524 <g_dbg_uart>
200a2f60:	57d8                	lw	a4,44(a5)
200a2f62:	0705                	addi	a4,a4,1 # 2001 <__stack_size+0x1001>
200a2f64:	d7d8                	sw	a4,44(a5)
200a2f66:	9bc1c783          	lbu	a5,-1604(gp) # 200c059c <g_gps_uart_rx_started>
200a2f6a:	e785                	bnez	a5,200a2f92 <bsp_uart_gps_start_rx_irq+0x3e>
200a2f6c:	40004537          	lui	a0,0x40004
200a2f70:	4601                	li	a2,0
200a2f72:	52500593          	li	a1,1317
200a2f76:	40050513          	addi	a0,a0,1024 # 40004400 <__freertos_irq_stack_topV5+0x1ff04400>
200a2f7a:	5cc010ef          	jal	ra,200a4546 <USART_ITConfig>
200a2f7e:	d81ff0ef          	jal	ra,200a2cfe <gps_uart_clear_rx_status>
200a2f82:	e000e7b7          	lui	a5,0xe000e
200a2f86:	6709                	lui	a4,0x2
200a2f88:	28e7a223          	sw	a4,644(a5) # e000e284 <__freertos_irq_stack_topV5+0xbff0e284>
200a2f8c:	4785                	li	a5,1
200a2f8e:	9af18e23          	sb	a5,-1604(gp) # 200c059c <g_gps_uart_rx_started>
200a2f92:	40004537          	lui	a0,0x40004
200a2f96:	4605                	li	a2,1
200a2f98:	52500593          	li	a1,1317
200a2f9c:	40050513          	addi	a0,a0,1024 # 40004400 <__freertos_irq_stack_topV5+0x1ff04400>
200a2fa0:	5a6010ef          	jal	ra,200a4546 <USART_ITConfig>
200a2fa4:	e000e7b7          	lui	a5,0xe000e
200a2fa8:	6709                	lui	a4,0x2
200a2faa:	10e7a223          	sw	a4,260(a5) # e000e104 <__freertos_irq_stack_topV5+0xbff0e104>
200a2fae:	e8cfd06f          	j	200a063a <__riscv_restore_0>

200a2fb2 <bsp_uart_rc_init>:
200a2fb2:	e64fd2ef          	jal	t0,200a0616 <__riscv_save_0>
200a2fb6:	9a019d23          	sh	zero,-1606(gp) # 200c059a <g_rc_uart_rx_write>
200a2fba:	1141                	addi	sp,sp,-16
200a2fbc:	84aa                	mv	s1,a0
200a2fbe:	9a019c23          	sh	zero,-1608(gp) # 200c0598 <g_rc_uart_rx_read>
200a2fc2:	4585                	li	a1,1
200a2fc4:	00040537          	lui	a0,0x40
200a2fc8:	9a018b23          	sb	zero,-1610(gp) # 200c0596 <g_rc_uart_rx_started>
200a2fcc:	c202                	sw	zero,4(sp)
200a2fce:	c402                	sw	zero,8(sp)
200a2fd0:	c602                	sw	zero,12(sp)
200a2fd2:	130010ef          	jal	ra,200a4102 <RCC_HB1PeriphClockCmd>
200a2fd6:	4585                	li	a1,1
200a2fd8:	4525                	li	a0,9
200a2fda:	10c010ef          	jal	ra,200a40e6 <RCC_HB2PeriphClockCmd>
200a2fde:	40011437          	lui	s0,0x40011
200a2fe2:	c0040513          	addi	a0,s0,-1024 # 40010c00 <__freertos_irq_stack_topV5+0x1ff10c00>
200a2fe6:	461d                	li	a2,7
200a2fe8:	45a9                	li	a1,10
200a2fea:	551000ef          	jal	ra,200a3d3a <GPIO_PinAFConfig>
200a2fee:	461d                	li	a2,7
200a2ff0:	c0040513          	addi	a0,s0,-1024
200a2ff4:	45ad                	li	a1,11
200a2ff6:	545000ef          	jal	ra,200a3d3a <GPIO_PinAFConfig>
200a2ffa:	40000793          	li	a5,1024
200a2ffe:	827c                	sh	a5,4(sp)
200a3000:	47e1                	li	a5,24
200a3002:	c63e                	sw	a5,12(sp)
200a3004:	004c                	addi	a1,sp,4
200a3006:	478d                	li	a5,3
200a3008:	c0040513          	addi	a0,s0,-1024
200a300c:	c43e                	sw	a5,8(sp)
200a300e:	43d000ef          	jal	ra,200a3c4a <GPIO_Init>
200a3012:	28b01793          	bseti	a5,zero,0xb
200a3016:	827c                	sh	a5,4(sp)
200a3018:	004c                	addi	a1,sp,4
200a301a:	04800793          	li	a5,72
200a301e:	c0040513          	addi	a0,s0,-1024
200a3022:	c63e                	sw	a5,12(sp)
200a3024:	40005437          	lui	s0,0x40005
200a3028:	423000ef          	jal	ra,200a3c4a <GPIO_Init>
200a302c:	85a6                	mv	a1,s1
200a302e:	80040513          	addi	a0,s0,-2048 # 40004800 <__freertos_irq_stack_topV5+0x1ff04800>
200a3032:	ca5ff0ef          	jal	ra,200a2cd6 <init_usart_common>
200a3036:	e000e7b7          	lui	a5,0xe000e
200a303a:	4705                	li	a4,1
200a303c:	64e78a23          	sb	a4,1620(a5) # e000e654 <__freertos_irq_stack_topV5+0xbff0e654>
200a3040:	5741                	li	a4,-16
200a3042:	44e78a23          	sb	a4,1108(a5)
200a3046:	00100737          	lui	a4,0x100
200a304a:	18e7a423          	sw	a4,392(a5)
200a304e:	0000100f          	fence.i
200a3052:	4601                	li	a2,0
200a3054:	28e7a423          	sw	a4,648(a5)
200a3058:	52500593          	li	a1,1317
200a305c:	80040513          	addi	a0,s0,-2048
200a3060:	4e6010ef          	jal	ra,200a4546 <USART_ITConfig>
200a3064:	d11ff0ef          	jal	ra,200a2d74 <rc_uart_clear_rx_status>
200a3068:	0141                	addi	sp,sp,16
200a306a:	dd0fd06f          	j	200a063a <__riscv_restore_0>

200a306e <bsp_uart_rc_start_rx_irq>:
200a306e:	da8fd2ef          	jal	t0,200a0616 <__riscv_save_0>
200a3072:	200d97b7          	lui	a5,0x200d9
200a3076:	52478793          	addi	a5,a5,1316 # 200d9524 <g_dbg_uart>
200a307a:	0847a703          	lw	a4,132(a5)
200a307e:	0705                	addi	a4,a4,1 # 100001 <_data_lma+0xf513d>
200a3080:	08e7a223          	sw	a4,132(a5)
200a3084:	9b61c783          	lbu	a5,-1610(gp) # 200c0596 <g_rc_uart_rx_started>
200a3088:	e78d                	bnez	a5,200a30b2 <bsp_uart_rc_start_rx_irq+0x44>
200a308a:	40005537          	lui	a0,0x40005
200a308e:	4601                	li	a2,0
200a3090:	52500593          	li	a1,1317
200a3094:	80050513          	addi	a0,a0,-2048 # 40004800 <__freertos_irq_stack_topV5+0x1ff04800>
200a3098:	4ae010ef          	jal	ra,200a4546 <USART_ITConfig>
200a309c:	cd9ff0ef          	jal	ra,200a2d74 <rc_uart_clear_rx_status>
200a30a0:	e000e7b7          	lui	a5,0xe000e
200a30a4:	00100737          	lui	a4,0x100
200a30a8:	28e7a423          	sw	a4,648(a5) # e000e288 <__freertos_irq_stack_topV5+0xbff0e288>
200a30ac:	4785                	li	a5,1
200a30ae:	9af18b23          	sb	a5,-1610(gp) # 200c0596 <g_rc_uart_rx_started>
200a30b2:	40005537          	lui	a0,0x40005
200a30b6:	4605                	li	a2,1
200a30b8:	52500593          	li	a1,1317
200a30bc:	80050513          	addi	a0,a0,-2048 # 40004800 <__freertos_irq_stack_topV5+0x1ff04800>
200a30c0:	486010ef          	jal	ra,200a4546 <USART_ITConfig>
200a30c4:	e000e7b7          	lui	a5,0xe000e
200a30c8:	00100737          	lui	a4,0x100
200a30cc:	10e7a423          	sw	a4,264(a5) # e000e108 <__freertos_irq_stack_topV5+0xbff0e108>
200a30d0:	d6afd06f          	j	200a063a <__riscv_restore_0>

200a30d4 <bsp_uart_debug_sample_rc_rx>:
200a30d4:	d42fd2ef          	jal	t0,200a0616 <__riscv_save_0>
200a30d8:	40011537          	lui	a0,0x40011
200a30dc:	c0050513          	addi	a0,a0,-1024 # 40010c00 <__freertos_irq_stack_topV5+0x1ff10c00>
200a30e0:	44b000ef          	jal	ra,200a3d2a <GPIO_ReadInputData>
200a30e4:	200d97b7          	lui	a5,0x200d9
200a30e8:	52478793          	addi	a5,a5,1316 # 200d9524 <g_dbg_uart>
200a30ec:	08a79e23          	sh	a0,156(a5)
200a30f0:	09c7d703          	lhu	a4,156(a5)
200a30f4:	400106b7          	lui	a3,0x40010
200a30f8:	08078793          	addi	a5,a5,128
200a30fc:	48b75713          	bexti	a4,a4,0xb
200a3100:	aff8                	sb	a4,30(a5)
200a3102:	4a98                	lw	a4,16(a3)
200a3104:	8331                	srli	a4,a4,0xc
200a3106:	8b3d                	andi	a4,a4,15
200a3108:	bff8                	sb	a4,31(a5)
200a310a:	4298                	lw	a4,0(a3)
200a310c:	400056b7          	lui	a3,0x40005
200a3110:	d398                	sw	a4,32(a5)
200a3112:	80068713          	addi	a4,a3,-2048 # 40004800 <__freertos_irq_stack_topV5+0x1ff04800>
200a3116:	8006d683          	lhu	a3,-2048(a3)
200a311a:	0806c6b3          	zext.h	a3,a3
200a311e:	c794                	sw	a3,8(a5)
200a3120:	2756                	lhu	a3,12(a4)
200a3122:	0806c6b3          	zext.h	a3,a3
200a3126:	c7d4                	sw	a3,12(a5)
200a3128:	2b16                	lhu	a3,16(a4)
200a312a:	0806c6b3          	zext.h	a3,a3
200a312e:	cb94                	sw	a3,16(a5)
200a3130:	2b56                	lhu	a3,20(a4)
200a3132:	0806c6b3          	zext.h	a3,a3
200a3136:	cbd4                	sw	a3,20(a5)
200a3138:	271a                	lhu	a4,8(a4)
200a313a:	08074733          	zext.h	a4,a4
200a313e:	cf98                	sw	a4,24(a5)
200a3140:	e000e737          	lui	a4,0xe000e
200a3144:	4714                	lw	a3,8(a4)
200a3146:	4946d693          	bexti	a3,a3,0x14
200a314a:	d3d4                	sw	a3,36(a5)
200a314c:	5714                	lw	a3,40(a4)
200a314e:	4946d693          	bexti	a3,a3,0x14
200a3152:	d794                	sw	a3,40(a5)
200a3154:	30070693          	addi	a3,a4,768 # e000e300 <__freertos_irq_stack_topV5+0xbff0e300>
200a3158:	4694                	lw	a3,8(a3)
200a315a:	70070713          	addi	a4,a4,1792
200a315e:	4946d693          	bexti	a3,a3,0x14
200a3162:	d7d4                	sw	a3,44(a5)
200a3164:	4718                	lw	a4,8(a4)
200a3166:	49475713          	bexti	a4,a4,0x14
200a316a:	db98                	sw	a4,48(a5)
200a316c:	ccefd06f          	j	200a063a <__riscv_restore_0>

200a3170 <bsp_uart_imu_init>:
200a3170:	c8cfd2ef          	jal	t0,200a05fc <__riscv_save_4>
200a3174:	9a019a23          	sh	zero,-1612(gp) # 200c0594 <g_imu_uart_rx_write>
200a3178:	1141                	addi	sp,sp,-16
200a317a:	84aa                	mv	s1,a0
200a317c:	9a019923          	sh	zero,-1614(gp) # 200c0592 <g_imu_uart_rx_read>
200a3180:	4585                	li	a1,1
200a3182:	00080537          	lui	a0,0x80
200a3186:	9a018823          	sb	zero,-1616(gp) # 200c0590 <g_imu_uart_rx_started>
200a318a:	c202                	sw	zero,4(sp)
200a318c:	c402                	sw	zero,8(sp)
200a318e:	c602                	sw	zero,12(sp)
200a3190:	773000ef          	jal	ra,200a4102 <RCC_HB1PeriphClockCmd>
200a3194:	4585                	li	a1,1
200a3196:	08100513          	li	a0,129
200a319a:	74d000ef          	jal	ra,200a40e6 <RCC_HB2PeriphClockCmd>
200a319e:	40012437          	lui	s0,0x40012
200a31a2:	c0040513          	addi	a0,s0,-1024 # 40011c00 <__freertos_irq_stack_topV5+0x1ff11c00>
200a31a6:	45c1                	li	a1,16
200a31a8:	38b000ef          	jal	ra,200a3d32 <GPIO_SetBits>
200a31ac:	4941                	li	s2,16
200a31ae:	498d                	li	s3,3
200a31b0:	004c                	addi	a1,sp,4
200a31b2:	c0040513          	addi	a0,s0,-1024
200a31b6:	01211223          	sh	s2,4(sp)
200a31ba:	c64a                	sw	s2,12(sp)
200a31bc:	c44e                	sw	s3,8(sp)
200a31be:	28d000ef          	jal	ra,200a3c4a <GPIO_Init>
200a31c2:	461d                	li	a2,7
200a31c4:	c0040513          	addi	a0,s0,-1024
200a31c8:	4591                	li	a1,4
200a31ca:	371000ef          	jal	ra,200a3d3a <GPIO_PinAFConfig>
200a31ce:	47e1                	li	a5,24
200a31d0:	004c                	addi	a1,sp,4
200a31d2:	c0040513          	addi	a0,s0,-1024
200a31d6:	c63e                	sw	a5,12(sp)
200a31d8:	01211223          	sh	s2,4(sp)
200a31dc:	c44e                	sw	s3,8(sp)
200a31de:	26d000ef          	jal	ra,200a3c4a <GPIO_Init>
200a31e2:	461d                	li	a2,7
200a31e4:	c0040513          	addi	a0,s0,-1024
200a31e8:	458d                	li	a1,3
200a31ea:	351000ef          	jal	ra,200a3d3a <GPIO_PinAFConfig>
200a31ee:	47a1                	li	a5,8
200a31f0:	827c                	sh	a5,4(sp)
200a31f2:	004c                	addi	a1,sp,4
200a31f4:	04800793          	li	a5,72
200a31f8:	c0040513          	addi	a0,s0,-1024
200a31fc:	c63e                	sw	a5,12(sp)
200a31fe:	40005437          	lui	s0,0x40005
200a3202:	249000ef          	jal	ra,200a3c4a <GPIO_Init>
200a3206:	85a6                	mv	a1,s1
200a3208:	c0040513          	addi	a0,s0,-1024 # 40004c00 <__freertos_irq_stack_topV5+0x1ff04c00>
200a320c:	acbff0ef          	jal	ra,200a2cd6 <init_usart_common>
200a3210:	e000e7b7          	lui	a5,0xe000e
200a3214:	4705                	li	a4,1
200a3216:	64e78aa3          	sb	a4,1621(a5) # e000e655 <__freertos_irq_stack_topV5+0xbff0e655>
200a321a:	5741                	li	a4,-16
200a321c:	44e78aa3          	sb	a4,1109(a5)
200a3220:	00200737          	lui	a4,0x200
200a3224:	18e7a423          	sw	a4,392(a5)
200a3228:	0000100f          	fence.i
200a322c:	4601                	li	a2,0
200a322e:	28e7a423          	sw	a4,648(a5)
200a3232:	52500593          	li	a1,1317
200a3236:	c0040513          	addi	a0,s0,-1024
200a323a:	30c010ef          	jal	ra,200a4546 <USART_ITConfig>
200a323e:	badff0ef          	jal	ra,200a2dea <imu_uart_clear_rx_status>
200a3242:	0141                	addi	sp,sp,16
200a3244:	becfd06f          	j	200a0630 <__riscv_restore_4>

200a3248 <bsp_uart_imu_start_rx_irq>:
200a3248:	bcefd2ef          	jal	t0,200a0616 <__riscv_save_0>
200a324c:	200d97b7          	lui	a5,0x200d9
200a3250:	52478793          	addi	a5,a5,1316 # 200d9524 <g_dbg_uart>
200a3254:	0e47a703          	lw	a4,228(a5)
200a3258:	0705                	addi	a4,a4,1 # 200001 <_data_lma+0x1f513d>
200a325a:	0ee7a223          	sw	a4,228(a5)
200a325e:	9b01c783          	lbu	a5,-1616(gp) # 200c0590 <g_imu_uart_rx_started>
200a3262:	e78d                	bnez	a5,200a328c <bsp_uart_imu_start_rx_irq+0x44>
200a3264:	40005537          	lui	a0,0x40005
200a3268:	4601                	li	a2,0
200a326a:	52500593          	li	a1,1317
200a326e:	c0050513          	addi	a0,a0,-1024 # 40004c00 <__freertos_irq_stack_topV5+0x1ff04c00>
200a3272:	2d4010ef          	jal	ra,200a4546 <USART_ITConfig>
200a3276:	b75ff0ef          	jal	ra,200a2dea <imu_uart_clear_rx_status>
200a327a:	e000e7b7          	lui	a5,0xe000e
200a327e:	00200737          	lui	a4,0x200
200a3282:	28e7a423          	sw	a4,648(a5) # e000e288 <__freertos_irq_stack_topV5+0xbff0e288>
200a3286:	4785                	li	a5,1
200a3288:	9af18823          	sb	a5,-1616(gp) # 200c0590 <g_imu_uart_rx_started>
200a328c:	40005537          	lui	a0,0x40005
200a3290:	4605                	li	a2,1
200a3292:	52500593          	li	a1,1317
200a3296:	c0050513          	addi	a0,a0,-1024 # 40004c00 <__freertos_irq_stack_topV5+0x1ff04c00>
200a329a:	2ac010ef          	jal	ra,200a4546 <USART_ITConfig>
200a329e:	e000e7b7          	lui	a5,0xe000e
200a32a2:	00200737          	lui	a4,0x200
200a32a6:	10e7a423          	sw	a4,264(a5) # e000e108 <__freertos_irq_stack_topV5+0xbff0e108>
200a32aa:	b90fd06f          	j	200a063a <__riscv_restore_0>

200a32ae <bsp_uart_debug_sample_imu_rx>:
200a32ae:	b68fd2ef          	jal	t0,200a0616 <__riscv_save_0>
200a32b2:	40012537          	lui	a0,0x40012
200a32b6:	c0050513          	addi	a0,a0,-1024 # 40011c00 <__freertos_irq_stack_topV5+0x1ff11c00>
200a32ba:	271000ef          	jal	ra,200a3d2a <GPIO_ReadInputData>
200a32be:	200d97b7          	lui	a5,0x200d9
200a32c2:	52478793          	addi	a5,a5,1316 # 200d9524 <g_dbg_uart>
200a32c6:	0ea79e23          	sh	a0,252(a5)
200a32ca:	0fc7d703          	lhu	a4,252(a5)
200a32ce:	400106b7          	lui	a3,0x40010
200a32d2:	40005637          	lui	a2,0x40005
200a32d6:	48375713          	bexti	a4,a4,0x3
200a32da:	0ee78f23          	sb	a4,254(a5)
200a32de:	56d8                	lw	a4,44(a3)
200a32e0:	8331                	srli	a4,a4,0xc
200a32e2:	8b3d                	andi	a4,a4,15
200a32e4:	0ee78fa3          	sb	a4,255(a5)
200a32e8:	4294                	lw	a3,0(a3)
200a32ea:	10078713          	addi	a4,a5,256
200a32ee:	08078793          	addi	a5,a5,128
200a32f2:	c314                	sw	a3,0(a4)
200a32f4:	c0060693          	addi	a3,a2,-1024 # 40004c00 <__freertos_irq_stack_topV5+0x1ff04c00>
200a32f8:	c0065603          	lhu	a2,-1024(a2)
200a32fc:	08064633          	zext.h	a2,a2
200a3300:	d7b0                	sw	a2,104(a5)
200a3302:	26d2                	lhu	a2,12(a3)
200a3304:	08064633          	zext.h	a2,a2
200a3308:	d7f0                	sw	a2,108(a5)
200a330a:	2a92                	lhu	a2,16(a3)
200a330c:	08064633          	zext.h	a2,a2
200a3310:	dbb0                	sw	a2,112(a5)
200a3312:	2ad2                	lhu	a2,20(a3)
200a3314:	08064633          	zext.h	a2,a2
200a3318:	dbf0                	sw	a2,116(a5)
200a331a:	2696                	lhu	a3,8(a3)
200a331c:	0806c6b3          	zext.h	a3,a3
200a3320:	dfb4                	sw	a3,120(a5)
200a3322:	e000e7b7          	lui	a5,0xe000e
200a3326:	4794                	lw	a3,8(a5)
200a3328:	4956d693          	bexti	a3,a3,0x15
200a332c:	c354                	sw	a3,4(a4)
200a332e:	5794                	lw	a3,40(a5)
200a3330:	4956d693          	bexti	a3,a3,0x15
200a3334:	c714                	sw	a3,8(a4)
200a3336:	30078693          	addi	a3,a5,768 # e000e300 <__freertos_irq_stack_topV5+0xbff0e300>
200a333a:	4694                	lw	a3,8(a3)
200a333c:	70078793          	addi	a5,a5,1792
200a3340:	4956d693          	bexti	a3,a3,0x15
200a3344:	c754                	sw	a3,12(a4)
200a3346:	479c                	lw	a5,8(a5)
200a3348:	4957d793          	bexti	a5,a5,0x15
200a334c:	cb1c                	sw	a5,16(a4)
200a334e:	aecfd06f          	j	200a063a <__riscv_restore_0>

200a3352 <bsp_uart_gps_read_byte>:
200a3352:	c539                	beqz	a0,200a33a0 <bsp_uart_gps_read_byte+0x4e>
200a3354:	e000e637          	lui	a2,0xe000e
200a3358:	00462803          	lw	a6,4(a2) # e000e004 <__freertos_irq_stack_topV5+0xbff0e004>
200a335c:	6589                	lui	a1,0x2
200a335e:	18b62223          	sw	a1,388(a2)
200a3362:	00b87833          	and	a6,a6,a1
200a3366:	0000100f          	fence.i
200a336a:	9be1d303          	lhu	t1,-1602(gp) # 200c059e <g_gps_uart_rx_read>
200a336e:	9c01d683          	lhu	a3,-1600(gp) # 200c05a0 <g_gps_uart_rx_write>
200a3372:	200d97b7          	lui	a5,0x200d9
200a3376:	52478793          	addi	a5,a5,1316 # 200d9524 <g_dbg_uart>
200a337a:	02d31563          	bne	t1,a3,200a33a4 <bsp_uart_gps_read_byte+0x52>
200a337e:	47d4                	lw	a3,12(a5)
200a3380:	0685                	addi	a3,a3,1 # 40010001 <__freertos_irq_stack_topV5+0x1ff10001>
200a3382:	c7d4                	sw	a3,12(a5)
200a3384:	9be1d703          	lhu	a4,-1602(gp) # 200c059e <g_gps_uart_rx_read>
200a3388:	08074733          	zext.h	a4,a4
200a338c:	bbba                	sh	a4,50(a5)
200a338e:	9c01d703          	lhu	a4,-1600(gp) # 200c05a0 <g_gps_uart_rx_write>
200a3392:	08074733          	zext.h	a4,a4
200a3396:	bbda                	sh	a4,52(a5)
200a3398:	00080463          	beqz	a6,200a33a0 <bsp_uart_gps_read_byte+0x4e>
200a339c:	10b62223          	sw	a1,260(a2)
200a33a0:	4501                	li	a0,0
200a33a2:	8082                	ret
200a33a4:	9be1d303          	lhu	t1,-1602(gp) # 200c059e <g_gps_uart_rx_read>
200a33a8:	06018693          	addi	a3,gp,96 # 200c0c40 <g_gps_uart_rx_buffer>
200a33ac:	969a                	add	a3,a3,t1
200a33ae:	2294                	lbu	a3,0(a3)
200a33b0:	a114                	sb	a3,0(a0)
200a33b2:	9be1d683          	lhu	a3,-1602(gp) # 200c059e <g_gps_uart_rx_read>
200a33b6:	0685                	addi	a3,a3,1
200a33b8:	3ff6f693          	andi	a3,a3,1023
200a33bc:	9ad19f23          	sh	a3,-1602(gp) # 200c059e <g_gps_uart_rx_read>
200a33c0:	4794                	lw	a3,8(a5)
200a33c2:	0685                	addi	a3,a3,1
200a33c4:	c794                	sw	a3,8(a5)
200a33c6:	9be1d703          	lhu	a4,-1602(gp) # 200c059e <g_gps_uart_rx_read>
200a33ca:	08074733          	zext.h	a4,a4
200a33ce:	bbba                	sh	a4,50(a5)
200a33d0:	9c01d703          	lhu	a4,-1600(gp) # 200c05a0 <g_gps_uart_rx_write>
200a33d4:	08074733          	zext.h	a4,a4
200a33d8:	bbda                	sh	a4,52(a5)
200a33da:	00081463          	bnez	a6,200a33e2 <bsp_uart_gps_read_byte+0x90>
200a33de:	4505                	li	a0,1
200a33e0:	8082                	ret
200a33e2:	10b62223          	sw	a1,260(a2)
200a33e6:	bfe5                	j	200a33de <bsp_uart_gps_read_byte+0x8c>

200a33e8 <bsp_uart_rc_read_byte>:
200a33e8:	cd0d                	beqz	a0,200a3422 <bsp_uart_rc_read_byte+0x3a>
200a33ea:	e000e737          	lui	a4,0xe000e
200a33ee:	4710                	lw	a2,8(a4)
200a33f0:	001006b7          	lui	a3,0x100
200a33f4:	18d72423          	sw	a3,392(a4) # e000e188 <__freertos_irq_stack_topV5+0xbff0e188>
200a33f8:	8e75                	and	a2,a2,a3
200a33fa:	ce01                	beqz	a2,200a3412 <bsp_uart_rc_read_byte+0x2a>
200a33fc:	0000100f          	fence.i
200a3400:	9b81d803          	lhu	a6,-1608(gp) # 200c0598 <g_rc_uart_rx_read>
200a3404:	9ba1d603          	lhu	a2,-1606(gp) # 200c059a <g_rc_uart_rx_write>
200a3408:	02c81f63          	bne	a6,a2,200a3446 <bsp_uart_rc_read_byte+0x5e>
200a340c:	10d72423          	sw	a3,264(a4)
200a3410:	a809                	j	200a3422 <bsp_uart_rc_read_byte+0x3a>
200a3412:	0000100f          	fence.i
200a3416:	9b81d683          	lhu	a3,-1608(gp) # 200c0598 <g_rc_uart_rx_read>
200a341a:	9ba1d703          	lhu	a4,-1606(gp) # 200c059a <g_rc_uart_rx_write>
200a341e:	00e69463          	bne	a3,a4,200a3426 <bsp_uart_rc_read_byte+0x3e>
200a3422:	4501                	li	a0,0
200a3424:	8082                	ret
200a3426:	9b81d683          	lhu	a3,-1608(gp) # 200c0598 <g_rc_uart_rx_read>
200a342a:	f6018713          	addi	a4,gp,-160 # 200c0b40 <g_rc_uart_rx_buffer>
200a342e:	9736                	add	a4,a4,a3
200a3430:	2318                	lbu	a4,0(a4)
200a3432:	a118                	sb	a4,0(a0)
200a3434:	9b81d703          	lhu	a4,-1608(gp) # 200c0598 <g_rc_uart_rx_read>
200a3438:	0705                	addi	a4,a4,1
200a343a:	0ff77713          	zext.b	a4,a4
200a343e:	9ae19c23          	sh	a4,-1608(gp) # 200c0598 <g_rc_uart_rx_read>
200a3442:	4505                	li	a0,1
200a3444:	8082                	ret
200a3446:	9b81d583          	lhu	a1,-1608(gp) # 200c0598 <g_rc_uart_rx_read>
200a344a:	f6018613          	addi	a2,gp,-160 # 200c0b40 <g_rc_uart_rx_buffer>
200a344e:	962e                	add	a2,a2,a1
200a3450:	2210                	lbu	a2,0(a2)
200a3452:	a110                	sb	a2,0(a0)
200a3454:	9b81d603          	lhu	a2,-1608(gp) # 200c0598 <g_rc_uart_rx_read>
200a3458:	0605                	addi	a2,a2,1
200a345a:	0ff67613          	zext.b	a2,a2
200a345e:	9ac19c23          	sh	a2,-1608(gp) # 200c0598 <g_rc_uart_rx_read>
200a3462:	10d72423          	sw	a3,264(a4)
200a3466:	bff1                	j	200a3442 <bsp_uart_rc_read_byte+0x5a>

200a3468 <bsp_uart_imu_read_byte>:
200a3468:	c52d                	beqz	a0,200a34d2 <bsp_uart_imu_read_byte+0x6a>
200a346a:	e000e6b7          	lui	a3,0xe000e
200a346e:	469c                	lw	a5,8(a3)
200a3470:	00200637          	lui	a2,0x200
200a3474:	18c6a423          	sw	a2,392(a3) # e000e188 <__freertos_irq_stack_topV5+0xbff0e188>
200a3478:	8ff1                	and	a5,a5,a2
200a347a:	c7a1                	beqz	a5,200a34c2 <bsp_uart_imu_read_byte+0x5a>
200a347c:	0000100f          	fence.i
200a3480:	9b21d803          	lhu	a6,-1614(gp) # 200c0592 <g_imu_uart_rx_read>
200a3484:	9b41d783          	lhu	a5,-1612(gp) # 200c0594 <g_imu_uart_rx_write>
200a3488:	04f80763          	beq	a6,a5,200a34d6 <bsp_uart_imu_read_byte+0x6e>
200a348c:	4785                	li	a5,1
200a348e:	9b21d603          	lhu	a2,-1614(gp) # 200c0592 <g_imu_uart_rx_read>
200a3492:	d6018693          	addi	a3,gp,-672 # 200c0940 <g_imu_uart_rx_buffer>
200a3496:	96b2                	add	a3,a3,a2
200a3498:	2294                	lbu	a3,0(a3)
200a349a:	a114                	sb	a3,0(a0)
200a349c:	9b21d683          	lhu	a3,-1614(gp) # 200c0592 <g_imu_uart_rx_read>
200a34a0:	0685                	addi	a3,a3,1
200a34a2:	1ff6f693          	andi	a3,a3,511
200a34a6:	9ad19923          	sh	a3,-1614(gp) # 200c0592 <g_imu_uart_rx_read>
200a34aa:	200d9737          	lui	a4,0x200d9
200a34ae:	52470713          	addi	a4,a4,1316 # 200d9524 <g_dbg_uart>
200a34b2:	0bc72683          	lw	a3,188(a4)
200a34b6:	0685                	addi	a3,a3,1
200a34b8:	0ad72e23          	sw	a3,188(a4)
200a34bc:	e385                	bnez	a5,200a34dc <bsp_uart_imu_read_byte+0x74>
200a34be:	4505                	li	a0,1
200a34c0:	8082                	ret
200a34c2:	0000100f          	fence.i
200a34c6:	9b21d603          	lhu	a2,-1614(gp) # 200c0592 <g_imu_uart_rx_read>
200a34ca:	9b41d683          	lhu	a3,-1612(gp) # 200c0594 <g_imu_uart_rx_write>
200a34ce:	fcd610e3          	bne	a2,a3,200a348e <bsp_uart_imu_read_byte+0x26>
200a34d2:	4501                	li	a0,0
200a34d4:	8082                	ret
200a34d6:	10c6a423          	sw	a2,264(a3)
200a34da:	bfe5                	j	200a34d2 <bsp_uart_imu_read_byte+0x6a>
200a34dc:	e000e7b7          	lui	a5,0xe000e
200a34e0:	00200737          	lui	a4,0x200
200a34e4:	10e7a423          	sw	a4,264(a5) # e000e108 <__freertos_irq_stack_topV5+0xbff0e108>
200a34e8:	bfd9                	j	200a34be <bsp_uart_imu_read_byte+0x56>

200a34ea <bsp_uart_imu_write_byte>:
200a34ea:	92cfd2ef          	jal	t0,200a0616 <__riscv_save_0>
200a34ee:	1141                	addi	sp,sp,-16
200a34f0:	40005437          	lui	s0,0x40005
200a34f4:	c62a                	sw	a0,12(sp)
200a34f6:	c0040513          	addi	a0,s0,-1024 # 40004c00 <__freertos_irq_stack_topV5+0x1ff04c00>
200a34fa:	967ff0ef          	jal	ra,200a2e60 <uart_wait_txe>
200a34fe:	c511                	beqz	a0,200a350a <bsp_uart_imu_write_byte+0x20>
200a3500:	45b2                	lw	a1,12(sp)
200a3502:	c0040513          	addi	a0,s0,-1024
200a3506:	082010ef          	jal	ra,200a4588 <USART_SendData>
200a350a:	0141                	addi	sp,sp,16
200a350c:	92efd06f          	j	200a063a <__riscv_restore_0>

200a3510 <bsp_uart_imu_write>:
200a3510:	cd19                	beqz	a0,200a352e <bsp_uart_imu_write+0x1e>
200a3512:	904fd2ef          	jal	t0,200a0616 <__riscv_save_0>
200a3516:	842a                	mv	s0,a0
200a3518:	00b504b3          	add	s1,a0,a1
200a351c:	00941463          	bne	s0,s1,200a3524 <bsp_uart_imu_write+0x14>
200a3520:	91afd06f          	j	200a063a <__riscv_restore_0>
200a3524:	2008                	lbu	a0,0(s0)
200a3526:	0405                	addi	s0,s0,1
200a3528:	fc3ff0ef          	jal	ra,200a34ea <bsp_uart_imu_write_byte>
200a352c:	bfc5                	j	200a351c <bsp_uart_imu_write+0xc>
200a352e:	8082                	ret

200a3530 <USART2_IRQHandler>:
200a3530:	1101                	addi	sp,sp,-32
200a3532:	c43e                	sw	a5,8(sp)
200a3534:	400047b7          	lui	a5,0x40004
200a3538:	c63a                	sw	a4,12(sp)
200a353a:	4007d703          	lhu	a4,1024(a5) # 40004400 <__freertos_irq_stack_topV5+0x1ff04400>
200a353e:	200d97b7          	lui	a5,0x200d9
200a3542:	c836                	sw	a3,16(sp)
200a3544:	52478693          	addi	a3,a5,1316 # 200d9524 <g_dbg_uart>
200a3548:	ca32                	sw	a2,20(sp)
200a354a:	4290                	lw	a2,0(a3)
200a354c:	ce2a                	sw	a0,28(sp)
200a354e:	cc2e                	sw	a1,24(sp)
200a3550:	c242                	sw	a6,4(sp)
200a3552:	0605                	addi	a2,a2,1 # 200001 <_data_lma+0x1f513d>
200a3554:	c290                	sw	a2,0(a3)
200a3556:	08074733          	zext.h	a4,a4
200a355a:	de98                	sw	a4,56(a3)
200a355c:	00f77613          	andi	a2,a4,15
200a3560:	d690                	sw	a2,40(a3)
200a3562:	00877693          	andi	a3,a4,8
200a3566:	52478793          	addi	a5,a5,1316
200a356a:	c681                	beqz	a3,200a3572 <USART2_IRQHandler+0x42>
200a356c:	4bd4                	lw	a3,20(a5)
200a356e:	0685                	addi	a3,a3,1
200a3570:	cbd4                	sw	a3,20(a5)
200a3572:	00277693          	andi	a3,a4,2
200a3576:	c681                	beqz	a3,200a357e <USART2_IRQHandler+0x4e>
200a3578:	4f94                	lw	a3,24(a5)
200a357a:	0685                	addi	a3,a3,1
200a357c:	cf94                	sw	a3,24(a5)
200a357e:	00477693          	andi	a3,a4,4
200a3582:	c681                	beqz	a3,200a358a <USART2_IRQHandler+0x5a>
200a3584:	4fd4                	lw	a3,28(a5)
200a3586:	0685                	addi	a3,a3,1
200a3588:	cfd4                	sw	a3,28(a5)
200a358a:	00177693          	andi	a3,a4,1
200a358e:	c681                	beqz	a3,200a3596 <USART2_IRQHandler+0x66>
200a3590:	5394                	lw	a3,32(a5)
200a3592:	0685                	addi	a3,a3,1
200a3594:	d394                	sw	a3,32(a5)
200a3596:	02f77693          	andi	a3,a4,47
200a359a:	ee91                	bnez	a3,200a35b6 <USART2_IRQHandler+0x86>
200a359c:	53d8                	lw	a4,36(a5)
200a359e:	0705                	addi	a4,a4,1 # 200001 <_data_lma+0x1f513d>
200a35a0:	d3d8                	sw	a4,36(a5)
200a35a2:	4572                	lw	a0,28(sp)
200a35a4:	45e2                	lw	a1,24(sp)
200a35a6:	4652                	lw	a2,20(sp)
200a35a8:	46c2                	lw	a3,16(sp)
200a35aa:	4732                	lw	a4,12(sp)
200a35ac:	47a2                	lw	a5,8(sp)
200a35ae:	4812                	lw	a6,4(sp)
200a35b0:	6105                	addi	sp,sp,32
200a35b2:	30200073          	mret
200a35b6:	400046b7          	lui	a3,0x40004
200a35ba:	02077713          	andi	a4,a4,32
200a35be:	40068693          	addi	a3,a3,1024 # 40004400 <__freertos_irq_stack_topV5+0x1ff04400>
200a35c2:	cf39                	beqz	a4,200a3620 <USART2_IRQHandler+0xf0>
200a35c4:	22ce                	lhu	a1,4(a3)
200a35c6:	9c01d703          	lhu	a4,-1600(gp) # 200c05a0 <g_gps_uart_rx_write>
200a35ca:	9be1d683          	lhu	a3,-1602(gp) # 200c059e <g_gps_uart_rx_read>
200a35ce:	08074833          	zext.h	a6,a4
200a35d2:	0705                	addi	a4,a4,1
200a35d4:	3ff77713          	andi	a4,a4,1023
200a35d8:	0ff5f593          	zext.b	a1,a1
200a35dc:	00e69c63          	bne	a3,a4,200a35f4 <USART2_IRQHandler+0xc4>
200a35e0:	4b94                	lw	a3,16(a5)
200a35e2:	0685                	addi	a3,a3,1
200a35e4:	cb94                	sw	a3,16(a5)
200a35e6:	9be1d683          	lhu	a3,-1602(gp) # 200c059e <g_gps_uart_rx_read>
200a35ea:	0685                	addi	a3,a3,1
200a35ec:	3ff6f693          	andi	a3,a3,1023
200a35f0:	9ad19f23          	sh	a3,-1602(gp) # 200c059e <g_gps_uart_rx_read>
200a35f4:	43d4                	lw	a3,4(a5)
200a35f6:	0685                	addi	a3,a3,1
200a35f8:	c3d4                	sw	a3,4(a5)
200a35fa:	06018693          	addi	a3,gp,96 # 200c0c40 <g_gps_uart_rx_buffer>
200a35fe:	02b78823          	sb	a1,48(a5)
200a3602:	96c2                	add	a3,a3,a6
200a3604:	a28c                	sb	a1,0(a3)
200a3606:	9ce19023          	sh	a4,-1600(gp) # 200c05a0 <g_gps_uart_rx_write>
200a360a:	9be1d703          	lhu	a4,-1602(gp) # 200c059e <g_gps_uart_rx_read>
200a360e:	08074733          	zext.h	a4,a4
200a3612:	bbba                	sh	a4,50(a5)
200a3614:	9c01d703          	lhu	a4,-1600(gp) # 200c05a0 <g_gps_uart_rx_write>
200a3618:	08074733          	zext.h	a4,a4
200a361c:	bbda                	sh	a4,52(a5)
200a361e:	b751                	j	200a35a2 <USART2_IRQHandler+0x72>
200a3620:	22de                	lhu	a5,4(a3)
200a3622:	b741                	j	200a35a2 <USART2_IRQHandler+0x72>

200a3624 <USART3_IRQHandler>:
200a3624:	1101                	addi	sp,sp,-32
200a3626:	c43e                	sw	a5,8(sp)
200a3628:	400057b7          	lui	a5,0x40005
200a362c:	c63a                	sw	a4,12(sp)
200a362e:	8007d703          	lhu	a4,-2048(a5) # 40004800 <__freertos_irq_stack_topV5+0x1ff04800>
200a3632:	200d97b7          	lui	a5,0x200d9
200a3636:	c836                	sw	a3,16(sp)
200a3638:	52478693          	addi	a3,a5,1316 # 200d9524 <g_dbg_uart>
200a363c:	ca32                	sw	a2,20(sp)
200a363e:	4ef0                	lw	a2,92(a3)
200a3640:	ce2a                	sw	a0,28(sp)
200a3642:	cc2e                	sw	a1,24(sp)
200a3644:	c242                	sw	a6,4(sp)
200a3646:	0605                	addi	a2,a2,1
200a3648:	cef0                	sw	a2,92(a3)
200a364a:	08068613          	addi	a2,a3,128
200a364e:	08074733          	zext.h	a4,a4
200a3652:	c618                	sw	a4,8(a2)
200a3654:	00f77613          	andi	a2,a4,15
200a3658:	def0                	sw	a2,124(a3)
200a365a:	00877693          	andi	a3,a4,8
200a365e:	52478793          	addi	a5,a5,1316
200a3662:	c681                	beqz	a3,200a366a <USART3_IRQHandler+0x46>
200a3664:	57b4                	lw	a3,104(a5)
200a3666:	0685                	addi	a3,a3,1
200a3668:	d7b4                	sw	a3,104(a5)
200a366a:	00277693          	andi	a3,a4,2
200a366e:	c681                	beqz	a3,200a3676 <USART3_IRQHandler+0x52>
200a3670:	57f4                	lw	a3,108(a5)
200a3672:	0685                	addi	a3,a3,1
200a3674:	d7f4                	sw	a3,108(a5)
200a3676:	00477693          	andi	a3,a4,4
200a367a:	c681                	beqz	a3,200a3682 <USART3_IRQHandler+0x5e>
200a367c:	5bb4                	lw	a3,112(a5)
200a367e:	0685                	addi	a3,a3,1
200a3680:	dbb4                	sw	a3,112(a5)
200a3682:	00177693          	andi	a3,a4,1
200a3686:	c681                	beqz	a3,200a368e <USART3_IRQHandler+0x6a>
200a3688:	5bf4                	lw	a3,116(a5)
200a368a:	0685                	addi	a3,a3,1
200a368c:	dbf4                	sw	a3,116(a5)
200a368e:	02f77693          	andi	a3,a4,47
200a3692:	ee91                	bnez	a3,200a36ae <USART3_IRQHandler+0x8a>
200a3694:	5fb8                	lw	a4,120(a5)
200a3696:	0705                	addi	a4,a4,1
200a3698:	dfb8                	sw	a4,120(a5)
200a369a:	4572                	lw	a0,28(sp)
200a369c:	45e2                	lw	a1,24(sp)
200a369e:	4652                	lw	a2,20(sp)
200a36a0:	46c2                	lw	a3,16(sp)
200a36a2:	4732                	lw	a4,12(sp)
200a36a4:	47a2                	lw	a5,8(sp)
200a36a6:	4812                	lw	a6,4(sp)
200a36a8:	6105                	addi	sp,sp,32
200a36aa:	30200073          	mret
200a36ae:	400056b7          	lui	a3,0x40005
200a36b2:	02077713          	andi	a4,a4,32
200a36b6:	80068693          	addi	a3,a3,-2048 # 40004800 <__freertos_irq_stack_topV5+0x1ff04800>
200a36ba:	c729                	beqz	a4,200a3704 <USART3_IRQHandler+0xe0>
200a36bc:	22d6                	lhu	a3,4(a3)
200a36be:	9ba1d703          	lhu	a4,-1606(gp) # 200c059a <g_rc_uart_rx_write>
200a36c2:	53b0                	lw	a2,96(a5)
200a36c4:	0ff6f693          	zext.b	a3,a3
200a36c8:	08074833          	zext.h	a6,a4
200a36cc:	0605                	addi	a2,a2,1
200a36ce:	d3b0                	sw	a2,96(a5)
200a36d0:	08d78023          	sb	a3,128(a5)
200a36d4:	9b81d583          	lhu	a1,-1608(gp) # 200c0598 <g_rc_uart_rx_read>
200a36d8:	0705                	addi	a4,a4,1
200a36da:	0ff77713          	zext.b	a4,a4
200a36de:	00e59c63          	bne	a1,a4,200a36f6 <USART3_IRQHandler+0xd2>
200a36e2:	53ec                	lw	a1,100(a5)
200a36e4:	0585                	addi	a1,a1,1 # 2001 <__stack_size+0x1001>
200a36e6:	d3ec                	sw	a1,100(a5)
200a36e8:	9b81d783          	lhu	a5,-1608(gp) # 200c0598 <g_rc_uart_rx_read>
200a36ec:	0785                	addi	a5,a5,1
200a36ee:	0ff7f793          	zext.b	a5,a5
200a36f2:	9af19c23          	sh	a5,-1608(gp) # 200c0598 <g_rc_uart_rx_read>
200a36f6:	f6018793          	addi	a5,gp,-160 # 200c0b40 <g_rc_uart_rx_buffer>
200a36fa:	97c2                	add	a5,a5,a6
200a36fc:	a394                	sb	a3,0(a5)
200a36fe:	9ae19d23          	sh	a4,-1606(gp) # 200c059a <g_rc_uart_rx_write>
200a3702:	bf61                	j	200a369a <USART3_IRQHandler+0x76>
200a3704:	22de                	lhu	a5,4(a3)
200a3706:	bf51                	j	200a369a <USART3_IRQHandler+0x76>

200a3708 <USART4_IRQHandler>:
200a3708:	1101                	addi	sp,sp,-32
200a370a:	c43e                	sw	a5,8(sp)
200a370c:	400057b7          	lui	a5,0x40005
200a3710:	c63a                	sw	a4,12(sp)
200a3712:	c007d703          	lhu	a4,-1024(a5) # 40004c00 <__freertos_irq_stack_topV5+0x1ff04c00>
200a3716:	200d97b7          	lui	a5,0x200d9
200a371a:	c836                	sw	a3,16(sp)
200a371c:	52478693          	addi	a3,a5,1316 # 200d9524 <g_dbg_uart>
200a3720:	08068693          	addi	a3,a3,128
200a3724:	ca32                	sw	a2,20(sp)
200a3726:	5ad0                	lw	a2,52(a3)
200a3728:	ce2a                	sw	a0,28(sp)
200a372a:	cc2e                	sw	a1,24(sp)
200a372c:	0605                	addi	a2,a2,1
200a372e:	dad0                	sw	a2,52(a3)
200a3730:	08074733          	zext.h	a4,a4
200a3734:	d6b8                	sw	a4,104(a3)
200a3736:	00f77613          	andi	a2,a4,15
200a373a:	cef0                	sw	a2,92(a3)
200a373c:	00877693          	andi	a3,a4,8
200a3740:	52478793          	addi	a5,a5,1316
200a3744:	c691                	beqz	a3,200a3750 <USART4_IRQHandler+0x48>
200a3746:	0c87a683          	lw	a3,200(a5)
200a374a:	0685                	addi	a3,a3,1
200a374c:	0cd7a423          	sw	a3,200(a5)
200a3750:	00277693          	andi	a3,a4,2
200a3754:	c691                	beqz	a3,200a3760 <USART4_IRQHandler+0x58>
200a3756:	0cc7a683          	lw	a3,204(a5)
200a375a:	0685                	addi	a3,a3,1
200a375c:	0cd7a623          	sw	a3,204(a5)
200a3760:	00477693          	andi	a3,a4,4
200a3764:	c691                	beqz	a3,200a3770 <USART4_IRQHandler+0x68>
200a3766:	0d07a683          	lw	a3,208(a5)
200a376a:	0685                	addi	a3,a3,1
200a376c:	0cd7a823          	sw	a3,208(a5)
200a3770:	00177693          	andi	a3,a4,1
200a3774:	c691                	beqz	a3,200a3780 <USART4_IRQHandler+0x78>
200a3776:	0d47a683          	lw	a3,212(a5)
200a377a:	0685                	addi	a3,a3,1
200a377c:	0cd7aa23          	sw	a3,212(a5)
200a3780:	02f77693          	andi	a3,a4,47
200a3784:	ee99                	bnez	a3,200a37a2 <USART4_IRQHandler+0x9a>
200a3786:	0d87a703          	lw	a4,216(a5)
200a378a:	0705                	addi	a4,a4,1
200a378c:	0ce7ac23          	sw	a4,216(a5)
200a3790:	4572                	lw	a0,28(sp)
200a3792:	45e2                	lw	a1,24(sp)
200a3794:	4652                	lw	a2,20(sp)
200a3796:	46c2                	lw	a3,16(sp)
200a3798:	4732                	lw	a4,12(sp)
200a379a:	47a2                	lw	a5,8(sp)
200a379c:	6105                	addi	sp,sp,32
200a379e:	30200073          	mret
200a37a2:	400056b7          	lui	a3,0x40005
200a37a6:	c0068693          	addi	a3,a3,-1024 # 40004c00 <__freertos_irq_stack_topV5+0x1ff04c00>
200a37aa:	22d6                	lhu	a3,4(a3)
200a37ac:	02077713          	andi	a4,a4,32
200a37b0:	0ff6f693          	zext.b	a3,a3
200a37b4:	0ed78023          	sb	a3,224(a5)
200a37b8:	df61                	beqz	a4,200a3790 <USART4_IRQHandler+0x88>
200a37ba:	9b41d703          	lhu	a4,-1612(gp) # 200c0594 <g_imu_uart_rx_write>
200a37be:	0b87a683          	lw	a3,184(a5)
200a37c2:	08074533          	zext.h	a0,a4
200a37c6:	0685                	addi	a3,a3,1
200a37c8:	0ad7ac23          	sw	a3,184(a5)
200a37cc:	9b21d683          	lhu	a3,-1614(gp) # 200c0592 <g_imu_uart_rx_read>
200a37d0:	0705                	addi	a4,a4,1
200a37d2:	1ff77713          	andi	a4,a4,511
200a37d6:	00e69e63          	bne	a3,a4,200a37f2 <USART4_IRQHandler+0xea>
200a37da:	9b21d683          	lhu	a3,-1614(gp) # 200c0592 <g_imu_uart_rx_read>
200a37de:	0685                	addi	a3,a3,1
200a37e0:	1ff6f693          	andi	a3,a3,511
200a37e4:	9ad19923          	sh	a3,-1614(gp) # 200c0592 <g_imu_uart_rx_read>
200a37e8:	0c47a683          	lw	a3,196(a5)
200a37ec:	0685                	addi	a3,a3,1
200a37ee:	0cd7a223          	sw	a3,196(a5)
200a37f2:	0e07c683          	lbu	a3,224(a5)
200a37f6:	d6018793          	addi	a5,gp,-672 # 200c0940 <g_imu_uart_rx_buffer>
200a37fa:	0ff6f693          	zext.b	a3,a3
200a37fe:	97aa                	add	a5,a5,a0
200a3800:	a394                	sb	a3,0(a5)
200a3802:	9ae19a23          	sh	a4,-1612(gp) # 200c0594 <g_imu_uart_rx_write>
200a3806:	b769                	j	200a3790 <USART4_IRQHandler+0x88>

200a3808 <app_state>:
200a3808:	46018513          	addi	a0,gp,1120 # 200c1040 <g_state>
200a380c:	8082                	ret

200a380e <app_start>:
200a380e:	e09fc2ef          	jal	t0,200a0616 <__riscv_save_0>
200a3812:	200d9437          	lui	s0,0x200d9
200a3816:	11000613          	li	a2,272
200a381a:	4581                	li	a1,0
200a381c:	74840413          	addi	s0,s0,1864 # 200d9748 <g_dbg_boot>
200a3820:	47f9                	li	a5,30
200a3822:	46018493          	addi	s1,gp,1120 # 200c1040 <g_state>
200a3826:	46018513          	addi	a0,gp,1120 # 200c1040 <g_state>
200a382a:	c01c                	sw	a5,0(s0)
200a382c:	e31fc0ef          	jal	ra,200a065c <memset>
200a3830:	03e807b7          	lui	a5,0x3e80
200a3834:	3e878793          	addi	a5,a5,1000 # 3e803e8 <_data_lma+0x3e75524>
200a3838:	0ef4a623          	sw	a5,236(s1)
200a383c:	0ef4a823          	sw	a5,240(s1)
200a3840:	47fd                	li	a5,31
200a3842:	c01c                	sw	a5,0(s0)
200a3844:	8b1fe0ef          	jal	ra,200a20f4 <imu_init>
200a3848:	02000793          	li	a5,32
200a384c:	c01c                	sw	a5,0(s0)
200a384e:	878fe0ef          	jal	ra,200a18c6 <barometer_init>
200a3852:	02100793          	li	a5,33
200a3856:	c01c                	sw	a5,0(s0)
200a3858:	b3afe0ef          	jal	ra,200a1b92 <gps_init>
200a385c:	02200793          	li	a5,34
200a3860:	c01c                	sw	a5,0(s0)
200a3862:	ddbfe0ef          	jal	ra,200a263c <rc_input_init>
200a3866:	02800793          	li	a5,40
200a386a:	51018513          	addi	a0,gp,1296 # 200c10f0 <g_state+0xb0>
200a386e:	c01c                	sw	a5,0(s0)
200a3870:	fe4fd0ef          	jal	ra,200a1054 <attitude_estimator_init>
200a3874:	9a1fd0ef          	jal	ra,200a1214 <flight_controller_init>
200a3878:	fa2fd0ef          	jal	ra,200a101a <safety_init>
200a387c:	fd4fd0ef          	jal	ra,200a1050 <mission_init>
200a3880:	844fe0ef          	jal	ra,200a18c4 <logger_init>
200a3884:	3e800513          	li	a0,1000
200a3888:	ab2ff0ef          	jal	ra,200a2b3a <bsp_pwm_motors_set_all_us>
200a388c:	03200793          	li	a5,50
200a3890:	c01c                	sw	a5,0(s0)
200a3892:	d5efd0ef          	jal	ra,200a0df0 <tasks_create_all>
200a3896:	014010ef          	jal	ra,200a48aa <xPortGetFreeHeapSize>
200a389a:	03c00793          	li	a5,60
200a389e:	c448                	sw	a0,12(s0)
200a38a0:	c01c                	sw	a5,0(s0)
200a38a2:	4f8010ef          	jal	ra,200a4d9a <vTaskStartScheduler>
200a38a6:	0c800793          	li	a5,200
200a38aa:	c01c                	sw	a5,0(s0)
200a38ac:	a001                	j	200a38ac <app_start+0x9e>

200a38ae <vApplicationMallocFailedHook>:
200a38ae:	d69fc2ef          	jal	t0,200a0616 <__riscv_save_0>
200a38b2:	200d9437          	lui	s0,0x200d9
200a38b6:	a55e07b7          	lui	a5,0xa55e0
200a38ba:	0789                	addi	a5,a5,2 # a55e0002 <__freertos_irq_stack_topV5+0x854e0002>
200a38bc:	71840413          	addi	s0,s0,1816 # 200d9718 <g_dbg_fault>
200a38c0:	c01c                	sw	a5,0(s0)
200a38c2:	7e9000ef          	jal	ra,200a48aa <xPortGetFreeHeapSize>
200a38c6:	cc08                	sw	a0,24(s0)
200a38c8:	7e9000ef          	jal	ra,200a48b0 <xPortGetMinimumEverFreeHeapSize>
200a38cc:	cc48                	sw	a0,28(s0)
200a38ce:	3e800513          	li	a0,1000
200a38d2:	a68ff0ef          	jal	ra,200a2b3a <bsp_pwm_motors_set_all_us>
200a38d6:	6789                	lui	a5,0x2
200a38d8:	80078793          	addi	a5,a5,-2048 # 1800 <__stack_size+0x800>
200a38dc:	30079073          	csrw	mstatus,a5
200a38e0:	a001                	j	200a38e0 <vApplicationMallocFailedHook+0x32>

200a38e2 <vApplicationStackOverflowHook>:
200a38e2:	d35fc2ef          	jal	t0,200a0616 <__riscv_save_0>
200a38e6:	200d9437          	lui	s0,0x200d9
200a38ea:	a55e07b7          	lui	a5,0xa55e0
200a38ee:	71840413          	addi	s0,s0,1816 # 200d9718 <g_dbg_fault>
200a38f2:	078d                	addi	a5,a5,3 # a55e0003 <__freertos_irq_stack_topV5+0x854e0003>
200a38f4:	c01c                	sw	a5,0(s0)
200a38f6:	c048                	sw	a0,4(s0)
200a38f8:	c40c                	sw	a1,8(s0)
200a38fa:	7b1000ef          	jal	ra,200a48aa <xPortGetFreeHeapSize>
200a38fe:	cc08                	sw	a0,24(s0)
200a3900:	7b1000ef          	jal	ra,200a48b0 <xPortGetMinimumEverFreeHeapSize>
200a3904:	cc48                	sw	a0,28(s0)
200a3906:	3e800513          	li	a0,1000
200a390a:	a30ff0ef          	jal	ra,200a2b3a <bsp_pwm_motors_set_all_us>
200a390e:	6789                	lui	a5,0x2
200a3910:	80078793          	addi	a5,a5,-2048 # 1800 <__stack_size+0x800>
200a3914:	30079073          	csrw	mstatus,a5
200a3918:	a001                	j	200a3918 <vApplicationStackOverflowHook+0x36>

200a391a <vApplicationAssertFailed>:
200a391a:	ce3fc2ef          	jal	t0,200a05fc <__riscv_save_4>
200a391e:	8986                	mv	s3,ra
200a3920:	8a2e                	mv	s4,a1
200a3922:	8aaa                	mv	s5,a0
200a3924:	1cb010ef          	jal	ra,200a52ee <xTaskGetSchedulerState>
200a3928:	200d94b7          	lui	s1,0x200d9
200a392c:	a55e07b7          	lui	a5,0xa55e0
200a3930:	71848413          	addi	s0,s1,1816 # 200d9718 <g_dbg_fault>
200a3934:	0785                	addi	a5,a5,1 # a55e0001 <__freertos_irq_stack_topV5+0x854e0001>
200a3936:	c01c                	sw	a5,0(s0)
200a3938:	01542623          	sw	s5,12(s0)
200a393c:	01442823          	sw	s4,16(s0)
200a3940:	485c                	lw	a5,20(s0)
200a3942:	892a                	mv	s2,a0
200a3944:	71848493          	addi	s1,s1,1816
200a3948:	0785                	addi	a5,a5,1
200a394a:	c85c                	sw	a5,20(s0)
200a394c:	75f000ef          	jal	ra,200a48aa <xPortGetFreeHeapSize>
200a3950:	cc08                	sw	a0,24(s0)
200a3952:	75f000ef          	jal	ra,200a48b0 <xPortGetMinimumEverFreeHeapSize>
200a3956:	cc48                	sw	a0,28(s0)
200a3958:	03342023          	sw	s3,32(s0)
200a395c:	03242223          	sw	s2,36(s0)
200a3960:	4785                	li	a5,1
200a3962:	02f90263          	beq	s2,a5,200a3986 <vApplicationAssertFailed+0x6c>
200a3966:	4c4010ef          	jal	ra,200a4e2a <xTaskGetTickCount>
200a396a:	d488                	sw	a0,40(s1)
200a396c:	17d010ef          	jal	ra,200a52e8 <xTaskGetCurrentTaskHandle>
200a3970:	d4c8                	sw	a0,44(s1)
200a3972:	3e800513          	li	a0,1000
200a3976:	9c4ff0ef          	jal	ra,200a2b3a <bsp_pwm_motors_set_all_us>
200a397a:	6789                	lui	a5,0x2
200a397c:	80078793          	addi	a5,a5,-2048 # 1800 <__stack_size+0x800>
200a3980:	30079073          	csrw	mstatus,a5
200a3984:	a001                	j	200a3984 <vApplicationAssertFailed+0x6a>
200a3986:	0204a423          	sw	zero,40(s1)
200a398a:	4501                	li	a0,0
200a398c:	b7d5                	j	200a3970 <vApplicationAssertFailed+0x56>

200a398e <NMI_Handler>:
200a398e:	200d97b7          	lui	a5,0x200d9
200a3992:	6fc78793          	addi	a5,a5,1788 # 200d96fc <g_dbg_trap>
200a3996:	4398                	lw	a4,0(a5)
200a3998:	0705                	addi	a4,a4,1
200a399a:	c398                	sw	a4,0(a5)
200a399c:	08800793          	li	a5,136
200a39a0:	8007b073          	csrc	0x800,a5
200a39a4:	0000100f          	fence.i
200a39a8:	a001                	j	200a39a8 <NMI_Handler+0x1a>

200a39aa <HardFault_Handler>:
200a39aa:	200d97b7          	lui	a5,0x200d9
200a39ae:	6fc78793          	addi	a5,a5,1788 # 200d96fc <g_dbg_trap>
200a39b2:	43d8                	lw	a4,4(a5)
200a39b4:	0705                	addi	a4,a4,1
200a39b6:	c3d8                	sw	a4,4(a5)
200a39b8:	34202773          	csrr	a4,mcause
200a39bc:	c798                	sw	a4,8(a5)
200a39be:	34102773          	csrr	a4,mepc
200a39c2:	c7d8                	sw	a4,12(a5)
200a39c4:	34302773          	csrr	a4,mtval
200a39c8:	cb98                	sw	a4,16(a5)
200a39ca:	30002773          	csrr	a4,mstatus
200a39ce:	cbd8                	sw	a4,20(a5)
200a39d0:	870a                	mv	a4,sp
200a39d2:	cf98                	sw	a4,24(a5)
200a39d4:	08800793          	li	a5,136
200a39d8:	8007b073          	csrc	0x800,a5
200a39dc:	0000100f          	fence.i
200a39e0:	a001                	j	200a39e0 <HardFault_Handler+0x36>

200a39e2 <main>:
200a39e2:	c35fc2ef          	jal	t0,200a0616 <__riscv_save_0>
200a39e6:	e000e7b7          	lui	a5,0xe000e
200a39ea:	00200737          	lui	a4,0x200
200a39ee:	18e7a423          	sw	a4,392(a5) # e000e188 <__freertos_irq_stack_topV5+0xbff0e188>
200a39f2:	0000100f          	fence.i
200a39f6:	200d9437          	lui	s0,0x200d9
200a39fa:	28e7a423          	sw	a4,648(a5)
200a39fe:	74840413          	addi	s0,s0,1864 # 200d9748 <g_dbg_boot>
200a3a02:	4785                	li	a5,1
200a3a04:	c01c                	sw	a5,0(s0)
200a3a06:	fa7fe0ef          	jal	ra,200a29ac <bsp_board_init>
200a3a0a:	47d1                	li	a5,20
200a3a0c:	c01c                	sw	a5,0(s0)
200a3a0e:	e01ff0ef          	jal	ra,200a380e <app_start>
200a3a12:	0fa00793          	li	a5,250
200a3a16:	c01c                	sw	a5,0(s0)
200a3a18:	a001                	j	200a3a18 <main+0x36>

200a3a1a <SystemAndCoreClockUpdate>:
200a3a1a:	400217b7          	lui	a5,0x40021
200a3a1e:	43d4                	lw	a3,4(a5)
200a3a20:	4798                	lw	a4,8(a5)
200a3a22:	4621                	li	a2,8
200a3a24:	8ab1                	andi	a3,a3,12
200a3a26:	02c69463          	bne	a3,a2,200a3a4e <SystemAndCoreClockUpdate+0x34>
200a3a2a:	700006b7          	lui	a3,0x70000
200a3a2e:	8f75                	and	a4,a4,a3
200a3a30:	50000637          	lui	a2,0x50000
200a3a34:	12c70b63          	beq	a4,a2,200a3b6a <SystemAndCoreClockUpdate+0x150>
200a3a38:	02e66063          	bltu	a2,a4,200a3a58 <SystemAndCoreClockUpdate+0x3e>
200a3a3c:	c71d                	beqz	a4,200a3a6a <SystemAndCoreClockUpdate+0x50>
200a3a3e:	1c9c47b7          	lui	a5,0x1c9c4
200a3a42:	400006b7          	lui	a3,0x40000
200a3a46:	80078793          	addi	a5,a5,-2048 # 1c9c3800 <_data_lma+0x1c9b893c>
200a3a4a:	06d70763          	beq	a4,a3,200a3ab8 <SystemAndCoreClockUpdate+0x9e>
200a3a4e:	017d87b7          	lui	a5,0x17d8
200a3a52:	84078793          	addi	a5,a5,-1984 # 17d7840 <_data_lma+0x17cc97c>
200a3a56:	a08d                	j	200a3ab8 <SystemAndCoreClockUpdate+0x9e>
200a3a58:	60000637          	lui	a2,0x60000
200a3a5c:	0ec70863          	beq	a4,a2,200a3b4c <SystemAndCoreClockUpdate+0x132>
200a3a60:	077367b7          	lui	a5,0x7736
200a3a64:	94078793          	addi	a5,a5,-1728 # 7735940 <_data_lma+0x772aa7c>
200a3a68:	b7cd                	j	200a3a4a <SystemAndCoreClockUpdate+0x30>
200a3a6a:	4790                	lw	a2,8(a5)
200a3a6c:	4794                	lw	a3,8(a5)
200a3a6e:	4798                	lw	a4,8(a5)
200a3a70:	0a000593          	li	a1,160
200a3a74:	0e06f693          	andi	a3,a3,224
200a3a78:	8321                	srli	a4,a4,0x8
200a3a7a:	03f77713          	andi	a4,a4,63
200a3a7e:	8a7d                	andi	a2,a2,31
200a3a80:	0705                	addi	a4,a4,1 # 200001 <_data_lma+0x1f513d>
200a3a82:	06b69a63          	bne	a3,a1,200a3af6 <SystemAndCoreClockUpdate+0xdc>
200a3a86:	1dcd67b7          	lui	a5,0x1dcd6
200a3a8a:	50078793          	addi	a5,a5,1280 # 1dcd6500 <_data_lma+0x1dccb63c>
200a3a8e:	02e7d733          	divu	a4,a5,a4
200a3a92:	200c07b7          	lui	a5,0x200c0
200a3a96:	32078793          	addi	a5,a5,800 # 200c0320 <PLLMULTB>
200a3a9a:	97b2                	add	a5,a5,a2
200a3a9c:	239c                	lbu	a5,0(a5)
200a3a9e:	4691                	li	a3,4
200a3aa0:	02e787b3          	mul	a5,a5,a4
200a3aa4:	00d60963          	beq	a2,a3,200a3ab6 <SystemAndCoreClockUpdate+0x9c>
200a3aa8:	6685                	lui	a3,0x1
200a3aaa:	54068693          	addi	a3,a3,1344 # 1540 <__stack_size+0x540>
200a3aae:	00c6d6b3          	srl	a3,a3,a2
200a3ab2:	8a85                	andi	a3,a3,1
200a3ab4:	c291                	beqz	a3,200a3ab8 <SystemAndCoreClockUpdate+0x9e>
200a3ab6:	8385                	srli	a5,a5,0x1
200a3ab8:	9cf1a423          	sw	a5,-1592(gp) # 200c05a8 <SystemClock>
200a3abc:	40021637          	lui	a2,0x40021
200a3ac0:	4254                	lw	a3,4(a2)
200a3ac2:	200c0737          	lui	a4,0x200c0
200a3ac6:	31070713          	addi	a4,a4,784 # 200c0310 <HBPrescTB>
200a3aca:	8291                	srli	a3,a3,0x4
200a3acc:	8abd                	andi	a3,a3,15
200a3ace:	9736                	add	a4,a4,a3
200a3ad0:	2318                	lbu	a4,0(a4)
200a3ad2:	200c06b7          	lui	a3,0x200c0
200a3ad6:	3e468693          	addi	a3,a3,996 # 200c03e4 <FPRETB>
200a3ada:	00e7d7b3          	srl	a5,a5,a4
200a3ade:	4258                	lw	a4,4(a2)
200a3ae0:	8341                	srli	a4,a4,0x10
200a3ae2:	8b0d                	andi	a4,a4,3
200a3ae4:	9736                	add	a4,a4,a3
200a3ae6:	2318                	lbu	a4,0(a4)
200a3ae8:	00e7d733          	srl	a4,a5,a4
200a3aec:	9ce1a623          	sw	a4,-1588(gp) # 200c05ac <HCLKClock>
200a3af0:	9cf1a223          	sw	a5,-1596(gp) # 200c05a4 <SystemCoreClock>
200a3af4:	8082                	ret
200a3af6:	0e000593          	li	a1,224
200a3afa:	02b69263          	bne	a3,a1,200a3b1e <SystemAndCoreClockUpdate+0x104>
200a3afe:	5bd4                	lw	a3,52(a5)
200a3b00:	200c07b7          	lui	a5,0x200c0
200a3b04:	30078793          	addi	a5,a5,768 # 200c0300 <SERDESPLLMULTB>
200a3b08:	82c1                	srli	a3,a3,0x10
200a3b0a:	97b6                	add	a5,a5,a3
200a3b0c:	239c                	lbu	a5,0(a5)
200a3b0e:	017d86b7          	lui	a3,0x17d8
200a3b12:	84068693          	addi	a3,a3,-1984 # 17d7840 <_data_lma+0x17cc97c>
200a3b16:	02d787b3          	mul	a5,a5,a3
200a3b1a:	8385                	srli	a5,a5,0x1
200a3b1c:	bf8d                	j	200a3a8e <SystemAndCoreClockUpdate+0x74>
200a3b1e:	08000793          	li	a5,128
200a3b22:	00f69763          	bne	a3,a5,200a3b30 <SystemAndCoreClockUpdate+0x116>
200a3b26:	1c9c47b7          	lui	a5,0x1c9c4
200a3b2a:	80078793          	addi	a5,a5,-2048 # 1c9c3800 <_data_lma+0x1c9b893c>
200a3b2e:	b785                	j	200a3a8e <SystemAndCoreClockUpdate+0x74>
200a3b30:	0c000793          	li	a5,192
200a3b34:	00f69763          	bne	a3,a5,200a3b42 <SystemAndCoreClockUpdate+0x128>
200a3b38:	077367b7          	lui	a5,0x7736
200a3b3c:	94078793          	addi	a5,a5,-1728 # 7735940 <_data_lma+0x772aa7c>
200a3b40:	b7b9                	j	200a3a8e <SystemAndCoreClockUpdate+0x74>
200a3b42:	017d87b7          	lui	a5,0x17d8
200a3b46:	84078793          	addi	a5,a5,-1984 # 17d7840 <_data_lma+0x17cc97c>
200a3b4a:	b791                	j	200a3a8e <SystemAndCoreClockUpdate+0x74>
200a3b4c:	5bd8                	lw	a4,52(a5)
200a3b4e:	200c07b7          	lui	a5,0x200c0
200a3b52:	30078793          	addi	a5,a5,768 # 200c0300 <SERDESPLLMULTB>
200a3b56:	8341                	srli	a4,a4,0x10
200a3b58:	97ba                	add	a5,a5,a4
200a3b5a:	239c                	lbu	a5,0(a5)
200a3b5c:	017d8737          	lui	a4,0x17d8
200a3b60:	84070713          	addi	a4,a4,-1984 # 17d7840 <_data_lma+0x17cc97c>
200a3b64:	02e787b3          	mul	a5,a5,a4
200a3b68:	b7b9                	j	200a3ab6 <SystemAndCoreClockUpdate+0x9c>
200a3b6a:	1dcd67b7          	lui	a5,0x1dcd6
200a3b6e:	50078793          	addi	a5,a5,1280 # 1dcd6500 <_data_lma+0x1dccb63c>
200a3b72:	b799                	j	200a3ab8 <SystemAndCoreClockUpdate+0x9e>

200a3b74 <ADC1_2_IRQHandler>:
200a3b74:	a001                	j	200a3b74 <ADC1_2_IRQHandler>

200a3b76 <ADC_DeInit>:
200a3b76:	aa1fc2ef          	jal	t0,200a0616 <__riscv_save_0>
200a3b7a:	400127b7          	lui	a5,0x40012
200a3b7e:	40078793          	addi	a5,a5,1024 # 40012400 <__freertos_irq_stack_topV5+0x1ff12400>
200a3b82:	00f51c63          	bne	a0,a5,200a3b9a <ADC_DeInit+0x24>
200a3b86:	4585                	li	a1,1
200a3b88:	20000513          	li	a0,512
200a3b8c:	2b49                	jal	200a411e <RCC_HB2PeriphResetCmd>
200a3b8e:	4581                	li	a1,0
200a3b90:	20000513          	li	a0,512
200a3b94:	2369                	jal	200a411e <RCC_HB2PeriphResetCmd>
200a3b96:	aa5fc06f          	j	200a063a <__riscv_restore_0>
200a3b9a:	400137b7          	lui	a5,0x40013
200a3b9e:	80078793          	addi	a5,a5,-2048 # 40012800 <__freertos_irq_stack_topV5+0x1ff12800>
200a3ba2:	fef51ae3          	bne	a0,a5,200a3b96 <ADC_DeInit+0x20>
200a3ba6:	4585                	li	a1,1
200a3ba8:	40000513          	li	a0,1024
200a3bac:	2b8d                	jal	200a411e <RCC_HB2PeriphResetCmd>
200a3bae:	4581                	li	a1,0
200a3bb0:	40000513          	li	a0,1024
200a3bb4:	b7c5                	j	200a3b94 <ADC_DeInit+0x1e>

200a3bb6 <ADC_Init>:
200a3bb6:	4158                	lw	a4,4(a0)
200a3bb8:	e0f107b7          	lui	a5,0xe0f10
200a3bbc:	eff78793          	addi	a5,a5,-257 # e0f0feff <__freertos_irq_stack_topV5+0xc0e0feff>
200a3bc0:	4d94                	lw	a3,24(a1)
200a3bc2:	8f7d                	and	a4,a4,a5
200a3bc4:	419c                	lw	a5,0(a1)
200a3bc6:	8fd5                	or	a5,a5,a3
200a3bc8:	4dd4                	lw	a3,28(a1)
200a3bca:	8fd5                	or	a5,a5,a3
200a3bcc:	41d4                	lw	a3,4(a1)
200a3bce:	06a2                	slli	a3,a3,0x8
200a3bd0:	8fd5                	or	a5,a5,a3
200a3bd2:	8fd9                	or	a5,a5,a4
200a3bd4:	c15c                	sw	a5,4(a0)
200a3bd6:	4518                	lw	a4,8(a0)
200a3bd8:	fff1f7b7          	lui	a5,0xfff1f
200a3bdc:	7fd78793          	addi	a5,a5,2045 # fff1f7fd <__freertos_irq_stack_topV5+0xdfe1f7fd>
200a3be0:	45d4                	lw	a3,12(a1)
200a3be2:	8f7d                	and	a4,a4,a5
200a3be4:	499c                	lw	a5,16(a1)
200a3be6:	8fd5                	or	a5,a5,a3
200a3be8:	4594                	lw	a3,8(a1)
200a3bea:	0686                	slli	a3,a3,0x1
200a3bec:	8fd5                	or	a5,a5,a3
200a3bee:	8fd9                	or	a5,a5,a4
200a3bf0:	c51c                	sw	a5,8(a0)
200a3bf2:	5558                	lw	a4,44(a0)
200a3bf4:	ff1007b7          	lui	a5,0xff100
200a3bf8:	17fd                	addi	a5,a5,-1 # ff0fffff <__freertos_irq_stack_topV5+0xdeffffff>
200a3bfa:	8f7d                	and	a4,a4,a5
200a3bfc:	29dc                	lbu	a5,20(a1)
200a3bfe:	17fd                	addi	a5,a5,-1
200a3c00:	0ff7f793          	zext.b	a5,a5
200a3c04:	07d2                	slli	a5,a5,0x14
200a3c06:	8fd9                	or	a5,a5,a4
200a3c08:	d55c                	sw	a5,44(a0)
200a3c0a:	8082                	ret

200a3c0c <ADC_Cmd>:
200a3c0c:	451c                	lw	a5,8(a0)
200a3c0e:	c589                	beqz	a1,200a3c18 <ADC_Cmd+0xc>
200a3c10:	0017e793          	ori	a5,a5,1
200a3c14:	c51c                	sw	a5,8(a0)
200a3c16:	8082                	ret
200a3c18:	9bf9                	andi	a5,a5,-2
200a3c1a:	bfed                	j	200a3c14 <ADC_Cmd+0x8>

200a3c1c <ADC_ResetCalibration>:
200a3c1c:	451c                	lw	a5,8(a0)
200a3c1e:	0087e793          	ori	a5,a5,8
200a3c22:	c51c                	sw	a5,8(a0)
200a3c24:	8082                	ret

200a3c26 <ADC_GetResetCalibrationStatus>:
200a3c26:	4508                	lw	a0,8(a0)
200a3c28:	48355513          	bexti	a0,a0,0x3
200a3c2c:	8082                	ret

200a3c2e <ADC_StartCalibration>:
200a3c2e:	455c                	lw	a5,12(a0)
200a3c30:	38000737          	lui	a4,0x38000
200a3c34:	8fd9                	or	a5,a5,a4
200a3c36:	c55c                	sw	a5,12(a0)
200a3c38:	451c                	lw	a5,8(a0)
200a3c3a:	0047e793          	ori	a5,a5,4
200a3c3e:	c51c                	sw	a5,8(a0)
200a3c40:	8082                	ret

200a3c42 <ADC_GetCalibrationStatus>:
200a3c42:	4508                	lw	a0,8(a0)
200a3c44:	48255513          	bexti	a0,a0,0x2
200a3c48:	8082                	ret

200a3c4a <GPIO_Init>:
200a3c4a:	459c                	lw	a5,8(a1)
200a3c4c:	0005d803          	lhu	a6,0(a1)
200a3c50:	0107f713          	andi	a4,a5,16
200a3c54:	00f7f893          	andi	a7,a5,15
200a3c58:	cb1d                	beqz	a4,200a3c8e <GPIO_Init+0x44>
200a3c5a:	4d58                	lw	a4,28(a0)
200a3c5c:	0018e893          	ori	a7,a7,1
200a3c60:	4681                	li	a3,0
200a3c62:	4e8d                	li	t4,3
200a3c64:	4e41                	li	t3,16
200a3c66:	28d01633          	bset	a2,zero,a3
200a3c6a:	00c87333          	and	t1,a6,a2
200a3c6e:	00661c63          	bne	a2,t1,200a3c86 <GPIO_Init+0x3c>
200a3c72:	00169313          	slli	t1,a3,0x1
200a3c76:	006e9633          	sll	a2,t4,t1
200a3c7a:	40c77733          	andn	a4,a4,a2
200a3c7e:	41d0                	lw	a2,4(a1)
200a3c80:	00661633          	sll	a2,a2,t1
200a3c84:	8f51                	or	a4,a4,a2
200a3c86:	0685                	addi	a3,a3,1
200a3c88:	fdc69fe3          	bne	a3,t3,200a3c66 <GPIO_Init+0x1c>
200a3c8c:	cd58                	sw	a4,28(a0)
200a3c8e:	0ff87713          	zext.b	a4,a6
200a3c92:	cf1d                	beqz	a4,200a3cd0 <GPIO_Init+0x86>
200a3c94:	4118                	lw	a4,0(a0)
200a3c96:	4681                	li	a3,0
200a3c98:	02800313          	li	t1,40
200a3c9c:	4e3d                	li	t3,15
200a3c9e:	04800e93          	li	t4,72
200a3ca2:	45a1                	li	a1,8
200a3ca4:	28d01633          	bset	a2,zero,a3
200a3ca8:	00c87f33          	and	t5,a6,a2
200a3cac:	01e61e63          	bne	a2,t5,200a3cc8 <GPIO_Init+0x7e>
200a3cb0:	06679563          	bne	a5,t1,200a3d1a <GPIO_Init+0xd0>
200a3cb4:	c950                	sw	a2,20(a0)
200a3cb6:	00269613          	slli	a2,a3,0x2
200a3cba:	00ce1f33          	sll	t5,t3,a2
200a3cbe:	00c89633          	sll	a2,a7,a2
200a3cc2:	41e77733          	andn	a4,a4,t5
200a3cc6:	8f51                	or	a4,a4,a2
200a3cc8:	0685                	addi	a3,a3,1
200a3cca:	fcb69de3          	bne	a3,a1,200a3ca4 <GPIO_Init+0x5a>
200a3cce:	c118                	sw	a4,0(a0)
200a3cd0:	0ff00713          	li	a4,255
200a3cd4:	05077263          	bgeu	a4,a6,200a3d18 <GPIO_Init+0xce>
200a3cd8:	4154                	lw	a3,4(a0)
200a3cda:	4601                	li	a2,0
200a3cdc:	02800e13          	li	t3,40
200a3ce0:	04800e93          	li	t4,72
200a3ce4:	4321                	li	t1,8
200a3ce6:	00860713          	addi	a4,a2,8 # 40021008 <__freertos_irq_stack_topV5+0x1ff21008>
200a3cea:	28e01733          	bset	a4,zero,a4
200a3cee:	00e875b3          	and	a1,a6,a4
200a3cf2:	00b71f63          	bne	a4,a1,200a3d10 <GPIO_Init+0xc6>
200a3cf6:	03c79663          	bne	a5,t3,200a3d22 <GPIO_Init+0xd8>
200a3cfa:	c958                	sw	a4,20(a0)
200a3cfc:	00261713          	slli	a4,a2,0x2
200a3d00:	45bd                	li	a1,15
200a3d02:	00e595b3          	sll	a1,a1,a4
200a3d06:	00e89733          	sll	a4,a7,a4
200a3d0a:	40b6f6b3          	andn	a3,a3,a1
200a3d0e:	8ed9                	or	a3,a3,a4
200a3d10:	0605                	addi	a2,a2,1
200a3d12:	fc661ae3          	bne	a2,t1,200a3ce6 <GPIO_Init+0x9c>
200a3d16:	c154                	sw	a3,4(a0)
200a3d18:	8082                	ret
200a3d1a:	f9d79ee3          	bne	a5,t4,200a3cb6 <GPIO_Init+0x6c>
200a3d1e:	c910                	sw	a2,16(a0)
200a3d20:	bf59                	j	200a3cb6 <GPIO_Init+0x6c>
200a3d22:	fdd79de3          	bne	a5,t4,200a3cfc <GPIO_Init+0xb2>
200a3d26:	c918                	sw	a4,16(a0)
200a3d28:	bfd1                	j	200a3cfc <GPIO_Init+0xb2>

200a3d2a <GPIO_ReadInputData>:
200a3d2a:	4508                	lw	a0,8(a0)
200a3d2c:	08054533          	zext.h	a0,a0
200a3d30:	8082                	ret

200a3d32 <GPIO_SetBits>:
200a3d32:	c90c                	sw	a1,16(a0)
200a3d34:	8082                	ret

200a3d36 <GPIO_ResetBits>:
200a3d36:	c94c                	sw	a1,20(a0)
200a3d38:	8082                	ret

200a3d3a <GPIO_PinAFConfig>:
200a3d3a:	40011737          	lui	a4,0x40011
200a3d3e:	479d                	li	a5,7
200a3d40:	80070693          	addi	a3,a4,-2048 # 40010800 <__freertos_irq_stack_topV5+0x1ff10800>
200a3d44:	02b7f863          	bgeu	a5,a1,200a3d74 <GPIO_PinAFConfig+0x3a>
200a3d48:	ff858793          	addi	a5,a1,-8
200a3d4c:	0ff7f793          	zext.b	a5,a5
200a3d50:	06d51a63          	bne	a0,a3,200a3dc4 <GPIO_PinAFConfig+0x8a>
200a3d54:	400106b7          	lui	a3,0x40010
200a3d58:	468c                	lw	a1,8(a3)
200a3d5a:	078a                	slli	a5,a5,0x2
200a3d5c:	473d                	li	a4,15
200a3d5e:	00f71733          	sll	a4,a4,a5
200a3d62:	40e5f733          	andn	a4,a1,a4
200a3d66:	c698                	sw	a4,8(a3)
200a3d68:	4698                	lw	a4,8(a3)
200a3d6a:	00f617b3          	sll	a5,a2,a5
200a3d6e:	8fd9                	or	a5,a5,a4
200a3d70:	c69c                	sw	a5,8(a3)
200a3d72:	8082                	ret
200a3d74:	02d50863          	beq	a0,a3,200a3da4 <GPIO_PinAFConfig+0x6a>
200a3d78:	c0070793          	addi	a5,a4,-1024
200a3d7c:	08f50a63          	beq	a0,a5,200a3e10 <GPIO_PinAFConfig+0xd6>
200a3d80:	16e51c63          	bne	a0,a4,200a3ef8 <GPIO_PinAFConfig+0x1be>
200a3d84:	40010737          	lui	a4,0x40010
200a3d88:	4b54                	lw	a3,20(a4)
200a3d8a:	058a                	slli	a1,a1,0x2
200a3d8c:	47bd                	li	a5,15
200a3d8e:	00b797b3          	sll	a5,a5,a1
200a3d92:	40f6f7b3          	andn	a5,a3,a5
200a3d96:	cb5c                	sw	a5,20(a4)
200a3d98:	4b5c                	lw	a5,20(a4)
200a3d9a:	00b615b3          	sll	a1,a2,a1
200a3d9e:	8ddd                	or	a1,a1,a5
200a3da0:	cb4c                	sw	a1,20(a4)
200a3da2:	8082                	ret
200a3da4:	40010737          	lui	a4,0x40010
200a3da8:	4354                	lw	a3,4(a4)
200a3daa:	058a                	slli	a1,a1,0x2
200a3dac:	47bd                	li	a5,15
200a3dae:	00b797b3          	sll	a5,a5,a1
200a3db2:	40f6f7b3          	andn	a5,a3,a5
200a3db6:	c35c                	sw	a5,4(a4)
200a3db8:	435c                	lw	a5,4(a4)
200a3dba:	00b615b3          	sll	a1,a2,a1
200a3dbe:	8ddd                	or	a1,a1,a5
200a3dc0:	c34c                	sw	a1,4(a4)
200a3dc2:	8082                	ret
200a3dc4:	c0070693          	addi	a3,a4,-1024 # 4000fc00 <__freertos_irq_stack_topV5+0x1ff0fc00>
200a3dc8:	02d50463          	beq	a0,a3,200a3df0 <GPIO_PinAFConfig+0xb6>
200a3dcc:	10e51263          	bne	a0,a4,200a3ed0 <GPIO_PinAFConfig+0x196>
200a3dd0:	400106b7          	lui	a3,0x40010
200a3dd4:	4e8c                	lw	a1,24(a3)
200a3dd6:	078a                	slli	a5,a5,0x2
200a3dd8:	473d                	li	a4,15
200a3dda:	00f71733          	sll	a4,a4,a5
200a3dde:	40e5f733          	andn	a4,a1,a4
200a3de2:	ce98                	sw	a4,24(a3)
200a3de4:	4e98                	lw	a4,24(a3)
200a3de6:	00f617b3          	sll	a5,a2,a5
200a3dea:	8fd9                	or	a5,a5,a4
200a3dec:	ce9c                	sw	a5,24(a3)
200a3dee:	8082                	ret
200a3df0:	400106b7          	lui	a3,0x40010
200a3df4:	4a8c                	lw	a1,16(a3)
200a3df6:	078a                	slli	a5,a5,0x2
200a3df8:	473d                	li	a4,15
200a3dfa:	00f71733          	sll	a4,a4,a5
200a3dfe:	40e5f733          	andn	a4,a1,a4
200a3e02:	ca98                	sw	a4,16(a3)
200a3e04:	4a98                	lw	a4,16(a3)
200a3e06:	00f617b3          	sll	a5,a2,a5
200a3e0a:	8fd9                	or	a5,a5,a4
200a3e0c:	ca9c                	sw	a5,16(a3)
200a3e0e:	8082                	ret
200a3e10:	40010737          	lui	a4,0x40010
200a3e14:	4754                	lw	a3,12(a4)
200a3e16:	058a                	slli	a1,a1,0x2
200a3e18:	47bd                	li	a5,15
200a3e1a:	00b797b3          	sll	a5,a5,a1
200a3e1e:	40f6f7b3          	andn	a5,a3,a5
200a3e22:	c75c                	sw	a5,12(a4)
200a3e24:	475c                	lw	a5,12(a4)
200a3e26:	00b615b3          	sll	a1,a2,a1
200a3e2a:	8ddd                	or	a1,a1,a5
200a3e2c:	c74c                	sw	a1,12(a4)
200a3e2e:	8082                	ret
200a3e30:	40012737          	lui	a4,0x40012
200a3e34:	80070713          	addi	a4,a4,-2048 # 40011800 <__freertos_irq_stack_topV5+0x1ff11800>
200a3e38:	87ae                	mv	a5,a1
200a3e3a:	04e51863          	bne	a0,a4,200a3e8a <GPIO_PinAFConfig+0x150>
200a3e3e:	40010737          	lui	a4,0x40010
200a3e42:	5354                	lw	a3,36(a4)
200a3e44:	058a                	slli	a1,a1,0x2
200a3e46:	47bd                	li	a5,15
200a3e48:	00b797b3          	sll	a5,a5,a1
200a3e4c:	40f6f7b3          	andn	a5,a3,a5
200a3e50:	d35c                	sw	a5,36(a4)
200a3e52:	535c                	lw	a5,36(a4)
200a3e54:	00b615b3          	sll	a1,a2,a1
200a3e58:	8ddd                	or	a1,a1,a5
200a3e5a:	d34c                	sw	a1,36(a4)
200a3e5c:	8082                	ret
200a3e5e:	40012737          	lui	a4,0x40012
200a3e62:	80070713          	addi	a4,a4,-2048 # 40011800 <__freertos_irq_stack_topV5+0x1ff11800>
200a3e66:	02e51263          	bne	a0,a4,200a3e8a <GPIO_PinAFConfig+0x150>
200a3e6a:	400106b7          	lui	a3,0x40010
200a3e6e:	568c                	lw	a1,40(a3)
200a3e70:	078a                	slli	a5,a5,0x2
200a3e72:	473d                	li	a4,15
200a3e74:	00f71733          	sll	a4,a4,a5
200a3e78:	40e5f733          	andn	a4,a1,a4
200a3e7c:	d698                	sw	a4,40(a3)
200a3e7e:	5698                	lw	a4,40(a3)
200a3e80:	00f617b3          	sll	a5,a2,a5
200a3e84:	8fd9                	or	a5,a5,a4
200a3e86:	d69c                	sw	a5,40(a3)
200a3e88:	8082                	ret
200a3e8a:	40012737          	lui	a4,0x40012
200a3e8e:	c0070713          	addi	a4,a4,-1024 # 40011c00 <__freertos_irq_stack_topV5+0x1ff11c00>
200a3e92:	08e51763          	bne	a0,a4,200a3f20 <GPIO_PinAFConfig+0x1e6>
200a3e96:	078a                	slli	a5,a5,0x2
200a3e98:	473d                	li	a4,15
200a3e9a:	00f71733          	sll	a4,a4,a5
200a3e9e:	00f61633          	sll	a2,a2,a5
200a3ea2:	479d                	li	a5,7
200a3ea4:	fff74713          	not	a4,a4
200a3ea8:	00b7fb63          	bgeu	a5,a1,200a3ebe <GPIO_PinAFConfig+0x184>
200a3eac:	400107b7          	lui	a5,0x40010
200a3eb0:	5b94                	lw	a3,48(a5)
200a3eb2:	8f75                	and	a4,a4,a3
200a3eb4:	db98                	sw	a4,48(a5)
200a3eb6:	5b98                	lw	a4,48(a5)
200a3eb8:	8f51                	or	a4,a4,a2
200a3eba:	db98                	sw	a4,48(a5)
200a3ebc:	8082                	ret
200a3ebe:	400107b7          	lui	a5,0x40010
200a3ec2:	57d4                	lw	a3,44(a5)
200a3ec4:	8f75                	and	a4,a4,a3
200a3ec6:	d7d8                	sw	a4,44(a5)
200a3ec8:	57d8                	lw	a4,44(a5)
200a3eca:	8f51                	or	a4,a4,a2
200a3ecc:	d7d8                	sw	a4,44(a5)
200a3ece:	8082                	ret
200a3ed0:	40070713          	addi	a4,a4,1024
200a3ed4:	f8e515e3          	bne	a0,a4,200a3e5e <GPIO_PinAFConfig+0x124>
200a3ed8:	400106b7          	lui	a3,0x40010
200a3edc:	528c                	lw	a1,32(a3)
200a3ede:	078a                	slli	a5,a5,0x2
200a3ee0:	473d                	li	a4,15
200a3ee2:	00f71733          	sll	a4,a4,a5
200a3ee6:	40e5f733          	andn	a4,a1,a4
200a3eea:	d298                	sw	a4,32(a3)
200a3eec:	5298                	lw	a4,32(a3)
200a3eee:	00f617b3          	sll	a5,a2,a5
200a3ef2:	8fd9                	or	a5,a5,a4
200a3ef4:	d29c                	sw	a5,32(a3)
200a3ef6:	8082                	ret
200a3ef8:	40070713          	addi	a4,a4,1024
200a3efc:	f2e51ae3          	bne	a0,a4,200a3e30 <GPIO_PinAFConfig+0xf6>
200a3f00:	40010737          	lui	a4,0x40010
200a3f04:	4f54                	lw	a3,28(a4)
200a3f06:	058a                	slli	a1,a1,0x2
200a3f08:	47bd                	li	a5,15
200a3f0a:	00b797b3          	sll	a5,a5,a1
200a3f0e:	40f6f7b3          	andn	a5,a3,a5
200a3f12:	cf5c                	sw	a5,28(a4)
200a3f14:	4f5c                	lw	a5,28(a4)
200a3f16:	00b615b3          	sll	a1,a2,a1
200a3f1a:	8ddd                	or	a1,a1,a5
200a3f1c:	cf4c                	sw	a1,28(a4)
200a3f1e:	8082                	ret
200a3f20:	8082                	ret

200a3f22 <RCC_ADCHCLKCLKAsSourceConfig>:
200a3f22:	400216b7          	lui	a3,0x40021
200a3f26:	42dc                	lw	a5,4(a3)
200a3f28:	7741                	lui	a4,0xffff0
200a3f2a:	7ff70713          	addi	a4,a4,2047 # ffff07ff <__freertos_irq_stack_topV5+0xdfef07ff>
200a3f2e:	05ba                	slli	a1,a1,0xe
200a3f30:	8ff9                	and	a5,a5,a4
200a3f32:	8ddd                	or	a1,a1,a5
200a3f34:	052e                	slli	a0,a0,0xb
200a3f36:	8d4d                	or	a0,a0,a1
200a3f38:	c2c8                	sw	a0,4(a3)
200a3f3a:	8082                	ret

200a3f3c <RCC_GetClocksFreq>:
200a3f3c:	400217b7          	lui	a5,0x40021
200a3f40:	43d4                	lw	a3,4(a5)
200a3f42:	4798                	lw	a4,8(a5)
200a3f44:	4621                	li	a2,8
200a3f46:	8ab1                	andi	a3,a3,12
200a3f48:	02c69463          	bne	a3,a2,200a3f70 <RCC_GetClocksFreq+0x34>
200a3f4c:	700006b7          	lui	a3,0x70000
200a3f50:	8f75                	and	a4,a4,a3
200a3f52:	50000637          	lui	a2,0x50000
200a3f56:	14c70e63          	beq	a4,a2,200a40b2 <RCC_GetClocksFreq+0x176>
200a3f5a:	02e66063          	bltu	a2,a4,200a3f7a <RCC_GetClocksFreq+0x3e>
200a3f5e:	c71d                	beqz	a4,200a3f8c <RCC_GetClocksFreq+0x50>
200a3f60:	1c9c47b7          	lui	a5,0x1c9c4
200a3f64:	400006b7          	lui	a3,0x40000
200a3f68:	80078793          	addi	a5,a5,-2048 # 1c9c3800 <_data_lma+0x1c9b893c>
200a3f6c:	06d70763          	beq	a4,a3,200a3fda <RCC_GetClocksFreq+0x9e>
200a3f70:	017d87b7          	lui	a5,0x17d8
200a3f74:	84078793          	addi	a5,a5,-1984 # 17d7840 <_data_lma+0x17cc97c>
200a3f78:	a08d                	j	200a3fda <RCC_GetClocksFreq+0x9e>
200a3f7a:	60000637          	lui	a2,0x60000
200a3f7e:	10c70b63          	beq	a4,a2,200a4094 <RCC_GetClocksFreq+0x158>
200a3f82:	077367b7          	lui	a5,0x7736
200a3f86:	94078793          	addi	a5,a5,-1728 # 7735940 <_data_lma+0x772aa7c>
200a3f8a:	b7cd                	j	200a3f6c <RCC_GetClocksFreq+0x30>
200a3f8c:	4790                	lw	a2,8(a5)
200a3f8e:	4794                	lw	a3,8(a5)
200a3f90:	4798                	lw	a4,8(a5)
200a3f92:	0a000593          	li	a1,160
200a3f96:	0e06f693          	andi	a3,a3,224
200a3f9a:	8321                	srli	a4,a4,0x8
200a3f9c:	03f77713          	andi	a4,a4,63
200a3fa0:	8a7d                	andi	a2,a2,31
200a3fa2:	0705                	addi	a4,a4,1
200a3fa4:	08b69d63          	bne	a3,a1,200a403e <RCC_GetClocksFreq+0x102>
200a3fa8:	1dcd67b7          	lui	a5,0x1dcd6
200a3fac:	50078793          	addi	a5,a5,1280 # 1dcd6500 <_data_lma+0x1dccb63c>
200a3fb0:	02e7d733          	divu	a4,a5,a4
200a3fb4:	200c07b7          	lui	a5,0x200c0
200a3fb8:	36078793          	addi	a5,a5,864 # 200c0360 <PLLMULTable>
200a3fbc:	97b2                	add	a5,a5,a2
200a3fbe:	239c                	lbu	a5,0(a5)
200a3fc0:	4691                	li	a3,4
200a3fc2:	02e787b3          	mul	a5,a5,a4
200a3fc6:	00d60963          	beq	a2,a3,200a3fd8 <RCC_GetClocksFreq+0x9c>
200a3fca:	6685                	lui	a3,0x1
200a3fcc:	54068693          	addi	a3,a3,1344 # 1540 <__stack_size+0x540>
200a3fd0:	00c6d6b3          	srl	a3,a3,a2
200a3fd4:	8a85                	andi	a3,a3,1
200a3fd6:	c291                	beqz	a3,200a3fda <RCC_GetClocksFreq+0x9e>
200a3fd8:	8385                	srli	a5,a5,0x1
200a3fda:	c11c                	sw	a5,0(a0)
200a3fdc:	40021637          	lui	a2,0x40021
200a3fe0:	4254                	lw	a3,4(a2)
200a3fe2:	200c0737          	lui	a4,0x200c0
200a3fe6:	35070713          	addi	a4,a4,848 # 200c0350 <HBPrescTable>
200a3fea:	8291                	srli	a3,a3,0x4
200a3fec:	8abd                	andi	a3,a3,15
200a3fee:	9736                	add	a4,a4,a3
200a3ff0:	2318                	lbu	a4,0(a4)
200a3ff2:	81418693          	addi	a3,gp,-2028 # 200c03f4 <FPRETable>
200a3ff6:	00e7d7b3          	srl	a5,a5,a4
200a3ffa:	4258                	lw	a4,4(a2)
200a3ffc:	6641                	lui	a2,0x10
200a3ffe:	8341                	srli	a4,a4,0x10
200a4000:	8b0d                	andi	a4,a4,3
200a4002:	9736                	add	a4,a4,a3
200a4004:	2318                	lbu	a4,0(a4)
200a4006:	e000f6b7          	lui	a3,0xe000f
200a400a:	00e7d733          	srl	a4,a5,a4
200a400e:	c158                	sw	a4,4(a0)
200a4010:	d106a683          	lw	a3,-752(a3) # e000ed10 <__freertos_irq_stack_topV5+0xbff0ed10>
200a4014:	8ef1                	and	a3,a3,a2
200a4016:	e291                	bnez	a3,200a401a <RCC_GetClocksFreq+0xde>
200a4018:	87ba                	mv	a5,a4
200a401a:	c51c                	sw	a5,8(a0)
200a401c:	40021637          	lui	a2,0x40021
200a4020:	425c                	lw	a5,4(a2)
200a4022:	0807dd63          	bgez	a5,200a40bc <RCC_GetClocksFreq+0x180>
200a4026:	425c                	lw	a5,4(a2)
200a4028:	1c9c4737          	lui	a4,0x1c9c4
200a402c:	80070713          	addi	a4,a4,-2048 # 1c9c3800 <_data_lma+0x1c9b893c>
200a4030:	83ad                	srli	a5,a5,0xb
200a4032:	8bfd                	andi	a5,a5,31
200a4034:	0795                	addi	a5,a5,5
200a4036:	02f75733          	divu	a4,a4,a5
200a403a:	c558                	sw	a4,12(a0)
200a403c:	8082                	ret
200a403e:	0e000593          	li	a1,224
200a4042:	02b69263          	bne	a3,a1,200a4066 <RCC_GetClocksFreq+0x12a>
200a4046:	5bd4                	lw	a3,52(a5)
200a4048:	200c07b7          	lui	a5,0x200c0
200a404c:	34078793          	addi	a5,a5,832 # 200c0340 <SERDESPLLMULTable>
200a4050:	82c1                	srli	a3,a3,0x10
200a4052:	97b6                	add	a5,a5,a3
200a4054:	239c                	lbu	a5,0(a5)
200a4056:	017d86b7          	lui	a3,0x17d8
200a405a:	84068693          	addi	a3,a3,-1984 # 17d7840 <_data_lma+0x17cc97c>
200a405e:	02d787b3          	mul	a5,a5,a3
200a4062:	8385                	srli	a5,a5,0x1
200a4064:	b7b1                	j	200a3fb0 <RCC_GetClocksFreq+0x74>
200a4066:	08000793          	li	a5,128
200a406a:	00f69763          	bne	a3,a5,200a4078 <RCC_GetClocksFreq+0x13c>
200a406e:	1c9c47b7          	lui	a5,0x1c9c4
200a4072:	80078793          	addi	a5,a5,-2048 # 1c9c3800 <_data_lma+0x1c9b893c>
200a4076:	bf2d                	j	200a3fb0 <RCC_GetClocksFreq+0x74>
200a4078:	0c000793          	li	a5,192
200a407c:	00f69763          	bne	a3,a5,200a408a <RCC_GetClocksFreq+0x14e>
200a4080:	077367b7          	lui	a5,0x7736
200a4084:	94078793          	addi	a5,a5,-1728 # 7735940 <_data_lma+0x772aa7c>
200a4088:	b725                	j	200a3fb0 <RCC_GetClocksFreq+0x74>
200a408a:	017d87b7          	lui	a5,0x17d8
200a408e:	84078793          	addi	a5,a5,-1984 # 17d7840 <_data_lma+0x17cc97c>
200a4092:	bf39                	j	200a3fb0 <RCC_GetClocksFreq+0x74>
200a4094:	5bd8                	lw	a4,52(a5)
200a4096:	200c07b7          	lui	a5,0x200c0
200a409a:	34078793          	addi	a5,a5,832 # 200c0340 <SERDESPLLMULTable>
200a409e:	8341                	srli	a4,a4,0x10
200a40a0:	97ba                	add	a5,a5,a4
200a40a2:	239c                	lbu	a5,0(a5)
200a40a4:	017d8737          	lui	a4,0x17d8
200a40a8:	84070713          	addi	a4,a4,-1984 # 17d7840 <_data_lma+0x17cc97c>
200a40ac:	02e787b3          	mul	a5,a5,a4
200a40b0:	b725                	j	200a3fd8 <RCC_GetClocksFreq+0x9c>
200a40b2:	1dcd67b7          	lui	a5,0x1dcd6
200a40b6:	50078793          	addi	a5,a5,1280 # 1dcd6500 <_data_lma+0x1dccb63c>
200a40ba:	b705                	j	200a3fda <RCC_GetClocksFreq+0x9e>
200a40bc:	4254                	lw	a3,4(a2)
200a40be:	200c07b7          	lui	a5,0x200c0
200a40c2:	3ec78793          	addi	a5,a5,1004 # 200c03ec <PPRE2Table>
200a40c6:	82ad                	srli	a3,a3,0xb
200a40c8:	8a9d                	andi	a3,a3,7
200a40ca:	97b6                	add	a5,a5,a3
200a40cc:	238c                	lbu	a1,0(a5)
200a40ce:	425c                	lw	a5,4(a2)
200a40d0:	200c06b7          	lui	a3,0x200c0
200a40d4:	3e868693          	addi	a3,a3,1000 # 200c03e8 <ADCPRETable>
200a40d8:	83b9                	srli	a5,a5,0xe
200a40da:	8b8d                	andi	a5,a5,3
200a40dc:	97b6                	add	a5,a5,a3
200a40de:	239c                	lbu	a5,0(a5)
200a40e0:	00b75733          	srl	a4,a4,a1
200a40e4:	bf89                	j	200a4036 <RCC_GetClocksFreq+0xfa>

200a40e6 <RCC_HB2PeriphClockCmd>:
200a40e6:	c599                	beqz	a1,200a40f4 <RCC_HB2PeriphClockCmd+0xe>
200a40e8:	40021737          	lui	a4,0x40021
200a40ec:	4f5c                	lw	a5,28(a4)
200a40ee:	8fc9                	or	a5,a5,a0
200a40f0:	cf5c                	sw	a5,28(a4)
200a40f2:	8082                	ret
200a40f4:	400217b7          	lui	a5,0x40021
200a40f8:	4fd8                	lw	a4,28(a5)
200a40fa:	40a77533          	andn	a0,a4,a0
200a40fe:	cfc8                	sw	a0,28(a5)
200a4100:	8082                	ret

200a4102 <RCC_HB1PeriphClockCmd>:
200a4102:	c599                	beqz	a1,200a4110 <RCC_HB1PeriphClockCmd+0xe>
200a4104:	40021737          	lui	a4,0x40021
200a4108:	531c                	lw	a5,32(a4)
200a410a:	8fc9                	or	a5,a5,a0
200a410c:	d31c                	sw	a5,32(a4)
200a410e:	8082                	ret
200a4110:	400217b7          	lui	a5,0x40021
200a4114:	5398                	lw	a4,32(a5)
200a4116:	40a77533          	andn	a0,a4,a0
200a411a:	d388                	sw	a0,32(a5)
200a411c:	8082                	ret

200a411e <RCC_HB2PeriphResetCmd>:
200a411e:	c599                	beqz	a1,200a412c <RCC_HB2PeriphResetCmd+0xe>
200a4120:	40021737          	lui	a4,0x40021
200a4124:	4b1c                	lw	a5,16(a4)
200a4126:	8fc9                	or	a5,a5,a0
200a4128:	cb1c                	sw	a5,16(a4)
200a412a:	8082                	ret
200a412c:	400217b7          	lui	a5,0x40021
200a4130:	4b98                	lw	a4,16(a5)
200a4132:	40a77533          	andn	a0,a4,a0
200a4136:	cb88                	sw	a0,16(a5)
200a4138:	8082                	ret

200a413a <RCC_ADCCLKConfig>:
200a413a:	400217b7          	lui	a5,0x40021
200a413e:	43d8                	lw	a4,4(a5)
200a4140:	057e                	slli	a0,a0,0x1f
200a4142:	49f71713          	bclri	a4,a4,0x1f
200a4146:	c3d8                	sw	a4,4(a5)
200a4148:	43d8                	lw	a4,4(a5)
200a414a:	8d59                	or	a0,a0,a4
200a414c:	c3c8                	sw	a0,4(a5)
200a414e:	8082                	ret

200a4150 <TIM_TimeBaseInit>:
200a4150:	400137b7          	lui	a5,0x40013
200a4154:	c0078613          	addi	a2,a5,-1024 # 40012c00 <__freertos_irq_stack_topV5+0x1ff12c00>
200a4158:	21d6                	lhu	a3,4(a1)
200a415a:	219a                	lhu	a4,0(a1)
200a415c:	02c50d63          	beq	a0,a2,200a4196 <TIM_TimeBaseInit+0x46>
200a4160:	40078793          	addi	a5,a5,1024
200a4164:	02f50963          	beq	a0,a5,200a4196 <TIM_TimeBaseInit+0x46>
200a4168:	400007b7          	lui	a5,0x40000
200a416c:	02f50563          	beq	a0,a5,200a4196 <TIM_TimeBaseInit+0x46>
200a4170:	40078793          	addi	a5,a5,1024 # 40000400 <__freertos_irq_stack_topV5+0x1ff00400>
200a4174:	02f50163          	beq	a0,a5,200a4196 <TIM_TimeBaseInit+0x46>
200a4178:	400017b7          	lui	a5,0x40001
200a417c:	80078613          	addi	a2,a5,-2048 # 40000800 <__freertos_irq_stack_topV5+0x1ff00800>
200a4180:	00c50b63          	beq	a0,a2,200a4196 <TIM_TimeBaseInit+0x46>
200a4184:	c0078793          	addi	a5,a5,-1024
200a4188:	00f50763          	beq	a0,a5,200a4196 <TIM_TimeBaseInit+0x46>
200a418c:	b556                	sh	a3,44(a0)
200a418e:	b51a                	sh	a4,40(a0)
200a4190:	4785                	li	a5,1
200a4192:	a95e                	sh	a5,20(a0)
200a4194:	8082                	ret
200a4196:	211e                	lhu	a5,0(a0)
200a4198:	21b2                	lhu	a2,2(a1)
200a419a:	0807c7b3          	zext.h	a5,a5
200a419e:	f8f7f793          	andi	a5,a5,-113
200a41a2:	8fd1                	or	a5,a5,a2
200a41a4:	21f2                	lhu	a2,6(a1)
200a41a6:	cff7f793          	andi	a5,a5,-769
200a41aa:	8fd1                	or	a5,a5,a2
200a41ac:	a11e                	sh	a5,0(a0)
200a41ae:	b556                	sh	a3,44(a0)
200a41b0:	400137b7          	lui	a5,0x40013
200a41b4:	b51a                	sh	a4,40(a0)
200a41b6:	c0078713          	addi	a4,a5,-1024 # 40012c00 <__freertos_irq_stack_topV5+0x1ff12c00>
200a41ba:	00e50663          	beq	a0,a4,200a41c6 <TIM_TimeBaseInit+0x76>
200a41be:	40078793          	addi	a5,a5,1024
200a41c2:	fcf517e3          	bne	a0,a5,200a4190 <TIM_TimeBaseInit+0x40>
200a41c6:	259c                	lbu	a5,8(a1)
200a41c8:	b91e                	sh	a5,48(a0)
200a41ca:	b7d9                	j	200a4190 <TIM_TimeBaseInit+0x40>

200a41cc <TIM_OC1Init>:
200a41cc:	311e                	lhu	a5,32(a0)
200a41ce:	2192                	lhu	a2,0(a1)
200a41d0:	0025d803          	lhu	a6,2(a1)
200a41d4:	0807c7b3          	zext.h	a5,a5
200a41d8:	9bf9                	andi	a5,a5,-2
200a41da:	0807c7b3          	zext.h	a5,a5
200a41de:	b11e                	sh	a5,32(a0)
200a41e0:	311e                	lhu	a5,32(a0)
200a41e2:	2156                	lhu	a3,4(a0)
200a41e4:	2d1a                	lhu	a4,24(a0)
200a41e6:	0807c7b3          	zext.h	a5,a5
200a41ea:	9bf5                	andi	a5,a5,-3
200a41ec:	08074733          	zext.h	a4,a4
200a41f0:	f8c77713          	andi	a4,a4,-116
200a41f4:	8f51                	or	a4,a4,a2
200a41f6:	2592                	lhu	a2,8(a1)
200a41f8:	0806c6b3          	zext.h	a3,a3
200a41fc:	01066633          	or	a2,a2,a6
200a4200:	8fd1                	or	a5,a5,a2
200a4202:	40013637          	lui	a2,0x40013
200a4206:	c0060813          	addi	a6,a2,-1024 # 40012c00 <__freertos_irq_stack_topV5+0x1ff12c00>
200a420a:	01050663          	beq	a0,a6,200a4216 <TIM_OC1Init+0x4a>
200a420e:	40060613          	addi	a2,a2,1024
200a4212:	02c51063          	bne	a0,a2,200a4232 <TIM_OC1Init+0x66>
200a4216:	25b2                	lhu	a2,10(a1)
200a4218:	9bdd                	andi	a5,a5,-9
200a421a:	00e5d803          	lhu	a6,14(a1)
200a421e:	8fd1                	or	a5,a5,a2
200a4220:	21d2                	lhu	a2,4(a1)
200a4222:	9bed                	andi	a5,a5,-5
200a4224:	cff6f693          	andi	a3,a3,-769
200a4228:	8fd1                	or	a5,a5,a2
200a422a:	25d2                	lhu	a2,12(a1)
200a422c:	01066633          	or	a2,a2,a6
200a4230:	8ed1                	or	a3,a3,a2
200a4232:	a156                	sh	a3,4(a0)
200a4234:	ad1a                	sh	a4,24(a0)
200a4236:	21fa                	lhu	a4,6(a1)
200a4238:	b95a                	sh	a4,52(a0)
200a423a:	b11e                	sh	a5,32(a0)
200a423c:	8082                	ret

200a423e <TIM_OC2Init>:
200a423e:	311e                	lhu	a5,32(a0)
200a4240:	76e5                	lui	a3,0xffff9
200a4242:	cff68693          	addi	a3,a3,-769 # ffff8cff <__freertos_irq_stack_topV5+0xdfef8cff>
200a4246:	0807c7b3          	zext.h	a5,a5
200a424a:	9bbd                	andi	a5,a5,-17
200a424c:	0807c7b3          	zext.h	a5,a5
200a4250:	b11e                	sh	a5,32(a0)
200a4252:	311e                	lhu	a5,32(a0)
200a4254:	2152                	lhu	a2,4(a0)
200a4256:	2d1a                	lhu	a4,24(a0)
200a4258:	0085d803          	lhu	a6,8(a1)
200a425c:	0807c7b3          	zext.h	a5,a5
200a4260:	8f75                	and	a4,a4,a3
200a4262:	2196                	lhu	a3,0(a1)
200a4264:	fdf7f793          	andi	a5,a5,-33
200a4268:	08064633          	zext.h	a2,a2
200a426c:	06a2                	slli	a3,a3,0x8
200a426e:	8f55                	or	a4,a4,a3
200a4270:	21b6                	lhu	a3,2(a1)
200a4272:	08074733          	zext.h	a4,a4
200a4276:	0106e6b3          	or	a3,a3,a6
200a427a:	0692                	slli	a3,a3,0x4
200a427c:	8fd5                	or	a5,a5,a3
200a427e:	400136b7          	lui	a3,0x40013
200a4282:	c0068813          	addi	a6,a3,-1024 # 40012c00 <__freertos_irq_stack_topV5+0x1ff12c00>
200a4286:	0807c7b3          	zext.h	a5,a5
200a428a:	01050663          	beq	a0,a6,200a4296 <TIM_OC2Init+0x58>
200a428e:	40068693          	addi	a3,a3,1024
200a4292:	02d51d63          	bne	a0,a3,200a42cc <TIM_OC2Init+0x8e>
200a4296:	25b6                	lhu	a3,10(a1)
200a4298:	f7f7f793          	andi	a5,a5,-129
200a429c:	00c5d803          	lhu	a6,12(a1)
200a42a0:	0692                	slli	a3,a3,0x4
200a42a2:	8fd5                	or	a5,a5,a3
200a42a4:	21d6                	lhu	a3,4(a1)
200a42a6:	0807c7b3          	zext.h	a5,a5
200a42aa:	fbf7f793          	andi	a5,a5,-65
200a42ae:	0692                	slli	a3,a3,0x4
200a42b0:	8fd5                	or	a5,a5,a3
200a42b2:	76fd                	lui	a3,0xfffff
200a42b4:	3ff68693          	addi	a3,a3,1023 # fffff3ff <__freertos_irq_stack_topV5+0xdfeff3ff>
200a42b8:	8ef1                	and	a3,a3,a2
200a42ba:	25f2                	lhu	a2,14(a1)
200a42bc:	0807c7b3          	zext.h	a5,a5
200a42c0:	01066633          	or	a2,a2,a6
200a42c4:	060a                	slli	a2,a2,0x2
200a42c6:	8ed1                	or	a3,a3,a2
200a42c8:	0806c633          	zext.h	a2,a3
200a42cc:	a152                	sh	a2,4(a0)
200a42ce:	ad1a                	sh	a4,24(a0)
200a42d0:	21fa                	lhu	a4,6(a1)
200a42d2:	bd1a                	sh	a4,56(a0)
200a42d4:	b11e                	sh	a5,32(a0)
200a42d6:	8082                	ret

200a42d8 <TIM_OC3Init>:
200a42d8:	311e                	lhu	a5,32(a0)
200a42da:	2196                	lhu	a3,0(a1)
200a42dc:	0085d803          	lhu	a6,8(a1)
200a42e0:	0807c7b3          	zext.h	a5,a5
200a42e4:	eff7f793          	andi	a5,a5,-257
200a42e8:	0807c7b3          	zext.h	a5,a5
200a42ec:	b11e                	sh	a5,32(a0)
200a42ee:	311e                	lhu	a5,32(a0)
200a42f0:	2152                	lhu	a2,4(a0)
200a42f2:	2d5a                	lhu	a4,28(a0)
200a42f4:	0807c7b3          	zext.h	a5,a5
200a42f8:	dff7f793          	andi	a5,a5,-513
200a42fc:	08074733          	zext.h	a4,a4
200a4300:	f8c77713          	andi	a4,a4,-116
200a4304:	8f55                	or	a4,a4,a3
200a4306:	21b6                	lhu	a3,2(a1)
200a4308:	08064633          	zext.h	a2,a2
200a430c:	0106e6b3          	or	a3,a3,a6
200a4310:	06a2                	slli	a3,a3,0x8
200a4312:	8fd5                	or	a5,a5,a3
200a4314:	400136b7          	lui	a3,0x40013
200a4318:	c0068813          	addi	a6,a3,-1024 # 40012c00 <__freertos_irq_stack_topV5+0x1ff12c00>
200a431c:	0807c7b3          	zext.h	a5,a5
200a4320:	01050663          	beq	a0,a6,200a432c <TIM_OC3Init+0x54>
200a4324:	40068693          	addi	a3,a3,1024
200a4328:	02d51e63          	bne	a0,a3,200a4364 <TIM_OC3Init+0x8c>
200a432c:	76fd                	lui	a3,0xfffff
200a432e:	7ff68693          	addi	a3,a3,2047 # fffff7ff <__freertos_irq_stack_topV5+0xdfeff7ff>
200a4332:	8ff5                	and	a5,a5,a3
200a4334:	25b6                	lhu	a3,10(a1)
200a4336:	00c5d803          	lhu	a6,12(a1)
200a433a:	06a2                	slli	a3,a3,0x8
200a433c:	8fd5                	or	a5,a5,a3
200a433e:	21d6                	lhu	a3,4(a1)
200a4340:	0807c7b3          	zext.h	a5,a5
200a4344:	bff7f793          	andi	a5,a5,-1025
200a4348:	06a2                	slli	a3,a3,0x8
200a434a:	8fd5                	or	a5,a5,a3
200a434c:	76f5                	lui	a3,0xffffd
200a434e:	16fd                	addi	a3,a3,-1 # ffffcfff <__freertos_irq_stack_topV5+0xdfefcfff>
200a4350:	8ef1                	and	a3,a3,a2
200a4352:	25f2                	lhu	a2,14(a1)
200a4354:	0807c7b3          	zext.h	a5,a5
200a4358:	01066633          	or	a2,a2,a6
200a435c:	0612                	slli	a2,a2,0x4
200a435e:	8ed1                	or	a3,a3,a2
200a4360:	0806c633          	zext.h	a2,a3
200a4364:	a152                	sh	a2,4(a0)
200a4366:	ad5a                	sh	a4,28(a0)
200a4368:	21fa                	lhu	a4,6(a1)
200a436a:	bd5a                	sh	a4,60(a0)
200a436c:	b11e                	sh	a5,32(a0)
200a436e:	8082                	ret

200a4370 <TIM_OC4Init>:
200a4370:	311e                	lhu	a5,32(a0)
200a4372:	777d                	lui	a4,0xfffff
200a4374:	177d                	addi	a4,a4,-1 # ffffefff <__freertos_irq_stack_topV5+0xdfefefff>
200a4376:	8ff9                	and	a5,a5,a4
200a4378:	b11e                	sh	a5,32(a0)
200a437a:	311a                	lhu	a4,32(a0)
200a437c:	215e                	lhu	a5,4(a0)
200a437e:	2d56                	lhu	a3,28(a0)
200a4380:	7665                	lui	a2,0xffff9
200a4382:	cff60613          	addi	a2,a2,-769 # ffff8cff <__freertos_irq_stack_topV5+0xdfef8cff>
200a4386:	8ef1                	and	a3,a3,a2
200a4388:	2192                	lhu	a2,0(a1)
200a438a:	0085d803          	lhu	a6,8(a1)
200a438e:	0807c7b3          	zext.h	a5,a5
200a4392:	0622                	slli	a2,a2,0x8
200a4394:	8ed1                	or	a3,a3,a2
200a4396:	7679                	lui	a2,0xffffe
200a4398:	167d                	addi	a2,a2,-1 # ffffdfff <__freertos_irq_stack_topV5+0xdfefdfff>
200a439a:	8f71                	and	a4,a4,a2
200a439c:	21b2                	lhu	a2,2(a1)
200a439e:	0806c6b3          	zext.h	a3,a3
200a43a2:	01066633          	or	a2,a2,a6
200a43a6:	0632                	slli	a2,a2,0xc
200a43a8:	8f51                	or	a4,a4,a2
200a43aa:	40013637          	lui	a2,0x40013
200a43ae:	c0060813          	addi	a6,a2,-1024 # 40012c00 <__freertos_irq_stack_topV5+0x1ff12c00>
200a43b2:	08074733          	zext.h	a4,a4
200a43b6:	01050663          	beq	a0,a6,200a43c2 <TIM_OC4Init+0x52>
200a43ba:	40060613          	addi	a2,a2,1024
200a43be:	00c51a63          	bne	a0,a2,200a43d2 <TIM_OC4Init+0x62>
200a43c2:	7671                	lui	a2,0xffffc
200a43c4:	167d                	addi	a2,a2,-1 # ffffbfff <__freertos_irq_stack_topV5+0xdfefbfff>
200a43c6:	8ff1                	and	a5,a5,a2
200a43c8:	25d2                	lhu	a2,12(a1)
200a43ca:	061a                	slli	a2,a2,0x6
200a43cc:	8fd1                	or	a5,a5,a2
200a43ce:	0807c7b3          	zext.h	a5,a5
200a43d2:	a15e                	sh	a5,4(a0)
200a43d4:	21fe                	lhu	a5,6(a1)
200a43d6:	ad56                	sh	a3,28(a0)
200a43d8:	04f51023          	sh	a5,64(a0)
200a43dc:	b11a                	sh	a4,32(a0)
200a43de:	8082                	ret

200a43e0 <TIM_Cmd>:
200a43e0:	211e                	lhu	a5,0(a0)
200a43e2:	c589                	beqz	a1,200a43ec <TIM_Cmd+0xc>
200a43e4:	0017e793          	ori	a5,a5,1
200a43e8:	a11e                	sh	a5,0(a0)
200a43ea:	8082                	ret
200a43ec:	0807c7b3          	zext.h	a5,a5
200a43f0:	9bf9                	andi	a5,a5,-2
200a43f2:	0807c7b3          	zext.h	a5,a5
200a43f6:	bfcd                	j	200a43e8 <TIM_Cmd+0x8>

200a43f8 <TIM_CtrlPWMOutputs>:
200a43f8:	04455783          	lhu	a5,68(a0)
200a43fc:	c591                	beqz	a1,200a4408 <TIM_CtrlPWMOutputs+0x10>
200a43fe:	28f79793          	bseti	a5,a5,0xf
200a4402:	04f51223          	sh	a5,68(a0)
200a4406:	8082                	ret
200a4408:	07c6                	slli	a5,a5,0x11
200a440a:	83c5                	srli	a5,a5,0x11
200a440c:	bfdd                	j	200a4402 <TIM_CtrlPWMOutputs+0xa>

200a440e <TIM_ARRPreloadConfig>:
200a440e:	211e                	lhu	a5,0(a0)
200a4410:	c589                	beqz	a1,200a441a <TIM_ARRPreloadConfig+0xc>
200a4412:	0807e793          	ori	a5,a5,128
200a4416:	a11e                	sh	a5,0(a0)
200a4418:	8082                	ret
200a441a:	0807c7b3          	zext.h	a5,a5
200a441e:	f7f7f793          	andi	a5,a5,-129
200a4422:	0807c7b3          	zext.h	a5,a5
200a4426:	bfc5                	j	200a4416 <TIM_ARRPreloadConfig+0x8>

200a4428 <TIM_OC1PreloadConfig>:
200a4428:	2d1e                	lhu	a5,24(a0)
200a442a:	0807c7b3          	zext.h	a5,a5
200a442e:	9bdd                	andi	a5,a5,-9
200a4430:	8fcd                	or	a5,a5,a1
200a4432:	ad1e                	sh	a5,24(a0)
200a4434:	8082                	ret

200a4436 <TIM_OC2PreloadConfig>:
200a4436:	2d1e                	lhu	a5,24(a0)
200a4438:	777d                	lui	a4,0xfffff
200a443a:	7ff70713          	addi	a4,a4,2047 # fffff7ff <__freertos_irq_stack_topV5+0xdfeff7ff>
200a443e:	8ff9                	and	a5,a5,a4
200a4440:	05a2                	slli	a1,a1,0x8
200a4442:	8fcd                	or	a5,a5,a1
200a4444:	0807c7b3          	zext.h	a5,a5
200a4448:	ad1e                	sh	a5,24(a0)
200a444a:	8082                	ret

200a444c <TIM_OC3PreloadConfig>:
200a444c:	2d5e                	lhu	a5,28(a0)
200a444e:	0807c7b3          	zext.h	a5,a5
200a4452:	9bdd                	andi	a5,a5,-9
200a4454:	8fcd                	or	a5,a5,a1
200a4456:	ad5e                	sh	a5,28(a0)
200a4458:	8082                	ret

200a445a <TIM_OC4PreloadConfig>:
200a445a:	2d5e                	lhu	a5,28(a0)
200a445c:	777d                	lui	a4,0xfffff
200a445e:	7ff70713          	addi	a4,a4,2047 # fffff7ff <__freertos_irq_stack_topV5+0xdfeff7ff>
200a4462:	8ff9                	and	a5,a5,a4
200a4464:	05a2                	slli	a1,a1,0x8
200a4466:	8fcd                	or	a5,a5,a1
200a4468:	0807c7b3          	zext.h	a5,a5
200a446c:	ad5e                	sh	a5,28(a0)
200a446e:	8082                	ret

200a4470 <TIM_SetCompare1>:
200a4470:	b94e                	sh	a1,52(a0)
200a4472:	8082                	ret

200a4474 <TIM_SetCompare2>:
200a4474:	bd0e                	sh	a1,56(a0)
200a4476:	8082                	ret

200a4478 <TIM_SetCompare3>:
200a4478:	bd4e                	sh	a1,60(a0)
200a447a:	8082                	ret

200a447c <TIM_SetCompare4>:
200a447c:	04b51023          	sh	a1,64(a0)
200a4480:	8082                	ret

200a4482 <USART_Init>:
200a4482:	994fc2ef          	jal	t0,200a0616 <__riscv_save_0>
200a4486:	259e                	lhu	a5,8(a1)
200a4488:	777d                	lui	a4,0xfffff
200a448a:	66bd                	lui	a3,0xf
200a448c:	8f7d                	and	a4,a4,a5
200a448e:	1141                	addi	sp,sp,-16
200a4490:	842a                	mv	s0,a0
200a4492:	84ae                	mv	s1,a1
200a4494:	00d71b63          	bne	a4,a3,200a44aa <USART_Init+0x28>
200a4498:	2d5a                	lhu	a4,28(a0)
200a449a:	8bb1                	andi	a5,a5,12
200a449c:	08074733          	zext.h	a4,a4
200a44a0:	9b4d                	andi	a4,a4,-13
200a44a2:	8fd9                	or	a5,a5,a4
200a44a4:	ad5e                	sh	a5,28(a0)
200a44a6:	00059423          	sh	zero,8(a1)
200a44aa:	281a                	lhu	a4,16(s0)
200a44ac:	77f5                	lui	a5,0xffffd
200a44ae:	17fd                	addi	a5,a5,-1 # ffffcfff <__freertos_irq_stack_topV5+0xdfefcfff>
200a44b0:	8f7d                	and	a4,a4,a5
200a44b2:	20fe                	lhu	a5,6(s1)
200a44b4:	850a                	mv	a0,sp
200a44b6:	8fd9                	or	a5,a5,a4
200a44b8:	a81e                	sh	a5,16(s0)
200a44ba:	245a                	lhu	a4,12(s0)
200a44bc:	678d                	lui	a5,0x3
200a44be:	9f378793          	addi	a5,a5,-1549 # 29f3 <__stack_size+0x19f3>
200a44c2:	8f7d                	and	a4,a4,a5
200a44c4:	20de                	lhu	a5,4(s1)
200a44c6:	8fd9                	or	a5,a5,a4
200a44c8:	249a                	lhu	a4,8(s1)
200a44ca:	8fd9                	or	a5,a5,a4
200a44cc:	24ba                	lhu	a4,10(s1)
200a44ce:	8fd9                	or	a5,a5,a4
200a44d0:	a45e                	sh	a5,12(s0)
200a44d2:	285e                	lhu	a5,20(s0)
200a44d4:	24da                	lhu	a4,12(s1)
200a44d6:	0807c7b3          	zext.h	a5,a5
200a44da:	cff7f793          	andi	a5,a5,-769
200a44de:	8fd9                	or	a5,a5,a4
200a44e0:	a85e                	sh	a5,20(s0)
200a44e2:	a5bff0ef          	jal	ra,200a3f3c <RCC_GetClocksFreq>
200a44e6:	4792                	lw	a5,4(sp)
200a44e8:	4565                	li	a0,25
200a44ea:	4090                	lw	a2,0(s1)
200a44ec:	02f535b3          	mulhu	a1,a0,a5
200a44f0:	4681                	li	a3,0
200a44f2:	060a                	slli	a2,a2,0x2
200a44f4:	02f50533          	mul	a0,a0,a5
200a44f8:	58b010ef          	jal	ra,200a6282 <__udivdi3>
200a44fc:	06400693          	li	a3,100
200a4500:	02d557b3          	divu	a5,a0,a3
200a4504:	63f00613          	li	a2,1599
200a4508:	00479713          	slli	a4,a5,0x4
200a450c:	02d577b3          	remu	a5,a0,a3
200a4510:	0792                	slli	a5,a5,0x4
200a4512:	03278793          	addi	a5,a5,50
200a4516:	00f67a63          	bgeu	a2,a5,200a452a <USART_Init+0xa8>
200a451a:	01070793          	addi	a5,a4,16 # fffff010 <__freertos_irq_stack_topV5+0xdfeff010>
200a451e:	0807c7b3          	zext.h	a5,a5
200a4522:	a41e                	sh	a5,8(s0)
200a4524:	0141                	addi	sp,sp,16
200a4526:	914fc06f          	j	200a063a <__riscv_restore_0>
200a452a:	02d7d7b3          	divu	a5,a5,a3
200a452e:	8fd9                	or	a5,a5,a4
200a4530:	b7fd                	j	200a451e <USART_Init+0x9c>

200a4532 <USART_Cmd>:
200a4532:	255e                	lhu	a5,12(a0)
200a4534:	c589                	beqz	a1,200a453e <USART_Cmd+0xc>
200a4536:	28d79793          	bseti	a5,a5,0xd
200a453a:	a55e                	sh	a5,12(a0)
200a453c:	8082                	ret
200a453e:	7779                	lui	a4,0xffffe
200a4540:	177d                	addi	a4,a4,-1 # ffffdfff <__freertos_irq_stack_topV5+0xdfefdfff>
200a4542:	8ff9                	and	a5,a5,a4
200a4544:	bfdd                	j	200a453a <USART_Cmd+0x8>

200a4546 <USART_ITConfig>:
200a4546:	0ff5f793          	zext.b	a5,a1
200a454a:	8395                	srli	a5,a5,0x5
200a454c:	4705                	li	a4,1
200a454e:	28b015b3          	bset	a1,zero,a1
200a4552:	00e79863          	bne	a5,a4,200a4562 <USART_ITConfig+0x1c>
200a4556:	0531                	addi	a0,a0,12
200a4558:	411c                	lw	a5,0(a0)
200a455a:	c21d                	beqz	a2,200a4580 <USART_ITConfig+0x3a>
200a455c:	8fcd                	or	a5,a5,a1
200a455e:	c11c                	sw	a5,0(a0)
200a4560:	8082                	ret
200a4562:	4709                	li	a4,2
200a4564:	00e79463          	bne	a5,a4,200a456c <USART_ITConfig+0x26>
200a4568:	0541                	addi	a0,a0,16
200a456a:	b7fd                	j	200a4558 <USART_ITConfig+0x12>
200a456c:	470d                	li	a4,3
200a456e:	00e79463          	bne	a5,a4,200a4576 <USART_ITConfig+0x30>
200a4572:	0551                	addi	a0,a0,20
200a4574:	b7d5                	j	200a4558 <USART_ITConfig+0x12>
200a4576:	4711                	li	a4,4
200a4578:	fee790e3          	bne	a5,a4,200a4558 <USART_ITConfig+0x12>
200a457c:	0571                	addi	a0,a0,28
200a457e:	bfe9                	j	200a4558 <USART_ITConfig+0x12>
200a4580:	40b7f5b3          	andn	a1,a5,a1
200a4584:	c10c                	sw	a1,0(a0)
200a4586:	8082                	ret

200a4588 <USART_SendData>:
200a4588:	1ff5f593          	andi	a1,a1,511
200a458c:	a14e                	sh	a1,4(a0)
200a458e:	8082                	ret

200a4590 <USART_ReceiveData>:
200a4590:	214a                	lhu	a0,4(a0)
200a4592:	1ff57513          	andi	a0,a0,511
200a4596:	8082                	ret

200a4598 <USART_GetFlagStatus>:
200a4598:	210a                	lhu	a0,0(a0)
200a459a:	8d6d                	and	a0,a0,a1
200a459c:	00a03533          	snez	a0,a0
200a45a0:	8082                	ret

200a45a2 <pvPortMalloc>:
200a45a2:	84cfc2ef          	jal	t0,200a05ee <__riscv_save_10>
200a45a6:	fff50713          	addi	a4,a0,-1
200a45aa:	57b9                	li	a5,-18
200a45ac:	00e7f963          	bgeu	a5,a4,200a45be <pvPortMalloc+0x1c>
200a45b0:	06f000ef          	jal	ra,200a4e1e <vTaskSuspendAll>
200a45b4:	9e01a783          	lw	a5,-1568(gp) # 200c05c0 <pxEnd>
200a45b8:	ef99                	bnez	a5,200a45d6 <pvPortMalloc+0x34>
200a45ba:	4481                	li	s1,0
200a45bc:	a091                	j	200a4600 <pvPortMalloc+0x5e>
200a45be:	00f57793          	andi	a5,a0,15
200a45c2:	01050493          	addi	s1,a0,16
200a45c6:	e385                	bnez	a5,200a45e6 <pvPortMalloc+0x44>
200a45c8:	057000ef          	jal	ra,200a4e1e <vTaskSuspendAll>
200a45cc:	9e01a783          	lw	a5,-1568(gp) # 200c05c0 <pxEnd>
200a45d0:	cb85                	beqz	a5,200a4600 <pvPortMalloc+0x5e>
200a45d2:	0604dd63          	bgez	s1,200a464c <pvPortMalloc+0xaa>
200a45d6:	1c1000ef          	jal	ra,200a4f96 <xTaskResumeAll>
200a45da:	ad4ff0ef          	jal	ra,200a38ae <vApplicationMallocFailedHook>
200a45de:	4a81                	li	s5,0
200a45e0:	8556                	mv	a0,s5
200a45e2:	844fc06f          	j	200a0626 <__riscv_restore_10>
200a45e6:	fef78713          	addi	a4,a5,-17
200a45ea:	fc9763e3          	bltu	a4,s1,200a45b0 <pvPortMalloc+0xe>
200a45ee:	02050513          	addi	a0,a0,32
200a45f2:	40f504b3          	sub	s1,a0,a5
200a45f6:	029000ef          	jal	ra,200a4e1e <vTaskSuspendAll>
200a45fa:	9e01a783          	lw	a5,-1568(gp) # 200c05c0 <pxEnd>
200a45fe:	e7a9                	bnez	a5,200a4648 <pvPortMalloc+0xa6>
200a4600:	200c1737          	lui	a4,0x200c1
200a4604:	15070713          	addi	a4,a4,336 # 200c1150 <ucHeap>
200a4608:	00f77693          	andi	a3,a4,15
200a460c:	67e1                	lui	a5,0x18
200a460e:	c699                	beqz	a3,200a461c <pvPortMalloc+0x7a>
200a4610:	00f70693          	addi	a3,a4,15
200a4614:	9ac1                	andi	a3,a3,-16
200a4616:	97ba                	add	a5,a5,a4
200a4618:	8f95                	sub	a5,a5,a3
200a461a:	8736                	mv	a4,a3
200a461c:	97ba                	add	a5,a5,a4
200a461e:	9e418693          	addi	a3,gp,-1564 # 200c05c4 <xStart>
200a4622:	17c1                	addi	a5,a5,-16 # 17ff0 <_data_lma+0xd12c>
200a4624:	9bc1                	andi	a5,a5,-16
200a4626:	0006a223          	sw	zero,4(a3) # f004 <_data_lma+0x4140>
200a462a:	c298                	sw	a4,0(a3)
200a462c:	0007a223          	sw	zero,4(a5)
200a4630:	0007a023          	sw	zero,0(a5)
200a4634:	40e786b3          	sub	a3,a5,a4
200a4638:	9ef1a023          	sw	a5,-1568(gp) # 200c05c0 <pxEnd>
200a463c:	c31c                	sw	a5,0(a4)
200a463e:	9cd1ac23          	sw	a3,-1576(gp) # 200c05b8 <xMinimumEverFreeBytesRemaining>
200a4642:	c354                	sw	a3,4(a4)
200a4644:	9cd1ae23          	sw	a3,-1572(gp) # 200c05bc <xFreeBytesRemaining>
200a4648:	f89057e3          	blez	s1,200a45d6 <pvPortMalloc+0x34>
200a464c:	9dc1a783          	lw	a5,-1572(gp) # 200c05bc <xFreeBytesRemaining>
200a4650:	f897e3e3          	bltu	a5,s1,200a45d6 <pvPortMalloc+0x34>
200a4654:	9e418793          	addi	a5,gp,-1564 # 200c05c4 <xStart>
200a4658:	4380                	lw	s0,0(a5)
200a465a:	200c1a37          	lui	s4,0x200c1
200a465e:	150a0a13          	addi	s4,s4,336 # 200c1150 <ucHeap>
200a4662:	9e418913          	addi	s2,gp,-1564 # 200c05c4 <xStart>
200a4666:	01446863          	bltu	s0,s4,200a4676 <pvPortMalloc+0xd4>
200a466a:	200d97b7          	lui	a5,0x200d9
200a466e:	14f78793          	addi	a5,a5,335 # 200d914f <ucHeap+0x17fff>
200a4672:	0087fa63          	bgeu	a5,s0,200a4686 <pvPortMalloc+0xe4>
200a4676:	200aa537          	lui	a0,0x200aa
200a467a:	0f600593          	li	a1,246
200a467e:	67c50513          	addi	a0,a0,1660 # 200aa67c <CSWTCH.43+0x98>
200a4682:	a98ff0ef          	jal	ra,200a391a <vApplicationAssertFailed>
200a4686:	200d9bb7          	lui	s7,0x200d9
200a468a:	200aac37          	lui	s8,0x200aa
200a468e:	14fb8b93          	addi	s7,s7,335 # 200d914f <ucHeap+0x17fff>
200a4692:	405c                	lw	a5,4(s0)
200a4694:	0097f663          	bgeu	a5,s1,200a46a0 <pvPortMalloc+0xfe>
200a4698:	00042a83          	lw	s5,0(s0)
200a469c:	0c0a9a63          	bnez	s5,200a4770 <pvPortMalloc+0x1ce>
200a46a0:	9e01a783          	lw	a5,-1568(gp) # 200c05c0 <pxEnd>
200a46a4:	f28789e3          	beq	a5,s0,200a45d6 <pvPortMalloc+0x34>
200a46a8:	00092a83          	lw	s5,0(s2)
200a46ac:	0ac1                	addi	s5,s5,16
200a46ae:	014ae863          	bltu	s5,s4,200a46be <pvPortMalloc+0x11c>
200a46b2:	200d97b7          	lui	a5,0x200d9
200a46b6:	14f78793          	addi	a5,a5,335 # 200d914f <ucHeap+0x17fff>
200a46ba:	0157fa63          	bgeu	a5,s5,200a46ce <pvPortMalloc+0x12c>
200a46be:	200aa537          	lui	a0,0x200aa
200a46c2:	10600593          	li	a1,262
200a46c6:	67c50513          	addi	a0,a0,1660 # 200aa67c <CSWTCH.43+0x98>
200a46ca:	a50ff0ef          	jal	ra,200a391a <vApplicationAssertFailed>
200a46ce:	401c                	lw	a5,0(s0)
200a46d0:	00f92023          	sw	a5,0(s2)
200a46d4:	405c                	lw	a5,4(s0)
200a46d6:	0097fa63          	bgeu	a5,s1,200a46ea <pvPortMalloc+0x148>
200a46da:	200aa537          	lui	a0,0x200aa
200a46de:	10e00593          	li	a1,270
200a46e2:	67c50513          	addi	a0,a0,1660 # 200aa67c <CSWTCH.43+0x98>
200a46e6:	a34ff0ef          	jal	ra,200a391a <vApplicationAssertFailed>
200a46ea:	405c                	lw	a5,4(s0)
200a46ec:	02000713          	li	a4,32
200a46f0:	8f85                	sub	a5,a5,s1
200a46f2:	02f77a63          	bgeu	a4,a5,200a4726 <pvPortMalloc+0x184>
200a46f6:	009409b3          	add	s3,s0,s1
200a46fa:	00f9f793          	andi	a5,s3,15
200a46fe:	cb89                	beqz	a5,200a4710 <pvPortMalloc+0x16e>
200a4700:	200aa537          	lui	a0,0x200aa
200a4704:	11700593          	li	a1,279
200a4708:	67c50513          	addi	a0,a0,1660 # 200aa67c <CSWTCH.43+0x98>
200a470c:	a0eff0ef          	jal	ra,200a391a <vApplicationAssertFailed>
200a4710:	405c                	lw	a5,4(s0)
200a4712:	8f85                	sub	a5,a5,s1
200a4714:	00f9a223          	sw	a5,4(s3)
200a4718:	00092783          	lw	a5,0(s2)
200a471c:	c044                	sw	s1,4(s0)
200a471e:	00f9a023          	sw	a5,0(s3)
200a4722:	01392023          	sw	s3,0(s2)
200a4726:	9dc1a783          	lw	a5,-1572(gp) # 200c05bc <xFreeBytesRemaining>
200a472a:	4058                	lw	a4,4(s0)
200a472c:	9d81a603          	lw	a2,-1576(gp) # 200c05b8 <xMinimumEverFreeBytesRemaining>
200a4730:	8f99                	sub	a5,a5,a4
200a4732:	9cf1ae23          	sw	a5,-1572(gp) # 200c05bc <xFreeBytesRemaining>
200a4736:	00c7f463          	bgeu	a5,a2,200a473e <pvPortMalloc+0x19c>
200a473a:	9cf1ac23          	sw	a5,-1576(gp) # 200c05b8 <xMinimumEverFreeBytesRemaining>
200a473e:	29f71713          	bseti	a4,a4,0x1f
200a4742:	c058                	sw	a4,4(s0)
200a4744:	9d41a783          	lw	a5,-1580(gp) # 200c05b4 <xNumberOfSuccessfulAllocations>
200a4748:	00042023          	sw	zero,0(s0)
200a474c:	0785                	addi	a5,a5,1
200a474e:	9cf1aa23          	sw	a5,-1580(gp) # 200c05b4 <xNumberOfSuccessfulAllocations>
200a4752:	045000ef          	jal	ra,200a4f96 <xTaskResumeAll>
200a4756:	00faf793          	andi	a5,s5,15
200a475a:	e80783e3          	beqz	a5,200a45e0 <pvPortMalloc+0x3e>
200a475e:	200aa537          	lui	a0,0x200aa
200a4762:	15d00593          	li	a1,349
200a4766:	67c50513          	addi	a0,a0,1660 # 200aa67c <CSWTCH.43+0x98>
200a476a:	9b0ff0ef          	jal	ra,200a391a <vApplicationAssertFailed>
200a476e:	bd8d                	j	200a45e0 <pvPortMalloc+0x3e>
200a4770:	014ae463          	bltu	s5,s4,200a4778 <pvPortMalloc+0x1d6>
200a4774:	015bf863          	bgeu	s7,s5,200a4784 <pvPortMalloc+0x1e2>
200a4778:	0fc00593          	li	a1,252
200a477c:	67cc0513          	addi	a0,s8,1660 # 200aa67c <CSWTCH.43+0x98>
200a4780:	99aff0ef          	jal	ra,200a391a <vApplicationAssertFailed>
200a4784:	8922                	mv	s2,s0
200a4786:	8456                	mv	s0,s5
200a4788:	b729                	j	200a4692 <pvPortMalloc+0xf0>

200a478a <vPortFree>:
200a478a:	10050f63          	beqz	a0,200a48a8 <vPortFree+0x11e>
200a478e:	e6ffb2ef          	jal	t0,200a05fc <__riscv_save_4>
200a4792:	200c19b7          	lui	s3,0x200c1
200a4796:	ff050913          	addi	s2,a0,-16
200a479a:	15098993          	addi	s3,s3,336 # 200c1150 <ucHeap>
200a479e:	842a                	mv	s0,a0
200a47a0:	01396863          	bltu	s2,s3,200a47b0 <vPortFree+0x26>
200a47a4:	200d97b7          	lui	a5,0x200d9
200a47a8:	14f78793          	addi	a5,a5,335 # 200d914f <ucHeap+0x17fff>
200a47ac:	0127fa63          	bgeu	a5,s2,200a47c0 <vPortFree+0x36>
200a47b0:	200aa537          	lui	a0,0x200aa
200a47b4:	17000593          	li	a1,368
200a47b8:	67c50513          	addi	a0,a0,1660 # 200aa67c <CSWTCH.43+0x98>
200a47bc:	95eff0ef          	jal	ra,200a391a <vApplicationAssertFailed>
200a47c0:	ff442783          	lw	a5,-12(s0)
200a47c4:	0007ca63          	bltz	a5,200a47d8 <vPortFree+0x4e>
200a47c8:	200aa537          	lui	a0,0x200aa
200a47cc:	17100593          	li	a1,369
200a47d0:	67c50513          	addi	a0,a0,1660 # 200aa67c <CSWTCH.43+0x98>
200a47d4:	946ff0ef          	jal	ra,200a391a <vApplicationAssertFailed>
200a47d8:	ff042783          	lw	a5,-16(s0)
200a47dc:	cb89                	beqz	a5,200a47ee <vPortFree+0x64>
200a47de:	200aa537          	lui	a0,0x200aa
200a47e2:	17200593          	li	a1,370
200a47e6:	67c50513          	addi	a0,a0,1660 # 200aa67c <CSWTCH.43+0x98>
200a47ea:	930ff0ef          	jal	ra,200a391a <vApplicationAssertFailed>
200a47ee:	ff442783          	lw	a5,-12(s0)
200a47f2:	0a07d663          	bgez	a5,200a489e <vPortFree+0x114>
200a47f6:	ff042703          	lw	a4,-16(s0)
200a47fa:	e355                	bnez	a4,200a489e <vPortFree+0x114>
200a47fc:	49f79793          	bclri	a5,a5,0x1f
200a4800:	fef42a23          	sw	a5,-12(s0)
200a4804:	61a000ef          	jal	ra,200a4e1e <vTaskSuspendAll>
200a4808:	9dc1a683          	lw	a3,-1572(gp) # 200c05bc <xFreeBytesRemaining>
200a480c:	ff442783          	lw	a5,-12(s0)
200a4810:	97b6                	add	a5,a5,a3
200a4812:	9cf1ae23          	sw	a5,-1572(gp) # 200c05bc <xFreeBytesRemaining>
200a4816:	9e418713          	addi	a4,gp,-1564 # 200c05c4 <xStart>
200a481a:	9e418793          	addi	a5,gp,-1564 # 200c05c4 <xStart>
200a481e:	84ba                	mv	s1,a4
200a4820:	4318                	lw	a4,0(a4)
200a4822:	ff276ee3          	bltu	a4,s2,200a481e <vPortFree+0x94>
200a4826:	02f48263          	beq	s1,a5,200a484a <vPortFree+0xc0>
200a482a:	0134e863          	bltu	s1,s3,200a483a <vPortFree+0xb0>
200a482e:	200d97b7          	lui	a5,0x200d9
200a4832:	14f78793          	addi	a5,a5,335 # 200d914f <ucHeap+0x17fff>
200a4836:	0097fa63          	bgeu	a5,s1,200a484a <vPortFree+0xc0>
200a483a:	200aa537          	lui	a0,0x200aa
200a483e:	20600593          	li	a1,518
200a4842:	67c50513          	addi	a0,a0,1660 # 200aa67c <CSWTCH.43+0x98>
200a4846:	8d4ff0ef          	jal	ra,200a391a <vApplicationAssertFailed>
200a484a:	40d4                	lw	a3,4(s1)
200a484c:	ff442703          	lw	a4,-12(s0)
200a4850:	409c                	lw	a5,0(s1)
200a4852:	00d48633          	add	a2,s1,a3
200a4856:	00c91a63          	bne	s2,a2,200a486a <vPortFree+0xe0>
200a485a:	9736                	add	a4,a4,a3
200a485c:	c0d8                	sw	a4,4(s1)
200a485e:	00e486b3          	add	a3,s1,a4
200a4862:	02d79763          	bne	a5,a3,200a4890 <vPortFree+0x106>
200a4866:	8926                	mv	s2,s1
200a4868:	a029                	j	200a4872 <vPortFree+0xe8>
200a486a:	00e906b3          	add	a3,s2,a4
200a486e:	02d79a63          	bne	a5,a3,200a48a2 <vPortFree+0x118>
200a4872:	9e01a683          	lw	a3,-1568(gp) # 200c05c0 <pxEnd>
200a4876:	00f68763          	beq	a3,a5,200a4884 <vPortFree+0xfa>
200a487a:	43d4                	lw	a3,4(a5)
200a487c:	439c                	lw	a5,0(a5)
200a487e:	9736                	add	a4,a4,a3
200a4880:	00e92223          	sw	a4,4(s2)
200a4884:	00f92023          	sw	a5,0(s2)
200a4888:	01248463          	beq	s1,s2,200a4890 <vPortFree+0x106>
200a488c:	0124a023          	sw	s2,0(s1)
200a4890:	9d01a783          	lw	a5,-1584(gp) # 200c05b0 <xNumberOfSuccessfulFrees>
200a4894:	0785                	addi	a5,a5,1
200a4896:	9cf1a823          	sw	a5,-1584(gp) # 200c05b0 <xNumberOfSuccessfulFrees>
200a489a:	6fc000ef          	jal	ra,200a4f96 <xTaskResumeAll>
200a489e:	d93fb06f          	j	200a0630 <__riscv_restore_4>
200a48a2:	fef42823          	sw	a5,-16(s0)
200a48a6:	b7cd                	j	200a4888 <vPortFree+0xfe>
200a48a8:	8082                	ret

200a48aa <xPortGetFreeHeapSize>:
200a48aa:	9dc1a503          	lw	a0,-1572(gp) # 200c05bc <xFreeBytesRemaining>
200a48ae:	8082                	ret

200a48b0 <xPortGetMinimumEverFreeHeapSize>:
200a48b0:	9d81a503          	lw	a0,-1576(gp) # 200c05b8 <xMinimumEverFreeBytesRemaining>
200a48b4:	8082                	ret

200a48b6 <vPortSetupTimerInterrupt>:
200a48b6:	e000e7b7          	lui	a5,0xe000e
200a48ba:	5741                	li	a4,-16
200a48bc:	40e78723          	sb	a4,1038(a5) # e000e40e <__freertos_irq_stack_topV5+0xbff0e40e>
200a48c0:	40e786a3          	sb	a4,1037(a5)
200a48c4:	e000f7b7          	lui	a5,0xe000f
200a48c8:	08078793          	addi	a5,a5,128 # e000f080 <__freertos_irq_stack_topV5+0xbff0f080>
200a48cc:	0007a023          	sw	zero,0(a5)
200a48d0:	0007a223          	sw	zero,4(a5)
200a48d4:	0007a423          	sw	zero,8(a5)
200a48d8:	9c41a703          	lw	a4,-1596(gp) # 200c05a4 <SystemCoreClock>
200a48dc:	6685                	lui	a3,0x1
200a48de:	fa068693          	addi	a3,a3,-96 # fa0 <_highcode_lma+0xec0>
200a48e2:	02d75733          	divu	a4,a4,a3
200a48e6:	cb98                	sw	a4,16(a5)
200a48e8:	473d                	li	a4,15
200a48ea:	c398                	sw	a4,0(a5)
200a48ec:	200d9737          	lui	a4,0x200d9
200a48f0:	37070713          	addi	a4,a4,880 # 200d9370 <g_dbg_kernel>
200a48f4:	4314                	lw	a3,0(a4)
200a48f6:	0685                	addi	a3,a3,1
200a48f8:	c314                	sw	a3,0(a4)
200a48fa:	4b94                	lw	a3,16(a5)
200a48fc:	cb14                	sw	a3,16(a4)
200a48fe:	439c                	lw	a5,0(a5)
200a4900:	c75c                	sw	a5,12(a4)
200a4902:	8082                	ret

200a4904 <xPortStartScheduler>:
200a4904:	d13fb2ef          	jal	t0,200a0616 <__riscv_save_0>
200a4908:	1141                	addi	sp,sp,-16
200a490a:	c602                	sw	zero,12(sp)
200a490c:	305027f3          	csrr	a5,mtvec
200a4910:	c63e                	sw	a5,12(sp)
200a4912:	47b2                	lw	a5,12(sp)
200a4914:	470d                	li	a4,3
200a4916:	8b8d                	andi	a5,a5,3
200a4918:	00e78a63          	beq	a5,a4,200a492c <xPortStartScheduler+0x28>
200a491c:	200aa537          	lui	a0,0x200aa
200a4920:	0cc00593          	li	a1,204
200a4924:	6a450513          	addi	a0,a0,1700 # 200aa6a4 <CSWTCH.43+0xc0>
200a4928:	ff3fe0ef          	jal	ra,200a391a <vApplicationAssertFailed>
200a492c:	201007b7          	lui	a5,0x20100
200a4930:	00078793          	mv	a5,a5
200a4934:	8bbd                	andi	a5,a5,15
200a4936:	cb89                	beqz	a5,200a4948 <xPortStartScheduler+0x44>
200a4938:	200aa537          	lui	a0,0x200aa
200a493c:	0d000593          	li	a1,208
200a4940:	6a450513          	addi	a0,a0,1700 # 200aa6a4 <CSWTCH.43+0xc0>
200a4944:	fd7fe0ef          	jal	ra,200a391a <vApplicationAssertFailed>
200a4948:	f6fff0ef          	jal	ra,200a48b6 <vPortSetupTimerInterrupt>
200a494c:	e000e7b7          	lui	a5,0xe000e
200a4950:	6711                	lui	a4,0x4
200a4952:	10e7a023          	sw	a4,256(a5) # e000e100 <__freertos_irq_stack_topV5+0xbff0e100>
200a4956:	6709                	lui	a4,0x2
200a4958:	10e7a023          	sw	a4,256(a5)
200a495c:	8001ac23          	sw	zero,-2024(gp) # 200c03f8 <uxCriticalNesting>
200a4960:	aa1fb0ef          	jal	ra,200a0400 <xPortStartFirstTask>
200a4964:	4501                	li	a0,0
200a4966:	0141                	addi	sp,sp,16
200a4968:	cd3fb06f          	j	200a063a <__riscv_restore_0>

200a496c <SysTick1_Handler>:
200a496c:	715d                	addi	sp,sp,-80
200a496e:	c686                	sw	ra,76(sp)
200a4970:	c496                	sw	t0,72(sp)
200a4972:	c29a                	sw	t1,68(sp)
200a4974:	c09e                	sw	t2,64(sp)
200a4976:	de22                	sw	s0,60(sp)
200a4978:	dc2a                	sw	a0,56(sp)
200a497a:	da2e                	sw	a1,52(sp)
200a497c:	d832                	sw	a2,48(sp)
200a497e:	d636                	sw	a3,44(sp)
200a4980:	d43a                	sw	a4,40(sp)
200a4982:	d23e                	sw	a5,36(sp)
200a4984:	d042                	sw	a6,32(sp)
200a4986:	ce46                	sw	a7,28(sp)
200a4988:	cc72                	sw	t3,24(sp)
200a498a:	ca76                	sw	t4,20(sp)
200a498c:	c87a                	sw	t5,16(sp)
200a498e:	c67e                	sw	t6,12(sp)
200a4990:	34011173          	csrrw	sp,mscratch,sp
200a4994:	6789                	lui	a5,0x2
200a4996:	80078793          	addi	a5,a5,-2048 # 1800 <__stack_size+0x800>
200a499a:	30079073          	csrw	mstatus,a5
200a499e:	200d9437          	lui	s0,0x200d9
200a49a2:	37040713          	addi	a4,s0,880 # 200d9370 <g_dbg_kernel>
200a49a6:	435c                	lw	a5,4(a4)
200a49a8:	0785                	addi	a5,a5,1
200a49aa:	c35c                	sw	a5,4(a4)
200a49ac:	e000f7b7          	lui	a5,0xe000f
200a49b0:	08078793          	addi	a5,a5,128 # e000f080 <__freertos_irq_stack_topV5+0xbff0f080>
200a49b4:	43d4                	lw	a3,4(a5)
200a49b6:	cb54                	sw	a3,20(a4)
200a49b8:	4794                	lw	a3,8(a5)
200a49ba:	cf14                	sw	a3,24(a4)
200a49bc:	0007a223          	sw	zero,4(a5)
200a49c0:	2985                	jal	200a4e30 <xTaskIncrementTick>
200a49c2:	37040793          	addi	a5,s0,880
200a49c6:	c909                	beqz	a0,200a49d8 <SysTick1_Handler+0x6c>
200a49c8:	4798                	lw	a4,8(a5)
200a49ca:	6691                	lui	a3,0x4
200a49cc:	0705                	addi	a4,a4,1 # 2001 <__stack_size+0x1001>
200a49ce:	c798                	sw	a4,8(a5)
200a49d0:	e000e737          	lui	a4,0xe000e
200a49d4:	20d72023          	sw	a3,512(a4) # e000e200 <__freertos_irq_stack_topV5+0xbff0e200>
200a49d8:	34011173          	csrrw	sp,mscratch,sp
200a49dc:	4798                	lw	a4,8(a5)
200a49de:	cfd8                	sw	a4,28(a5)
200a49e0:	6789                	lui	a5,0x2
200a49e2:	88078793          	addi	a5,a5,-1920 # 1880 <__stack_size+0x880>
200a49e6:	30079073          	csrw	mstatus,a5
200a49ea:	5472                	lw	s0,60(sp)
200a49ec:	40b6                	lw	ra,76(sp)
200a49ee:	42a6                	lw	t0,72(sp)
200a49f0:	4316                	lw	t1,68(sp)
200a49f2:	4386                	lw	t2,64(sp)
200a49f4:	5562                	lw	a0,56(sp)
200a49f6:	55d2                	lw	a1,52(sp)
200a49f8:	5642                	lw	a2,48(sp)
200a49fa:	56b2                	lw	a3,44(sp)
200a49fc:	5722                	lw	a4,40(sp)
200a49fe:	5792                	lw	a5,36(sp)
200a4a00:	5802                	lw	a6,32(sp)
200a4a02:	48f2                	lw	a7,28(sp)
200a4a04:	4e62                	lw	t3,24(sp)
200a4a06:	4ed2                	lw	t4,20(sp)
200a4a08:	4f42                	lw	t5,16(sp)
200a4a0a:	4fb2                	lw	t6,12(sp)
200a4a0c:	6161                	addi	sp,sp,80
200a4a0e:	30200073          	mret

200a4a12 <vPortEnterCritical>:
200a4a12:	6789                	lui	a5,0x2
200a4a14:	80078793          	addi	a5,a5,-2048 # 1800 <__stack_size+0x800>
200a4a18:	30079073          	csrw	mstatus,a5
200a4a1c:	8181a783          	lw	a5,-2024(gp) # 200c03f8 <uxCriticalNesting>
200a4a20:	0785                	addi	a5,a5,1
200a4a22:	80f1ac23          	sw	a5,-2024(gp) # 200c03f8 <uxCriticalNesting>
200a4a26:	8082                	ret

200a4a28 <vPortExitCritical>:
200a4a28:	beffb2ef          	jal	t0,200a0616 <__riscv_save_0>
200a4a2c:	8181a783          	lw	a5,-2024(gp) # 200c03f8 <uxCriticalNesting>
200a4a30:	eb89                	bnez	a5,200a4a42 <vPortExitCritical+0x1a>
200a4a32:	200aa537          	lui	a0,0x200aa
200a4a36:	12600593          	li	a1,294
200a4a3a:	6a450513          	addi	a0,a0,1700 # 200aa6a4 <CSWTCH.43+0xc0>
200a4a3e:	eddfe0ef          	jal	ra,200a391a <vApplicationAssertFailed>
200a4a42:	8181a783          	lw	a5,-2024(gp) # 200c03f8 <uxCriticalNesting>
200a4a46:	17fd                	addi	a5,a5,-1
200a4a48:	80f1ac23          	sw	a5,-2024(gp) # 200c03f8 <uxCriticalNesting>
200a4a4c:	e791                	bnez	a5,200a4a58 <vPortExitCritical+0x30>
200a4a4e:	6789                	lui	a5,0x2
200a4a50:	88878793          	addi	a5,a5,-1912 # 1888 <__stack_size+0x888>
200a4a54:	30079073          	csrw	mstatus,a5
200a4a58:	be3fb06f          	j	200a063a <__riscv_restore_0>

200a4a5c <vListInitialise>:
200a4a5c:	00850793          	addi	a5,a0,8
200a4a60:	577d                	li	a4,-1
200a4a62:	c15c                	sw	a5,4(a0)
200a4a64:	c518                	sw	a4,8(a0)
200a4a66:	c55c                	sw	a5,12(a0)
200a4a68:	c91c                	sw	a5,16(a0)
200a4a6a:	00052023          	sw	zero,0(a0)
200a4a6e:	8082                	ret

200a4a70 <vListInitialiseItem>:
200a4a70:	00052823          	sw	zero,16(a0)
200a4a74:	8082                	ret

200a4a76 <vListInsert>:
200a4a76:	4194                	lw	a3,0(a1)
200a4a78:	57fd                	li	a5,-1
200a4a7a:	00850713          	addi	a4,a0,8
200a4a7e:	00f69d63          	bne	a3,a5,200a4a98 <vListInsert+0x22>
200a4a82:	491c                	lw	a5,16(a0)
200a4a84:	43d8                	lw	a4,4(a5)
200a4a86:	c1d8                	sw	a4,4(a1)
200a4a88:	c70c                	sw	a1,8(a4)
200a4a8a:	c59c                	sw	a5,8(a1)
200a4a8c:	c3cc                	sw	a1,4(a5)
200a4a8e:	411c                	lw	a5,0(a0)
200a4a90:	c988                	sw	a0,16(a1)
200a4a92:	0785                	addi	a5,a5,1
200a4a94:	c11c                	sw	a5,0(a0)
200a4a96:	8082                	ret
200a4a98:	87ba                	mv	a5,a4
200a4a9a:	4358                	lw	a4,4(a4)
200a4a9c:	4310                	lw	a2,0(a4)
200a4a9e:	fec6fde3          	bgeu	a3,a2,200a4a98 <vListInsert+0x22>
200a4aa2:	b7cd                	j	200a4a84 <vListInsert+0xe>

200a4aa4 <uxListRemove>:
200a4aa4:	4154                	lw	a3,4(a0)
200a4aa6:	4518                	lw	a4,8(a0)
200a4aa8:	491c                	lw	a5,16(a0)
200a4aaa:	c698                	sw	a4,8(a3)
200a4aac:	c354                	sw	a3,4(a4)
200a4aae:	43d4                	lw	a3,4(a5)
200a4ab0:	00a69363          	bne	a3,a0,200a4ab6 <uxListRemove+0x12>
200a4ab4:	c3d8                	sw	a4,4(a5)
200a4ab6:	00052823          	sw	zero,16(a0)
200a4aba:	4388                	lw	a0,0(a5)
200a4abc:	157d                	addi	a0,a0,-1
200a4abe:	c388                	sw	a0,0(a5)
200a4ac0:	8082                	ret

200a4ac2 <prvAddCurrentTaskToDelayedList>:
200a4ac2:	b3bfb2ef          	jal	t0,200a05fc <__riscv_save_4>
200a4ac6:	a101a983          	lw	s3,-1520(gp) # 200c05f0 <xTickCount>
200a4aca:	a201aa03          	lw	s4,-1504(gp) # 200c0600 <pxDelayedTaskList>
200a4ace:	a1c1aa83          	lw	s5,-1508(gp) # 200c05fc <pxOverflowDelayedTaskList>
200a4ad2:	84aa                	mv	s1,a0
200a4ad4:	a241a783          	lw	a5,-1500(gp) # 200c0604 <pxCurrentTCB>
200a4ad8:	a241a503          	lw	a0,-1500(gp) # 200c0604 <pxCurrentTCB>
200a4adc:	892e                	mv	s2,a1
200a4ade:	040788a3          	sb	zero,81(a5)
200a4ae2:	0511                	addi	a0,a0,4
200a4ae4:	fc1ff0ef          	jal	ra,200a4aa4 <uxListRemove>
200a4ae8:	57fd                	li	a5,-1
200a4aea:	04f49063          	bne	s1,a5,200a4b2a <prvAddCurrentTaskToDelayedList+0x68>
200a4aee:	02090e63          	beqz	s2,200a4b2a <prvAddCurrentTaskToDelayedList+0x68>
200a4af2:	200d97b7          	lui	a5,0x200d9
200a4af6:	15078793          	addi	a5,a5,336 # 200d9150 <xSuspendedTaskList>
200a4afa:	43d8                	lw	a4,4(a5)
200a4afc:	a241a683          	lw	a3,-1500(gp) # 200c0604 <pxCurrentTCB>
200a4b00:	4710                	lw	a2,8(a4)
200a4b02:	c698                	sw	a4,8(a3)
200a4b04:	a241a683          	lw	a3,-1500(gp) # 200c0604 <pxCurrentTCB>
200a4b08:	c6d0                	sw	a2,12(a3)
200a4b0a:	a241a683          	lw	a3,-1500(gp) # 200c0604 <pxCurrentTCB>
200a4b0e:	0691                	addi	a3,a3,4 # 4004 <__stack_size+0x3004>
200a4b10:	c254                	sw	a3,4(a2)
200a4b12:	a241a683          	lw	a3,-1500(gp) # 200c0604 <pxCurrentTCB>
200a4b16:	0691                	addi	a3,a3,4
200a4b18:	c714                	sw	a3,8(a4)
200a4b1a:	a241a703          	lw	a4,-1500(gp) # 200c0604 <pxCurrentTCB>
200a4b1e:	cb5c                	sw	a5,20(a4)
200a4b20:	4398                	lw	a4,0(a5)
200a4b22:	0705                	addi	a4,a4,1
200a4b24:	c398                	sw	a4,0(a5)
200a4b26:	b0bfb06f          	j	200a0630 <__riscv_restore_4>
200a4b2a:	a241a783          	lw	a5,-1500(gp) # 200c0604 <pxCurrentTCB>
200a4b2e:	a241a583          	lw	a1,-1500(gp) # 200c0604 <pxCurrentTCB>
200a4b32:	94ce                	add	s1,s1,s3
200a4b34:	c3c4                	sw	s1,4(a5)
200a4b36:	0591                	addi	a1,a1,4
200a4b38:	0134f663          	bgeu	s1,s3,200a4b44 <prvAddCurrentTaskToDelayedList+0x82>
200a4b3c:	8556                	mv	a0,s5
200a4b3e:	f39ff0ef          	jal	ra,200a4a76 <vListInsert>
200a4b42:	b7d5                	j	200a4b26 <prvAddCurrentTaskToDelayedList+0x64>
200a4b44:	8552                	mv	a0,s4
200a4b46:	f31ff0ef          	jal	ra,200a4a76 <vListInsert>
200a4b4a:	9f41a703          	lw	a4,-1548(gp) # 200c05d4 <xNextTaskUnblockTime>
200a4b4e:	fce4fce3          	bgeu	s1,a4,200a4b26 <prvAddCurrentTaskToDelayedList+0x64>
200a4b52:	9e91aa23          	sw	s1,-1548(gp) # 200c05d4 <xNextTaskUnblockTime>
200a4b56:	bfc1                	j	200a4b26 <prvAddCurrentTaskToDelayedList+0x64>

200a4b58 <prvResetNextTaskUnblockTime>:
200a4b58:	a201a783          	lw	a5,-1504(gp) # 200c0600 <pxDelayedTaskList>
200a4b5c:	4394                	lw	a3,0(a5)
200a4b5e:	e689                	bnez	a3,200a4b68 <prvResetNextTaskUnblockTime+0x10>
200a4b60:	577d                	li	a4,-1
200a4b62:	9ee1aa23          	sw	a4,-1548(gp) # 200c05d4 <xNextTaskUnblockTime>
200a4b66:	8082                	ret
200a4b68:	a201a703          	lw	a4,-1504(gp) # 200c0600 <pxDelayedTaskList>
200a4b6c:	4758                	lw	a4,12(a4)
200a4b6e:	4318                	lw	a4,0(a4)
200a4b70:	bfcd                	j	200a4b62 <prvResetNextTaskUnblockTime+0xa>

200a4b72 <prvCheckTasksWaitingTermination>:
200a4b72:	a8bfb2ef          	jal	t0,200a05fc <__riscv_save_4>
200a4b76:	200d94b7          	lui	s1,0x200d9
200a4b7a:	16448493          	addi	s1,s1,356 # 200d9164 <xTasksWaitingTermination>
200a4b7e:	a181a783          	lw	a5,-1512(gp) # 200c05f8 <uxDeletedTasksWaitingCleanUp>
200a4b82:	e399                	bnez	a5,200a4b88 <prvCheckTasksWaitingTermination+0x16>
200a4b84:	aadfb06f          	j	200a0630 <__riscv_restore_4>
200a4b88:	e8bff0ef          	jal	ra,200a4a12 <vPortEnterCritical>
200a4b8c:	44dc                	lw	a5,12(s1)
200a4b8e:	00c7a903          	lw	s2,12(a5)
200a4b92:	00490513          	addi	a0,s2,4
200a4b96:	f0fff0ef          	jal	ra,200a4aa4 <uxListRemove>
200a4b9a:	a141a783          	lw	a5,-1516(gp) # 200c05f4 <uxCurrentNumberOfTasks>
200a4b9e:	17fd                	addi	a5,a5,-1
200a4ba0:	a0f1aa23          	sw	a5,-1516(gp) # 200c05f4 <uxCurrentNumberOfTasks>
200a4ba4:	a181a783          	lw	a5,-1512(gp) # 200c05f8 <uxDeletedTasksWaitingCleanUp>
200a4ba8:	17fd                	addi	a5,a5,-1
200a4baa:	a0f1ac23          	sw	a5,-1512(gp) # 200c05f8 <uxDeletedTasksWaitingCleanUp>
200a4bae:	e7bff0ef          	jal	ra,200a4a28 <vPortExitCritical>
200a4bb2:	03092503          	lw	a0,48(s2)
200a4bb6:	bd5ff0ef          	jal	ra,200a478a <vPortFree>
200a4bba:	854a                	mv	a0,s2
200a4bbc:	bcfff0ef          	jal	ra,200a478a <vPortFree>
200a4bc0:	bf7d                	j	200a4b7e <prvCheckTasksWaitingTermination+0xc>

200a4bc2 <prvIdleTask>:
200a4bc2:	a55fb2ef          	jal	t0,200a0616 <__riscv_save_0>
200a4bc6:	fadff0ef          	jal	ra,200a4b72 <prvCheckTasksWaitingTermination>
200a4bca:	bff5                	j	200a4bc6 <prvIdleTask+0x4>

200a4bcc <xTaskCreate>:
200a4bcc:	a23fb2ef          	jal	t0,200a05ee <__riscv_save_10>
200a4bd0:	00261913          	slli	s2,a2,0x2
200a4bd4:	8b2a                	mv	s6,a0
200a4bd6:	854a                	mv	a0,s2
200a4bd8:	8aae                	mv	s5,a1
200a4bda:	8bb6                	mv	s7,a3
200a4bdc:	84ba                	mv	s1,a4
200a4bde:	8a3e                	mv	s4,a5
200a4be0:	9c3ff0ef          	jal	ra,200a45a2 <pvPortMalloc>
200a4be4:	e501                	bnez	a0,200a4bec <xTaskCreate+0x20>
200a4be6:	557d                	li	a0,-1
200a4be8:	a3ffb06f          	j	200a0626 <__riscv_restore_10>
200a4bec:	89aa                	mv	s3,a0
200a4bee:	05400513          	li	a0,84
200a4bf2:	9b1ff0ef          	jal	ra,200a45a2 <pvPortMalloc>
200a4bf6:	842a                	mv	s0,a0
200a4bf8:	16050b63          	beqz	a0,200a4d6e <xTaskCreate+0x1a2>
200a4bfc:	05400613          	li	a2,84
200a4c00:	4581                	li	a1,0
200a4c02:	a5bfb0ef          	jal	ra,200a065c <memset>
200a4c06:	864a                	mv	a2,s2
200a4c08:	03342823          	sw	s3,48(s0)
200a4c0c:	0a500593          	li	a1,165
200a4c10:	854e                	mv	a0,s3
200a4c12:	a4bfb0ef          	jal	ra,200a065c <memset>
200a4c16:	581c                	lw	a5,48(s0)
200a4c18:	1971                	addi	s2,s2,-4
200a4c1a:	993e                	add	s2,s2,a5
200a4c1c:	ff097913          	andi	s2,s2,-16
200a4c20:	020a8263          	beqz	s5,200a4c44 <xTaskCreate+0x78>
200a4c24:	4781                	li	a5,0
200a4c26:	46c1                	li	a3,16
200a4c28:	00fa8733          	add	a4,s5,a5
200a4c2c:	00070703          	lb	a4,0(a4)
200a4c30:	00f40633          	add	a2,s0,a5
200a4c34:	02e60a23          	sb	a4,52(a2)
200a4c38:	c701                	beqz	a4,200a4c40 <xTaskCreate+0x74>
200a4c3a:	0785                	addi	a5,a5,1
200a4c3c:	fed796e3          	bne	a5,a3,200a4c28 <xTaskCreate+0x5c>
200a4c40:	040401a3          	sb	zero,67(s0)
200a4c44:	47b9                	li	a5,14
200a4c46:	0097fb63          	bgeu	a5,s1,200a4c5c <xTaskCreate+0x90>
200a4c4a:	200aa537          	lui	a0,0x200aa
200a4c4e:	78d00593          	li	a1,1933
200a4c52:	6cc50513          	addi	a0,a0,1740 # 200aa6cc <CSWTCH.43+0xe8>
200a4c56:	cc5fe0ef          	jal	ra,200a391a <vApplicationAssertFailed>
200a4c5a:	44b9                	li	s1,14
200a4c5c:	00440a93          	addi	s5,s0,4
200a4c60:	8556                	mv	a0,s5
200a4c62:	d444                	sw	s1,44(s0)
200a4c64:	c064                	sw	s1,68(s0)
200a4c66:	e0bff0ef          	jal	ra,200a4a70 <vListInitialiseItem>
200a4c6a:	01840513          	addi	a0,s0,24
200a4c6e:	e03ff0ef          	jal	ra,200a4a70 <vListInitialiseItem>
200a4c72:	47bd                	li	a5,15
200a4c74:	8f85                	sub	a5,a5,s1
200a4c76:	c800                	sw	s0,16(s0)
200a4c78:	cc1c                	sw	a5,24(s0)
200a4c7a:	d040                	sw	s0,36(s0)
200a4c7c:	865e                	mv	a2,s7
200a4c7e:	85da                	mv	a1,s6
200a4c80:	854a                	mv	a0,s2
200a4c82:	87ffb0ef          	jal	ra,200a0500 <pxPortInitialiseStack>
200a4c86:	c008                	sw	a0,0(s0)
200a4c88:	000a0463          	beqz	s4,200a4c90 <xTaskCreate+0xc4>
200a4c8c:	008a2023          	sw	s0,0(s4)
200a4c90:	d83ff0ef          	jal	ra,200a4a12 <vPortEnterCritical>
200a4c94:	a141a703          	lw	a4,-1516(gp) # 200c05f4 <uxCurrentNumberOfTasks>
200a4c98:	200d9937          	lui	s2,0x200d9
200a4c9c:	0705                	addi	a4,a4,1
200a4c9e:	a0e1aa23          	sw	a4,-1516(gp) # 200c05f4 <uxCurrentNumberOfTasks>
200a4ca2:	a241a703          	lw	a4,-1500(gp) # 200c0604 <pxCurrentTCB>
200a4ca6:	1b490493          	addi	s1,s2,436 # 200d91b4 <pxReadyTasksLists>
200a4caa:	0c071663          	bnez	a4,200a4d76 <xTaskCreate+0x1aa>
200a4cae:	a281a223          	sw	s0,-1500(gp) # 200c0604 <pxCurrentTCB>
200a4cb2:	a141a703          	lw	a4,-1516(gp) # 200c05f4 <uxCurrentNumberOfTasks>
200a4cb6:	4785                	li	a5,1
200a4cb8:	06f71263          	bne	a4,a5,200a4d1c <xTaskCreate+0x150>
200a4cbc:	1b490913          	addi	s2,s2,436
200a4cc0:	12c48a13          	addi	s4,s1,300
200a4cc4:	854a                	mv	a0,s2
200a4cc6:	0951                	addi	s2,s2,20
200a4cc8:	d95ff0ef          	jal	ra,200a4a5c <vListInitialise>
200a4ccc:	ff2a1ce3          	bne	s4,s2,200a4cc4 <xTaskCreate+0xf8>
200a4cd0:	200d9a37          	lui	s4,0x200d9
200a4cd4:	1a0a0513          	addi	a0,s4,416 # 200d91a0 <xDelayedTaskList1>
200a4cd8:	d85ff0ef          	jal	ra,200a4a5c <vListInitialise>
200a4cdc:	200d9937          	lui	s2,0x200d9
200a4ce0:	18c90513          	addi	a0,s2,396 # 200d918c <xDelayedTaskList2>
200a4ce4:	d79ff0ef          	jal	ra,200a4a5c <vListInitialise>
200a4ce8:	200d9537          	lui	a0,0x200d9
200a4cec:	17850513          	addi	a0,a0,376 # 200d9178 <xPendingReadyList>
200a4cf0:	d6dff0ef          	jal	ra,200a4a5c <vListInitialise>
200a4cf4:	200d9537          	lui	a0,0x200d9
200a4cf8:	16450513          	addi	a0,a0,356 # 200d9164 <xTasksWaitingTermination>
200a4cfc:	d61ff0ef          	jal	ra,200a4a5c <vListInitialise>
200a4d00:	200d9537          	lui	a0,0x200d9
200a4d04:	15050513          	addi	a0,a0,336 # 200d9150 <xSuspendedTaskList>
200a4d08:	d55ff0ef          	jal	ra,200a4a5c <vListInitialise>
200a4d0c:	1a0a0a13          	addi	s4,s4,416
200a4d10:	a341a023          	sw	s4,-1504(gp) # 200c0600 <pxDelayedTaskList>
200a4d14:	18c90913          	addi	s2,s2,396
200a4d18:	a121ae23          	sw	s2,-1508(gp) # 200c05fc <pxOverflowDelayedTaskList>
200a4d1c:	9f81a783          	lw	a5,-1544(gp) # 200c05d8 <uxTaskNumber>
200a4d20:	0785                	addi	a5,a5,1
200a4d22:	9ef1ac23          	sw	a5,-1544(gp) # 200c05d8 <uxTaskNumber>
200a4d26:	545c                	lw	a5,44(s0)
200a4d28:	a0c1a683          	lw	a3,-1524(gp) # 200c05ec <uxTopReadyPriority>
200a4d2c:	00f6f463          	bgeu	a3,a5,200a4d34 <xTaskCreate+0x168>
200a4d30:	a0f1a623          	sw	a5,-1524(gp) # 200c05ec <uxTopReadyPriority>
200a4d34:	4751                	li	a4,20
200a4d36:	02e787b3          	mul	a5,a5,a4
200a4d3a:	97a6                	add	a5,a5,s1
200a4d3c:	43d8                	lw	a4,4(a5)
200a4d3e:	4714                	lw	a3,8(a4)
200a4d40:	c418                	sw	a4,8(s0)
200a4d42:	c454                	sw	a3,12(s0)
200a4d44:	0156a223          	sw	s5,4(a3)
200a4d48:	01572423          	sw	s5,8(a4)
200a4d4c:	4398                	lw	a4,0(a5)
200a4d4e:	c85c                	sw	a5,20(s0)
200a4d50:	0705                	addi	a4,a4,1
200a4d52:	c398                	sw	a4,0(a5)
200a4d54:	cd5ff0ef          	jal	ra,200a4a28 <vPortExitCritical>
200a4d58:	a081a783          	lw	a5,-1528(gp) # 200c05e8 <xSchedulerRunning>
200a4d5c:	c799                	beqz	a5,200a4d6a <xTaskCreate+0x19e>
200a4d5e:	a241a783          	lw	a5,-1500(gp) # 200c0604 <pxCurrentTCB>
200a4d62:	57d8                	lw	a4,44(a5)
200a4d64:	545c                	lw	a5,44(s0)
200a4d66:	02f76463          	bltu	a4,a5,200a4d8e <xTaskCreate+0x1c2>
200a4d6a:	4505                	li	a0,1
200a4d6c:	bdb5                	j	200a4be8 <xTaskCreate+0x1c>
200a4d6e:	854e                	mv	a0,s3
200a4d70:	a1bff0ef          	jal	ra,200a478a <vPortFree>
200a4d74:	bd8d                	j	200a4be6 <xTaskCreate+0x1a>
200a4d76:	a081a703          	lw	a4,-1528(gp) # 200c05e8 <xSchedulerRunning>
200a4d7a:	545c                	lw	a5,44(s0)
200a4d7c:	f345                	bnez	a4,200a4d1c <xTaskCreate+0x150>
200a4d7e:	a241a703          	lw	a4,-1500(gp) # 200c0604 <pxCurrentTCB>
200a4d82:	5758                	lw	a4,44(a4)
200a4d84:	f8e7ece3          	bltu	a5,a4,200a4d1c <xTaskCreate+0x150>
200a4d88:	a281a223          	sw	s0,-1500(gp) # 200c0604 <pxCurrentTCB>
200a4d8c:	bf41                	j	200a4d1c <xTaskCreate+0x150>
200a4d8e:	e000e7b7          	lui	a5,0xe000e
200a4d92:	6711                	lui	a4,0x4
200a4d94:	20e7a023          	sw	a4,512(a5) # e000e200 <__freertos_irq_stack_topV5+0xbff0e200>
200a4d98:	bfc9                	j	200a4d6a <xTaskCreate+0x19e>

200a4d9a <vTaskStartScheduler>:
200a4d9a:	87dfb2ef          	jal	t0,200a0616 <__riscv_save_0>
200a4d9e:	1141                	addi	sp,sp,-16
200a4da0:	200aa7b7          	lui	a5,0x200aa
200a4da4:	870a                	mv	a4,sp
200a4da6:	c002                	sw	zero,0(sp)
200a4da8:	c202                	sw	zero,4(sp)
200a4daa:	c402                	sw	zero,8(sp)
200a4dac:	c602                	sw	zero,12(sp)
200a4dae:	6e078793          	addi	a5,a5,1760 # 200aa6e0 <CSWTCH.43+0xfc>
200a4db2:	85ba                	mv	a1,a4
200a4db4:	00078683          	lb	a3,0(a5)
200a4db8:	0705                	addi	a4,a4,1 # 4001 <__stack_size+0x3001>
200a4dba:	0785                	addi	a5,a5,1
200a4dbc:	fed70fa3          	sb	a3,-1(a4)
200a4dc0:	faf5                	bnez	a3,200a4db4 <vTaskStartScheduler+0x1a>
200a4dc2:	200a5537          	lui	a0,0x200a5
200a4dc6:	9f018793          	addi	a5,gp,-1552 # 200c05d0 <xIdleTaskHandles>
200a4dca:	4701                	li	a4,0
200a4dcc:	10000613          	li	a2,256
200a4dd0:	bc250513          	addi	a0,a0,-1086 # 200a4bc2 <prvIdleTask>
200a4dd4:	df9ff0ef          	jal	ra,200a4bcc <xTaskCreate>
200a4dd8:	4785                	li	a5,1
200a4dda:	00f50f63          	beq	a0,a5,200a4df8 <vTaskStartScheduler+0x5e>
200a4dde:	57fd                	li	a5,-1
200a4de0:	02f51a63          	bne	a0,a5,200a4e14 <vTaskStartScheduler+0x7a>
200a4de4:	6585                	lui	a1,0x1
200a4de6:	200aa537          	lui	a0,0x200aa
200a4dea:	ed658593          	addi	a1,a1,-298 # ed6 <_highcode_lma+0xdf6>
200a4dee:	6cc50513          	addi	a0,a0,1740 # 200aa6cc <CSWTCH.43+0xe8>
200a4df2:	b29fe0ef          	jal	ra,200a391a <vApplicationAssertFailed>
200a4df6:	a839                	j	200a4e14 <vTaskStartScheduler+0x7a>
200a4df8:	6789                	lui	a5,0x2
200a4dfa:	80078793          	addi	a5,a5,-2048 # 1800 <__stack_size+0x800>
200a4dfe:	30079073          	csrw	mstatus,a5
200a4e02:	577d                	li	a4,-1
200a4e04:	9ee1aa23          	sw	a4,-1548(gp) # 200c05d4 <xNextTaskUnblockTime>
200a4e08:	a0a1a423          	sw	a0,-1528(gp) # 200c05e8 <xSchedulerRunning>
200a4e0c:	a001a823          	sw	zero,-1520(gp) # 200c05f0 <xTickCount>
200a4e10:	af5ff0ef          	jal	ra,200a4904 <xPortStartScheduler>
200a4e14:	81c1a783          	lw	a5,-2020(gp) # 200c03fc <uxTopUsedPriority>
200a4e18:	0141                	addi	sp,sp,16
200a4e1a:	821fb06f          	j	200a063a <__riscv_restore_0>

200a4e1e <vTaskSuspendAll>:
200a4e1e:	9ec1a783          	lw	a5,-1556(gp) # 200c05cc <uxSchedulerSuspended>
200a4e22:	0785                	addi	a5,a5,1
200a4e24:	9ef1a623          	sw	a5,-1556(gp) # 200c05cc <uxSchedulerSuspended>
200a4e28:	8082                	ret

200a4e2a <xTaskGetTickCount>:
200a4e2a:	a101a503          	lw	a0,-1520(gp) # 200c05f0 <xTickCount>
200a4e2e:	8082                	ret

200a4e30 <xTaskIncrementTick>:
200a4e30:	fe6fb2ef          	jal	t0,200a0616 <__riscv_save_0>
200a4e34:	9ec1a783          	lw	a5,-1556(gp) # 200c05cc <uxSchedulerSuspended>
200a4e38:	1141                	addi	sp,sp,-16
200a4e3a:	14079363          	bnez	a5,200a4f80 <xTaskIncrementTick+0x150>
200a4e3e:	a101a403          	lw	s0,-1520(gp) # 200c05f0 <xTickCount>
200a4e42:	0405                	addi	s0,s0,1
200a4e44:	a081a823          	sw	s0,-1520(gp) # 200c05f0 <xTickCount>
200a4e48:	ec0d                	bnez	s0,200a4e82 <xTaskIncrementTick+0x52>
200a4e4a:	a201a783          	lw	a5,-1504(gp) # 200c0600 <pxDelayedTaskList>
200a4e4e:	439c                	lw	a5,0(a5)
200a4e50:	cb91                	beqz	a5,200a4e64 <xTaskIncrementTick+0x34>
200a4e52:	6585                	lui	a1,0x1
200a4e54:	200aa537          	lui	a0,0x200aa
200a4e58:	2a558593          	addi	a1,a1,677 # 12a5 <__stack_size+0x2a5>
200a4e5c:	6cc50513          	addi	a0,a0,1740 # 200aa6cc <CSWTCH.43+0xe8>
200a4e60:	abbfe0ef          	jal	ra,200a391a <vApplicationAssertFailed>
200a4e64:	a201a703          	lw	a4,-1504(gp) # 200c0600 <pxDelayedTaskList>
200a4e68:	a1c1a683          	lw	a3,-1508(gp) # 200c05fc <pxOverflowDelayedTaskList>
200a4e6c:	a2d1a023          	sw	a3,-1504(gp) # 200c0600 <pxDelayedTaskList>
200a4e70:	a0e1ae23          	sw	a4,-1508(gp) # 200c05fc <pxOverflowDelayedTaskList>
200a4e74:	9fc1a783          	lw	a5,-1540(gp) # 200c05dc <xNumOfOverflows>
200a4e78:	0785                	addi	a5,a5,1
200a4e7a:	9ef1ae23          	sw	a5,-1540(gp) # 200c05dc <xNumOfOverflows>
200a4e7e:	cdbff0ef          	jal	ra,200a4b58 <prvResetNextTaskUnblockTime>
200a4e82:	9f41a783          	lw	a5,-1548(gp) # 200c05d4 <xNextTaskUnblockTime>
200a4e86:	200d9737          	lui	a4,0x200d9
200a4e8a:	1b470713          	addi	a4,a4,436 # 200d91b4 <pxReadyTasksLists>
200a4e8e:	4501                	li	a0,0
200a4e90:	02f47b63          	bgeu	s0,a5,200a4ec6 <xTaskIncrementTick+0x96>
200a4e94:	a241a783          	lw	a5,-1500(gp) # 200c0604 <pxCurrentTCB>
200a4e98:	46d1                	li	a3,20
200a4e9a:	57dc                	lw	a5,44(a5)
200a4e9c:	02d787b3          	mul	a5,a5,a3
200a4ea0:	973e                	add	a4,a4,a5
200a4ea2:	4318                	lw	a4,0(a4)
200a4ea4:	4785                	li	a5,1
200a4ea6:	00e7f363          	bgeu	a5,a4,200a4eac <xTaskIncrementTick+0x7c>
200a4eaa:	4505                	li	a0,1
200a4eac:	a041a783          	lw	a5,-1532(gp) # 200c05e4 <xPendedTicks>
200a4eb0:	e789                	bnez	a5,200a4eba <xTaskIncrementTick+0x8a>
200a4eb2:	c62a                	sw	a0,12(sp)
200a4eb4:	bcbfd0ef          	jal	ra,200a2a7e <vApplicationTickHook>
200a4eb8:	4532                	lw	a0,12(sp)
200a4eba:	a001a783          	lw	a5,-1536(gp) # 200c05e0 <xYieldPendings>
200a4ebe:	ebf1                	bnez	a5,200a4f92 <xTaskIncrementTick+0x162>
200a4ec0:	0141                	addi	sp,sp,16
200a4ec2:	f78fb06f          	j	200a063a <__riscv_restore_0>
200a4ec6:	4fd1                	li	t6,20
200a4ec8:	a065                	j	200a4f70 <xTaskIncrementTick+0x140>
200a4eca:	a201a783          	lw	a5,-1504(gp) # 200c0600 <pxDelayedTaskList>
200a4ece:	47dc                	lw	a5,12(a5)
200a4ed0:	47dc                	lw	a5,12(a5)
200a4ed2:	43d4                	lw	a3,4(a5)
200a4ed4:	00d47563          	bgeu	s0,a3,200a4ede <xTaskIncrementTick+0xae>
200a4ed8:	9ed1aa23          	sw	a3,-1548(gp) # 200c05d4 <xNextTaskUnblockTime>
200a4edc:	bf65                	j	200a4e94 <xTaskIncrementTick+0x64>
200a4ede:	0087a803          	lw	a6,8(a5)
200a4ee2:	47d0                	lw	a2,12(a5)
200a4ee4:	4bd4                	lw	a3,20(a5)
200a4ee6:	00478893          	addi	a7,a5,4
200a4eea:	00c82423          	sw	a2,8(a6)
200a4eee:	01062223          	sw	a6,4(a2)
200a4ef2:	0046a803          	lw	a6,4(a3)
200a4ef6:	01181363          	bne	a6,a7,200a4efc <xTaskIncrementTick+0xcc>
200a4efa:	c2d0                	sw	a2,4(a3)
200a4efc:	4290                	lw	a2,0(a3)
200a4efe:	0007aa23          	sw	zero,20(a5)
200a4f02:	167d                	addi	a2,a2,-1
200a4f04:	c290                	sw	a2,0(a3)
200a4f06:	5794                	lw	a3,40(a5)
200a4f08:	c685                	beqz	a3,200a4f30 <xTaskIncrementTick+0x100>
200a4f0a:	01c7a803          	lw	a6,28(a5)
200a4f0e:	5390                	lw	a2,32(a5)
200a4f10:	0046af03          	lw	t5,4(a3)
200a4f14:	00c82423          	sw	a2,8(a6)
200a4f18:	01062223          	sw	a6,4(a2)
200a4f1c:	01878813          	addi	a6,a5,24
200a4f20:	010f1363          	bne	t5,a6,200a4f26 <xTaskIncrementTick+0xf6>
200a4f24:	c2d0                	sw	a2,4(a3)
200a4f26:	4290                	lw	a2,0(a3)
200a4f28:	0207a423          	sw	zero,40(a5)
200a4f2c:	167d                	addi	a2,a2,-1
200a4f2e:	c290                	sw	a2,0(a3)
200a4f30:	57d0                	lw	a2,44(a5)
200a4f32:	a0c1a683          	lw	a3,-1524(gp) # 200c05ec <uxTopReadyPriority>
200a4f36:	00c6f463          	bgeu	a3,a2,200a4f3e <xTaskIncrementTick+0x10e>
200a4f3a:	a0c1a623          	sw	a2,-1524(gp) # 200c05ec <uxTopReadyPriority>
200a4f3e:	03f606b3          	mul	a3,a2,t6
200a4f42:	96ba                	add	a3,a3,a4
200a4f44:	0046a803          	lw	a6,4(a3)
200a4f48:	00882f03          	lw	t5,8(a6)
200a4f4c:	0107a423          	sw	a6,8(a5)
200a4f50:	01e7a623          	sw	t5,12(a5)
200a4f54:	011f2223          	sw	a7,4(t5)
200a4f58:	01182423          	sw	a7,8(a6)
200a4f5c:	cbd4                	sw	a3,20(a5)
200a4f5e:	429c                	lw	a5,0(a3)
200a4f60:	0785                	addi	a5,a5,1
200a4f62:	c29c                	sw	a5,0(a3)
200a4f64:	a241a783          	lw	a5,-1500(gp) # 200c0604 <pxCurrentTCB>
200a4f68:	57dc                	lw	a5,44(a5)
200a4f6a:	00c7f363          	bgeu	a5,a2,200a4f70 <xTaskIncrementTick+0x140>
200a4f6e:	4505                	li	a0,1
200a4f70:	a201a783          	lw	a5,-1504(gp) # 200c0600 <pxDelayedTaskList>
200a4f74:	439c                	lw	a5,0(a5)
200a4f76:	fbb1                	bnez	a5,200a4eca <xTaskIncrementTick+0x9a>
200a4f78:	57fd                	li	a5,-1
200a4f7a:	9ef1aa23          	sw	a5,-1548(gp) # 200c05d4 <xNextTaskUnblockTime>
200a4f7e:	bf19                	j	200a4e94 <xTaskIncrementTick+0x64>
200a4f80:	a041a783          	lw	a5,-1532(gp) # 200c05e4 <xPendedTicks>
200a4f84:	0785                	addi	a5,a5,1
200a4f86:	a0f1a223          	sw	a5,-1532(gp) # 200c05e4 <xPendedTicks>
200a4f8a:	af5fd0ef          	jal	ra,200a2a7e <vApplicationTickHook>
200a4f8e:	4501                	li	a0,0
200a4f90:	bf05                	j	200a4ec0 <xTaskIncrementTick+0x90>
200a4f92:	4505                	li	a0,1
200a4f94:	b735                	j	200a4ec0 <xTaskIncrementTick+0x90>

200a4f96 <xTaskResumeAll>:
200a4f96:	e66fb2ef          	jal	t0,200a05fc <__riscv_save_4>
200a4f9a:	1141                	addi	sp,sp,-16
200a4f9c:	a77ff0ef          	jal	ra,200a4a12 <vPortEnterCritical>
200a4fa0:	9ec1a783          	lw	a5,-1556(gp) # 200c05cc <uxSchedulerSuspended>
200a4fa4:	eb91                	bnez	a5,200a4fb8 <xTaskResumeAll+0x22>
200a4fa6:	6585                	lui	a1,0x1
200a4fa8:	200aa537          	lui	a0,0x200aa
200a4fac:	fd458593          	addi	a1,a1,-44 # fd4 <_highcode_lma+0xef4>
200a4fb0:	6cc50513          	addi	a0,a0,1740 # 200aa6cc <CSWTCH.43+0xe8>
200a4fb4:	967fe0ef          	jal	ra,200a391a <vApplicationAssertFailed>
200a4fb8:	9ec1a783          	lw	a5,-1556(gp) # 200c05cc <uxSchedulerSuspended>
200a4fbc:	17fd                	addi	a5,a5,-1
200a4fbe:	9ef1a623          	sw	a5,-1556(gp) # 200c05cc <uxSchedulerSuspended>
200a4fc2:	9ec1a783          	lw	a5,-1556(gp) # 200c05cc <uxSchedulerSuspended>
200a4fc6:	cb89                	beqz	a5,200a4fd8 <xTaskResumeAll+0x42>
200a4fc8:	4501                	li	a0,0
200a4fca:	c62a                	sw	a0,12(sp)
200a4fcc:	a5dff0ef          	jal	ra,200a4a28 <vPortExitCritical>
200a4fd0:	4532                	lw	a0,12(sp)
200a4fd2:	0141                	addi	sp,sp,16
200a4fd4:	e5cfb06f          	j	200a0630 <__riscv_restore_4>
200a4fd8:	a141a783          	lw	a5,-1516(gp) # 200c05f4 <uxCurrentNumberOfTasks>
200a4fdc:	d7f5                	beqz	a5,200a4fc8 <xTaskResumeAll+0x32>
200a4fde:	200d96b7          	lui	a3,0x200d9
200a4fe2:	200d95b7          	lui	a1,0x200d9
200a4fe6:	4781                	li	a5,0
200a4fe8:	17868693          	addi	a3,a3,376 # 200d9178 <xPendingReadyList>
200a4fec:	1b458593          	addi	a1,a1,436 # 200d91b4 <pxReadyTasksLists>
200a4ff0:	4351                	li	t1,20
200a4ff2:	4f05                	li	t5,1
200a4ff4:	a049                	j	200a5076 <xTaskResumeAll+0xe0>
200a4ff6:	46dc                	lw	a5,12(a3)
200a4ff8:	47dc                	lw	a5,12(a5)
200a4ffa:	5798                	lw	a4,40(a5)
200a4ffc:	4fc8                	lw	a0,28(a5)
200a4ffe:	5390                	lw	a2,32(a5)
200a5000:	00472803          	lw	a6,4(a4)
200a5004:	c510                	sw	a2,8(a0)
200a5006:	c248                	sw	a0,4(a2)
200a5008:	01878513          	addi	a0,a5,24
200a500c:	00a81363          	bne	a6,a0,200a5012 <xTaskResumeAll+0x7c>
200a5010:	c350                	sw	a2,4(a4)
200a5012:	4310                	lw	a2,0(a4)
200a5014:	0207a423          	sw	zero,40(a5)
200a5018:	167d                	addi	a2,a2,-1
200a501a:	c310                	sw	a2,0(a4)
200a501c:	4788                	lw	a0,8(a5)
200a501e:	47d0                	lw	a2,12(a5)
200a5020:	4bd8                	lw	a4,20(a5)
200a5022:	00478813          	addi	a6,a5,4
200a5026:	c510                	sw	a2,8(a0)
200a5028:	c248                	sw	a0,4(a2)
200a502a:	4348                	lw	a0,4(a4)
200a502c:	01051363          	bne	a0,a6,200a5032 <xTaskResumeAll+0x9c>
200a5030:	c350                	sw	a2,4(a4)
200a5032:	4310                	lw	a2,0(a4)
200a5034:	167d                	addi	a2,a2,-1
200a5036:	c310                	sw	a2,0(a4)
200a5038:	57d0                	lw	a2,44(a5)
200a503a:	a0c1a703          	lw	a4,-1524(gp) # 200c05ec <uxTopReadyPriority>
200a503e:	00c77463          	bgeu	a4,a2,200a5046 <xTaskResumeAll+0xb0>
200a5042:	a0c1a623          	sw	a2,-1524(gp) # 200c05ec <uxTopReadyPriority>
200a5046:	02660733          	mul	a4,a2,t1
200a504a:	972e                	add	a4,a4,a1
200a504c:	4348                	lw	a0,4(a4)
200a504e:	00852883          	lw	a7,8(a0)
200a5052:	c788                	sw	a0,8(a5)
200a5054:	0117a623          	sw	a7,12(a5)
200a5058:	0108a223          	sw	a6,4(a7)
200a505c:	01052423          	sw	a6,8(a0)
200a5060:	4308                	lw	a0,0(a4)
200a5062:	cbd8                	sw	a4,20(a5)
200a5064:	0505                	addi	a0,a0,1
200a5066:	c308                	sw	a0,0(a4)
200a5068:	a241a703          	lw	a4,-1500(gp) # 200c0604 <pxCurrentTCB>
200a506c:	5758                	lw	a4,44(a4)
200a506e:	00c77463          	bgeu	a4,a2,200a5076 <xTaskResumeAll+0xe0>
200a5072:	a1e1a023          	sw	t5,-1536(gp) # 200c05e0 <xYieldPendings>
200a5076:	4298                	lw	a4,0(a3)
200a5078:	ff3d                	bnez	a4,200a4ff6 <xTaskResumeAll+0x60>
200a507a:	c399                	beqz	a5,200a5080 <xTaskResumeAll+0xea>
200a507c:	addff0ef          	jal	ra,200a4b58 <prvResetNextTaskUnblockTime>
200a5080:	a041a403          	lw	s0,-1532(gp) # 200c05e4 <xPendedTicks>
200a5084:	c819                	beqz	s0,200a509a <xTaskResumeAll+0x104>
200a5086:	4985                	li	s3,1
200a5088:	da9ff0ef          	jal	ra,200a4e30 <xTaskIncrementTick>
200a508c:	c119                	beqz	a0,200a5092 <xTaskResumeAll+0xfc>
200a508e:	a131a023          	sw	s3,-1536(gp) # 200c05e0 <xYieldPendings>
200a5092:	147d                	addi	s0,s0,-1
200a5094:	f875                	bnez	s0,200a5088 <xTaskResumeAll+0xf2>
200a5096:	a001a223          	sw	zero,-1532(gp) # 200c05e4 <xPendedTicks>
200a509a:	a001a783          	lw	a5,-1536(gp) # 200c05e0 <xYieldPendings>
200a509e:	f20785e3          	beqz	a5,200a4fc8 <xTaskResumeAll+0x32>
200a50a2:	a241a783          	lw	a5,-1500(gp) # 200c0604 <pxCurrentTCB>
200a50a6:	6711                	lui	a4,0x4
200a50a8:	e000e7b7          	lui	a5,0xe000e
200a50ac:	20e7a023          	sw	a4,512(a5) # e000e200 <__freertos_irq_stack_topV5+0xbff0e200>
200a50b0:	4505                	li	a0,1
200a50b2:	bf21                	j	200a4fca <xTaskResumeAll+0x34>

200a50b4 <xTaskDelayUntil>:
200a50b4:	d62fb2ef          	jal	t0,200a0616 <__riscv_save_0>
200a50b8:	84aa                	mv	s1,a0
200a50ba:	842e                	mv	s0,a1
200a50bc:	e911                	bnez	a0,200a50d0 <xTaskDelayUntil+0x1c>
200a50be:	6585                	lui	a1,0x1
200a50c0:	200aa537          	lui	a0,0x200aa
200a50c4:	95958593          	addi	a1,a1,-1703 # 959 <_highcode_lma+0x879>
200a50c8:	6cc50513          	addi	a0,a0,1740 # 200aa6cc <CSWTCH.43+0xe8>
200a50cc:	84ffe0ef          	jal	ra,200a391a <vApplicationAssertFailed>
200a50d0:	e811                	bnez	s0,200a50e4 <xTaskDelayUntil+0x30>
200a50d2:	6585                	lui	a1,0x1
200a50d4:	200aa537          	lui	a0,0x200aa
200a50d8:	95a58593          	addi	a1,a1,-1702 # 95a <_highcode_lma+0x87a>
200a50dc:	6cc50513          	addi	a0,a0,1740 # 200aa6cc <CSWTCH.43+0xe8>
200a50e0:	83bfe0ef          	jal	ra,200a391a <vApplicationAssertFailed>
200a50e4:	d3bff0ef          	jal	ra,200a4e1e <vTaskSuspendAll>
200a50e8:	a101a903          	lw	s2,-1520(gp) # 200c05f0 <xTickCount>
200a50ec:	9ec1a703          	lw	a4,-1556(gp) # 200c05cc <uxSchedulerSuspended>
200a50f0:	4785                	li	a5,1
200a50f2:	00f70b63          	beq	a4,a5,200a5108 <xTaskDelayUntil+0x54>
200a50f6:	6585                	lui	a1,0x1
200a50f8:	200aa537          	lui	a0,0x200aa
200a50fc:	96258593          	addi	a1,a1,-1694 # 962 <_highcode_lma+0x882>
200a5100:	6cc50513          	addi	a0,a0,1740 # 200aa6cc <CSWTCH.43+0xe8>
200a5104:	817fe0ef          	jal	ra,200a391a <vApplicationAssertFailed>
200a5108:	4098                	lw	a4,0(s1)
200a510a:	00870533          	add	a0,a4,s0
200a510e:	00e536b3          	sltu	a3,a0,a4
200a5112:	02e97263          	bgeu	s2,a4,200a5136 <xTaskDelayUntil+0x82>
200a5116:	c299                	beqz	a3,200a511c <xTaskDelayUntil+0x68>
200a5118:	02a96063          	bltu	s2,a0,200a5138 <xTaskDelayUntil+0x84>
200a511c:	c088                	sw	a0,0(s1)
200a511e:	4401                	li	s0,0
200a5120:	e77ff0ef          	jal	ra,200a4f96 <xTaskResumeAll>
200a5124:	e511                	bnez	a0,200a5130 <xTaskDelayUntil+0x7c>
200a5126:	e000e7b7          	lui	a5,0xe000e
200a512a:	6711                	lui	a4,0x4
200a512c:	20e7a023          	sw	a4,512(a5) # e000e200 <__freertos_irq_stack_topV5+0xbff0e200>
200a5130:	8522                	mv	a0,s0
200a5132:	d08fb06f          	j	200a063a <__riscv_restore_0>
200a5136:	d2ed                	beqz	a3,200a5118 <xTaskDelayUntil+0x64>
200a5138:	c088                	sw	a0,0(s1)
200a513a:	4581                	li	a1,0
200a513c:	41250533          	sub	a0,a0,s2
200a5140:	983ff0ef          	jal	ra,200a4ac2 <prvAddCurrentTaskToDelayedList>
200a5144:	4405                	li	s0,1
200a5146:	bfe9                	j	200a5120 <xTaskDelayUntil+0x6c>

200a5148 <vTaskDelay>:
200a5148:	e519                	bnez	a0,200a5156 <vTaskDelay+0xe>
200a514a:	e000e7b7          	lui	a5,0xe000e
200a514e:	6711                	lui	a4,0x4
200a5150:	20e7a023          	sw	a4,512(a5) # e000e200 <__freertos_irq_stack_topV5+0xbff0e200>
200a5154:	8082                	ret
200a5156:	cc0fb2ef          	jal	t0,200a0616 <__riscv_save_0>
200a515a:	842a                	mv	s0,a0
200a515c:	cc3ff0ef          	jal	ra,200a4e1e <vTaskSuspendAll>
200a5160:	9ec1a703          	lw	a4,-1556(gp) # 200c05cc <uxSchedulerSuspended>
200a5164:	4785                	li	a5,1
200a5166:	00f70b63          	beq	a4,a5,200a517c <vTaskDelay+0x34>
200a516a:	6585                	lui	a1,0x1
200a516c:	200aa537          	lui	a0,0x200aa
200a5170:	9b858593          	addi	a1,a1,-1608 # 9b8 <_highcode_lma+0x8d8>
200a5174:	6cc50513          	addi	a0,a0,1740 # 200aa6cc <CSWTCH.43+0xe8>
200a5178:	fa2fe0ef          	jal	ra,200a391a <vApplicationAssertFailed>
200a517c:	4581                	li	a1,0
200a517e:	8522                	mv	a0,s0
200a5180:	943ff0ef          	jal	ra,200a4ac2 <prvAddCurrentTaskToDelayedList>
200a5184:	e13ff0ef          	jal	ra,200a4f96 <xTaskResumeAll>
200a5188:	e511                	bnez	a0,200a5194 <vTaskDelay+0x4c>
200a518a:	e000e7b7          	lui	a5,0xe000e
200a518e:	6711                	lui	a4,0x4
200a5190:	20e7a023          	sw	a4,512(a5) # e000e200 <__freertos_irq_stack_topV5+0xbff0e200>
200a5194:	ca6fb06f          	j	200a063a <__riscv_restore_0>

200a5198 <vTaskSwitchContext>:
200a5198:	c64fb2ef          	jal	t0,200a05fc <__riscv_save_4>
200a519c:	9ec1a903          	lw	s2,-1556(gp) # 200c05cc <uxSchedulerSuspended>
200a51a0:	00090763          	beqz	s2,200a51ae <vTaskSwitchContext+0x16>
200a51a4:	4705                	li	a4,1
200a51a6:	a0e1a023          	sw	a4,-1536(gp) # 200c05e0 <xYieldPendings>
200a51aa:	c86fb06f          	j	200a0630 <__riscv_restore_4>
200a51ae:	a001a023          	sw	zero,-1536(gp) # 200c05e0 <xYieldPendings>
200a51b2:	a241a783          	lw	a5,-1500(gp) # 200c0604 <pxCurrentTCB>
200a51b6:	a241a683          	lw	a3,-1500(gp) # 200c0604 <pxCurrentTCB>
200a51ba:	a241a703          	lw	a4,-1500(gp) # 200c0604 <pxCurrentTCB>
200a51be:	5b9c                	lw	a5,48(a5)
200a51c0:	4294                	lw	a3,0(a3)
200a51c2:	5b18                	lw	a4,48(a4)
200a51c4:	02d77263          	bgeu	a4,a3,200a51e8 <vTaskSwitchContext+0x50>
200a51c8:	4390                	lw	a2,0(a5)
200a51ca:	a5a5a737          	lui	a4,0xa5a5a
200a51ce:	5a570713          	addi	a4,a4,1445 # a5a5a5a5 <__freertos_irq_stack_topV5+0x8595a5a5>
200a51d2:	00e61b63          	bne	a2,a4,200a51e8 <vTaskSwitchContext+0x50>
200a51d6:	43d4                	lw	a3,4(a5)
200a51d8:	00c69863          	bne	a3,a2,200a51e8 <vTaskSwitchContext+0x50>
200a51dc:	4798                	lw	a4,8(a5)
200a51de:	00d71563          	bne	a4,a3,200a51e8 <vTaskSwitchContext+0x50>
200a51e2:	47dc                	lw	a5,12(a5)
200a51e4:	00e78a63          	beq	a5,a4,200a51f8 <vTaskSwitchContext+0x60>
200a51e8:	a241a583          	lw	a1,-1500(gp) # 200c0604 <pxCurrentTCB>
200a51ec:	a241a503          	lw	a0,-1500(gp) # 200c0604 <pxCurrentTCB>
200a51f0:	03458593          	addi	a1,a1,52
200a51f4:	eeefe0ef          	jal	ra,200a38e2 <vApplicationStackOverflowHook>
200a51f8:	200d97b7          	lui	a5,0x200d9
200a51fc:	37078713          	addi	a4,a5,880 # 200d9370 <g_dbg_kernel>
200a5200:	5314                	lw	a3,32(a4)
200a5202:	37078793          	addi	a5,a5,880
200a5206:	0685                	addi	a3,a3,1
200a5208:	d314                	sw	a3,32(a4)
200a520a:	a0c1a683          	lw	a3,-1524(gp) # 200c05ec <uxTopReadyPriority>
200a520e:	d354                	sw	a3,36(a4)
200a5210:	9ec1a683          	lw	a3,-1556(gp) # 200c05cc <uxSchedulerSuspended>
200a5214:	d754                	sw	a3,44(a4)
200a5216:	a241a683          	lw	a3,-1500(gp) # 200c0604 <pxCurrentTCB>
200a521a:	d774                	sw	a3,108(a4)
200a521c:	a241a683          	lw	a3,-1500(gp) # 200c0604 <pxCurrentTCB>
200a5220:	577d                	li	a4,-1
200a5222:	c681                	beqz	a3,200a522a <vTaskSwitchContext+0x92>
200a5224:	a241a703          	lw	a4,-1500(gp) # 200c0604 <pxCurrentTCB>
200a5228:	5758                	lw	a4,44(a4)
200a522a:	200d94b7          	lui	s1,0x200d9
200a522e:	d798                	sw	a4,40(a5)
200a5230:	463d                	li	a2,15
200a5232:	1b448713          	addi	a4,s1,436 # 200d91b4 <pxReadyTasksLists>
200a5236:	1b448493          	addi	s1,s1,436
200a523a:	430c                	lw	a1,0(a4)
200a523c:	00c90693          	addi	a3,s2,12
200a5240:	20f6c6b3          	sh2add	a3,a3,a5
200a5244:	0905                	addi	s2,s2,1
200a5246:	c28c                	sw	a1,0(a3)
200a5248:	0751                	addi	a4,a4,20
200a524a:	fec918e3          	bne	s2,a2,200a523a <vTaskSwitchContext+0xa2>
200a524e:	a0c1a903          	lw	s2,-1524(gp) # 200c05ec <uxTopReadyPriority>
200a5252:	6a05                	lui	s4,0x1
200a5254:	4ad1                	li	s5,20
200a5256:	443a0a13          	addi	s4,s4,1091 # 1443 <__stack_size+0x443>
200a525a:	200aab37          	lui	s6,0x200aa
200a525e:	035907b3          	mul	a5,s2,s5
200a5262:	00f48733          	add	a4,s1,a5
200a5266:	4314                	lw	a3,0(a4)
200a5268:	c69d                	beqz	a3,200a5296 <vTaskSwitchContext+0xfe>
200a526a:	4354                	lw	a3,4(a4)
200a526c:	07a1                	addi	a5,a5,8
200a526e:	97a6                	add	a5,a5,s1
200a5270:	42d4                	lw	a3,4(a3)
200a5272:	c354                	sw	a3,4(a4)
200a5274:	00f69463          	bne	a3,a5,200a527c <vTaskSwitchContext+0xe4>
200a5278:	475c                	lw	a5,12(a4)
200a527a:	c35c                	sw	a5,4(a4)
200a527c:	47d1                	li	a5,20
200a527e:	02f907b3          	mul	a5,s2,a5
200a5282:	94be                	add	s1,s1,a5
200a5284:	40dc                	lw	a5,4(s1)
200a5286:	47dc                	lw	a5,12(a5)
200a5288:	a2f1a223          	sw	a5,-1500(gp) # 200c0604 <pxCurrentTCB>
200a528c:	a121a623          	sw	s2,-1524(gp) # 200c05ec <uxTopReadyPriority>
200a5290:	a241a783          	lw	a5,-1500(gp) # 200c0604 <pxCurrentTCB>
200a5294:	bf19                	j	200a51aa <vTaskSwitchContext+0x12>
200a5296:	00091763          	bnez	s2,200a52a4 <vTaskSwitchContext+0x10c>
200a529a:	85d2                	mv	a1,s4
200a529c:	6ccb0513          	addi	a0,s6,1740 # 200aa6cc <CSWTCH.43+0xe8>
200a52a0:	e7afe0ef          	jal	ra,200a391a <vApplicationAssertFailed>
200a52a4:	197d                	addi	s2,s2,-1
200a52a6:	bf65                	j	200a525e <vTaskSwitchContext+0xc6>

200a52a8 <uxTaskGetStackHighWaterMark>:
200a52a8:	b6efb2ef          	jal	t0,200a0616 <__riscv_save_0>
200a52ac:	842a                	mv	s0,a0
200a52ae:	ed19                	bnez	a0,200a52cc <uxTaskGetStackHighWaterMark+0x24>
200a52b0:	a241a403          	lw	s0,-1500(gp) # 200c0604 <pxCurrentTCB>
200a52b4:	ec01                	bnez	s0,200a52cc <uxTaskGetStackHighWaterMark+0x24>
200a52b6:	6589                	lui	a1,0x2
200a52b8:	200aa537          	lui	a0,0x200aa
200a52bc:	93a58593          	addi	a1,a1,-1734 # 193a <__stack_size+0x93a>
200a52c0:	6cc50513          	addi	a0,a0,1740 # 200aa6cc <CSWTCH.43+0xe8>
200a52c4:	e56fe0ef          	jal	ra,200a391a <vApplicationAssertFailed>
200a52c8:	581c                	lw	a5,48(s0)
200a52ca:	9002                	ebreak
200a52cc:	5814                	lw	a3,48(s0)
200a52ce:	4501                	li	a0,0
200a52d0:	0a500793          	li	a5,165
200a52d4:	00a68733          	add	a4,a3,a0
200a52d8:	2318                	lbu	a4,0(a4)
200a52da:	00f70563          	beq	a4,a5,200a52e4 <uxTaskGetStackHighWaterMark+0x3c>
200a52de:	8109                	srli	a0,a0,0x2
200a52e0:	b5afb06f          	j	200a063a <__riscv_restore_0>
200a52e4:	0505                	addi	a0,a0,1
200a52e6:	b7fd                	j	200a52d4 <uxTaskGetStackHighWaterMark+0x2c>

200a52e8 <xTaskGetCurrentTaskHandle>:
200a52e8:	a241a503          	lw	a0,-1500(gp) # 200c0604 <pxCurrentTCB>
200a52ec:	8082                	ret

200a52ee <xTaskGetSchedulerState>:
200a52ee:	a081a783          	lw	a5,-1528(gp) # 200c05e8 <xSchedulerRunning>
200a52f2:	4505                	li	a0,1
200a52f4:	c791                	beqz	a5,200a5300 <xTaskGetSchedulerState+0x12>
200a52f6:	9ec1a503          	lw	a0,-1556(gp) # 200c05cc <uxSchedulerSuspended>
200a52fa:	00153513          	seqz	a0,a0
200a52fe:	0506                	slli	a0,a0,0x1
200a5300:	8082                	ret

200a5302 <delay_systick_cycles.part.0>:
200a5302:	40050793          	addi	a5,a0,1024
200a5306:	00355713          	srli	a4,a0,0x3
200a530a:	973e                	add	a4,a4,a5
200a530c:	e000f7b7          	lui	a5,0xe000f
200a5310:	08078793          	addi	a5,a5,128 # e000f080 <__freertos_irq_stack_topV5+0xbff0f080>
200a5314:	43d4                	lw	a3,4(a5)
200a5316:	9af5                	andi	a3,a3,-3
200a5318:	c3d4                	sw	a3,4(a5)
200a531a:	0007a423          	sw	zero,8(a5)
200a531e:	cb88                	sw	a0,16(a5)
200a5320:	4691                	li	a3,4
200a5322:	c394                	sw	a3,0(a5)
200a5324:	4394                	lw	a3,0(a5)
200a5326:	0016e693          	ori	a3,a3,1
200a532a:	c394                	sw	a3,0(a5)
200a532c:	e000f6b7          	lui	a3,0xe000f
200a5330:	08068793          	addi	a5,a3,128 # e000f080 <__freertos_irq_stack_topV5+0xbff0f080>
200a5334:	43dc                	lw	a5,4(a5)
200a5336:	8b89                	andi	a5,a5,2
200a5338:	eb89                	bnez	a5,200a534a <delay_systick_cycles.part.0+0x48>
200a533a:	fff70793          	addi	a5,a4,-1
200a533e:	ef11                	bnez	a4,200a535a <delay_systick_cycles.part.0+0x58>
200a5340:	a2818793          	addi	a5,gp,-1496 # 200c0608 <g_dbg_console>
200a5344:	4398                	lw	a4,0(a5)
200a5346:	0705                	addi	a4,a4,1
200a5348:	c398                	sw	a4,0(a5)
200a534a:	e000f7b7          	lui	a5,0xe000f
200a534e:	08078793          	addi	a5,a5,128 # e000f080 <__freertos_irq_stack_topV5+0xbff0f080>
200a5352:	4398                	lw	a4,0(a5)
200a5354:	9b79                	andi	a4,a4,-2
200a5356:	c398                	sw	a4,0(a5)
200a5358:	8082                	ret
200a535a:	873e                	mv	a4,a5
200a535c:	bfd1                	j	200a5330 <delay_systick_cycles.part.0+0x2e>

200a535e <Delay_Init>:
200a535e:	9cc1a783          	lw	a5,-1588(gp) # 200c05ac <HCLKClock>
200a5362:	000f4737          	lui	a4,0xf4
200a5366:	24070713          	addi	a4,a4,576 # f4240 <_data_lma+0xe937c>
200a536a:	02e7d7b3          	divu	a5,a5,a4
200a536e:	a2f19a23          	sh	a5,-1484(gp) # 200c0614 <p_us>
200a5372:	3e800713          	li	a4,1000
200a5376:	02e787b3          	mul	a5,a5,a4
200a537a:	a2f1a823          	sw	a5,-1488(gp) # 200c0610 <p_ms>
200a537e:	8082                	ret

200a5380 <Delay_Ms>:
200a5380:	a96fb2ef          	jal	t0,200a0616 <__riscv_save_0>
200a5384:	a301a403          	lw	s0,-1488(gp) # 200c0610 <p_ms>
200a5388:	84aa                	mv	s1,a0
200a538a:	f65ff0ef          	jal	ra,200a52ee <xTaskGetSchedulerState>
200a538e:	4785                	li	a5,1
200a5390:	00f50763          	beq	a0,a5,200a539e <Delay_Ms+0x1e>
200a5394:	8526                	mv	a0,s1
200a5396:	db3ff0ef          	jal	ra,200a5148 <vTaskDelay>
200a539a:	aa0fb06f          	j	200a063a <__riscv_restore_0>
200a539e:	02940533          	mul	a0,s0,s1
200a53a2:	dd65                	beqz	a0,200a539a <Delay_Ms+0x1a>
200a53a4:	f5fff0ef          	jal	ra,200a5302 <delay_systick_cycles.part.0>
200a53a8:	bfcd                	j	200a539a <Delay_Ms+0x1a>

200a53aa <USART_Printf_Init>:
200a53aa:	a6cfb2ef          	jal	t0,200a0616 <__riscv_save_0>
200a53ae:	1101                	addi	sp,sp,-32
200a53b0:	842a                	mv	s0,a0
200a53b2:	4585                	li	a1,1
200a53b4:	4525                	li	a0,9
200a53b6:	c202                	sw	zero,4(sp)
200a53b8:	c402                	sw	zero,8(sp)
200a53ba:	c602                	sw	zero,12(sp)
200a53bc:	c802                	sw	zero,16(sp)
200a53be:	ca02                	sw	zero,20(sp)
200a53c0:	cc02                	sw	zero,24(sp)
200a53c2:	ce02                	sw	zero,28(sp)
200a53c4:	d23fe0ef          	jal	ra,200a40e6 <RCC_HB2PeriphClockCmd>
200a53c8:	4585                	li	a1,1
200a53ca:	10000513          	li	a0,256
200a53ce:	d35fe0ef          	jal	ra,200a4102 <RCC_HB1PeriphClockCmd>
200a53d2:	400114b7          	lui	s1,0x40011
200a53d6:	462d                	li	a2,11
200a53d8:	c0048513          	addi	a0,s1,-1024 # 40010c00 <__freertos_irq_stack_topV5+0x1ff10c00>
200a53dc:	4591                	li	a1,4
200a53de:	95dfe0ef          	jal	ra,200a3d3a <GPIO_PinAFConfig>
200a53e2:	47c1                	li	a5,16
200a53e4:	827c                	sh	a5,4(sp)
200a53e6:	478d                	li	a5,3
200a53e8:	c43e                	sw	a5,8(sp)
200a53ea:	004c                	addi	a1,sp,4
200a53ec:	47e1                	li	a5,24
200a53ee:	c0048513          	addi	a0,s1,-1024
200a53f2:	c63e                	sw	a5,12(sp)
200a53f4:	857fe0ef          	jal	ra,200a3c4a <GPIO_Init>
200a53f8:	000807b7          	lui	a5,0x80
200a53fc:	080c                	addi	a1,sp,16
200a53fe:	40002537          	lui	a0,0x40002
200a5402:	cc3e                	sw	a5,24(sp)
200a5404:	c822                	sw	s0,16(sp)
200a5406:	ca02                	sw	zero,20(sp)
200a5408:	00011e23          	sh	zero,28(sp)
200a540c:	876ff0ef          	jal	ra,200a4482 <USART_Init>
200a5410:	4585                	li	a1,1
200a5412:	40002537          	lui	a0,0x40002
200a5416:	91cff0ef          	jal	ra,200a4532 <USART_Cmd>
200a541a:	6105                	addi	sp,sp,32
200a541c:	a1efb06f          	j	200a063a <__riscv_restore_0>

200a5420 <_write>:
200a5420:	9dcfb2ef          	jal	t0,200a05fc <__riscv_save_4>
200a5424:	08000793          	li	a5,128
200a5428:	892e                	mv	s2,a1
200a542a:	4481                	li	s1,0
200a542c:	000f4a37          	lui	s4,0xf4
200a5430:	0af64433          	min	s0,a2,a5
200a5434:	0484d063          	bge	s1,s0,200a5474 <_write+0x54>
200a5438:	241a0993          	addi	s3,s4,577 # f4241 <_data_lma+0xe937d>
200a543c:	08000593          	li	a1,128
200a5440:	40002537          	lui	a0,0x40002
200a5444:	954ff0ef          	jal	ra,200a4598 <USART_GetFlagStatus>
200a5448:	cd09                	beqz	a0,200a5462 <_write+0x42>
200a544a:	009907b3          	add	a5,s2,s1
200a544e:	00078583          	lb	a1,0(a5) # 80000 <_data_lma+0x7513c>
200a5452:	40002537          	lui	a0,0x40002
200a5456:	0485                	addi	s1,s1,1
200a5458:	0805c5b3          	zext.h	a1,a1
200a545c:	92cff0ef          	jal	ra,200a4588 <USART_SendData>
200a5460:	bfd1                	j	200a5434 <_write+0x14>
200a5462:	19fd                	addi	s3,s3,-1
200a5464:	fc099ce3          	bnez	s3,200a543c <_write+0x1c>
200a5468:	a2818793          	addi	a5,gp,-1496 # 200c0608 <g_dbg_console>
200a546c:	43d8                	lw	a4,4(a5)
200a546e:	8426                	mv	s0,s1
200a5470:	0705                	addi	a4,a4,1
200a5472:	c3d8                	sw	a4,4(a5)
200a5474:	8522                	mv	a0,s0
200a5476:	9bafb06f          	j	200a0630 <__riscv_restore_4>

200a547a <_sbrk>:
200a547a:	87aa                	mv	a5,a0
200a547c:	8201a503          	lw	a0,-2016(gp) # 200c0400 <curbrk.0>
200a5480:	200d9737          	lui	a4,0x200d9
200a5484:	75870713          	addi	a4,a4,1880 # 200d9758 <_ebss>
200a5488:	97aa                	add	a5,a5,a0
200a548a:	00e7eb63          	bltu	a5,a4,200a54a0 <_sbrk+0x26>
200a548e:	200ff737          	lui	a4,0x200ff
200a5492:	00070713          	mv	a4,a4
200a5496:	00f76563          	bltu	a4,a5,200a54a0 <_sbrk+0x26>
200a549a:	82f1a023          	sw	a5,-2016(gp) # 200c0400 <curbrk.0>
200a549e:	8082                	ret
200a54a0:	557d                	li	a0,-1
200a54a2:	8082                	ret

200a54a4 <cosf>:
200a54a4:	3f4917b7          	lui	a5,0x3f491
200a54a8:	fd878793          	addi	a5,a5,-40 # 3f490fd8 <__freertos_irq_stack_topV5+0x1f390fd8>
200a54ac:	49f51713          	bclri	a4,a0,0x1f
200a54b0:	00e7e563          	bltu	a5,a4,200a54ba <cosf+0x16>
200a54b4:	00000593          	li	a1,0
200a54b8:	ae6d                	j	200a5872 <__kernel_cosf>
200a54ba:	1101                	addi	sp,sp,-32
200a54bc:	ce06                	sw	ra,28(sp)
200a54be:	7f8007b7          	lui	a5,0x7f800
200a54c2:	00f76863          	bltu	a4,a5,200a54d2 <cosf+0x2e>
200a54c6:	85aa                	mv	a1,a0
200a54c8:	6e8030ef          	jal	ra,200a8bb0 <__subsf3>
200a54cc:	40f2                	lw	ra,28(sp)
200a54ce:	6105                	addi	sp,sp,32
200a54d0:	8082                	ret
200a54d2:	002c                	addi	a1,sp,8
200a54d4:	2815                	jal	200a5508 <__ieee754_rem_pio2f>
200a54d6:	00357793          	andi	a5,a0,3
200a54da:	4705                	li	a4,1
200a54dc:	45b2                	lw	a1,12(sp)
200a54de:	4522                	lw	a0,8(sp)
200a54e0:	00e78863          	beq	a5,a4,200a54f0 <cosf+0x4c>
200a54e4:	4709                	li	a4,2
200a54e6:	00e78b63          	beq	a5,a4,200a54fc <cosf+0x58>
200a54ea:	eb99                	bnez	a5,200a5500 <cosf+0x5c>
200a54ec:	2659                	jal	200a5872 <__kernel_cosf>
200a54ee:	bff9                	j	200a54cc <cosf+0x28>
200a54f0:	4605                	li	a2,1
200a54f2:	2e3000ef          	jal	ra,200a5fd4 <__kernel_sinf>
200a54f6:	69f51513          	binvi	a0,a0,0x1f
200a54fa:	bfc9                	j	200a54cc <cosf+0x28>
200a54fc:	2e9d                	jal	200a5872 <__kernel_cosf>
200a54fe:	bfe5                	j	200a54f6 <cosf+0x52>
200a5500:	4605                	li	a2,1
200a5502:	2d3000ef          	jal	ra,200a5fd4 <__kernel_sinf>
200a5506:	b7d9                	j	200a54cc <cosf+0x28>

200a5508 <__ieee754_rem_pio2f>:
200a5508:	7139                	addi	sp,sp,-64
200a550a:	3f4917b7          	lui	a5,0x3f491
200a550e:	dc22                	sw	s0,56(sp)
200a5510:	d84a                	sw	s2,48(sp)
200a5512:	d05a                	sw	s6,32(sp)
200a5514:	de06                	sw	ra,60(sp)
200a5516:	da26                	sw	s1,52(sp)
200a5518:	d64e                	sw	s3,44(sp)
200a551a:	d452                	sw	s4,40(sp)
200a551c:	d256                	sw	s5,36(sp)
200a551e:	ce5e                	sw	s7,28(sp)
200a5520:	cc62                	sw	s8,24(sp)
200a5522:	fd878793          	addi	a5,a5,-40 # 3f490fd8 <__freertos_irq_stack_topV5+0x1f390fd8>
200a5526:	8b2a                	mv	s6,a0
200a5528:	842e                	mv	s0,a1
200a552a:	49f51913          	bclri	s2,a0,0x1f
200a552e:	0127e863          	bltu	a5,s2,200a553e <__ieee754_rem_pio2f+0x36>
200a5532:	c008                	sw	a0,0(s0)
200a5534:	00000793          	li	a5,0
200a5538:	c1dc                	sw	a5,4(a1)
200a553a:	4481                	li	s1,0
200a553c:	a085                	j	200a559c <__ieee754_rem_pio2f+0x94>
200a553e:	4016d7b7          	lui	a5,0x4016d
200a5542:	be378793          	addi	a5,a5,-1053 # 4016cbe3 <__freertos_irq_stack_topV5+0x2006cbe3>
200a5546:	800009b7          	lui	s3,0x80000
200a554a:	8c2a                	mv	s8,a0
200a554c:	1127e163          	bltu	a5,s2,200a564e <__ieee754_rem_pio2f+0x146>
200a5550:	ff098493          	addi	s1,s3,-16 # 7ffffff0 <__freertos_irq_stack_topV5+0x5feffff0>
200a5554:	8ce9                	and	s1,s1,a0
200a5556:	0001b597          	auipc	a1,0x1b
200a555a:	f7a5a583          	lw	a1,-134(a1) # 200c04d0 <_impure_ptr+0xcc>
200a555e:	08a05363          	blez	a0,200a55e4 <__ieee754_rem_pio2f+0xdc>
200a5562:	64e030ef          	jal	ra,200a8bb0 <__subsf3>
200a5566:	3fc917b7          	lui	a5,0x3fc91
200a556a:	fd078793          	addi	a5,a5,-48 # 3fc90fd0 <__freertos_irq_stack_topV5+0x1fb90fd0>
200a556e:	892a                	mv	s2,a0
200a5570:	04f48363          	beq	s1,a5,200a55b6 <__ieee754_rem_pio2f+0xae>
200a5574:	0001b597          	auipc	a1,0x1b
200a5578:	f605a583          	lw	a1,-160(a1) # 200c04d4 <_impure_ptr+0xd0>
200a557c:	634030ef          	jal	ra,200a8bb0 <__subsf3>
200a5580:	85aa                	mv	a1,a0
200a5582:	84aa                	mv	s1,a0
200a5584:	854a                	mv	a0,s2
200a5586:	62a030ef          	jal	ra,200a8bb0 <__subsf3>
200a558a:	0001b597          	auipc	a1,0x1b
200a558e:	f4a5a583          	lw	a1,-182(a1) # 200c04d4 <_impure_ptr+0xd0>
200a5592:	61e030ef          	jal	ra,200a8bb0 <__subsf3>
200a5596:	c048                	sw	a0,4(s0)
200a5598:	c004                	sw	s1,0(s0)
200a559a:	4485                	li	s1,1
200a559c:	50f2                	lw	ra,60(sp)
200a559e:	5462                	lw	s0,56(sp)
200a55a0:	5942                	lw	s2,48(sp)
200a55a2:	59b2                	lw	s3,44(sp)
200a55a4:	5a22                	lw	s4,40(sp)
200a55a6:	5a92                	lw	s5,36(sp)
200a55a8:	5b02                	lw	s6,32(sp)
200a55aa:	4bf2                	lw	s7,28(sp)
200a55ac:	4c62                	lw	s8,24(sp)
200a55ae:	8526                	mv	a0,s1
200a55b0:	54d2                	lw	s1,52(sp)
200a55b2:	6121                	addi	sp,sp,64
200a55b4:	8082                	ret
200a55b6:	0001b597          	auipc	a1,0x1b
200a55ba:	f225a583          	lw	a1,-222(a1) # 200c04d8 <_impure_ptr+0xd4>
200a55be:	5f2030ef          	jal	ra,200a8bb0 <__subsf3>
200a55c2:	0001b597          	auipc	a1,0x1b
200a55c6:	f1a5a583          	lw	a1,-230(a1) # 200c04dc <_impure_ptr+0xd8>
200a55ca:	892a                	mv	s2,a0
200a55cc:	5e4030ef          	jal	ra,200a8bb0 <__subsf3>
200a55d0:	85aa                	mv	a1,a0
200a55d2:	84aa                	mv	s1,a0
200a55d4:	854a                	mv	a0,s2
200a55d6:	5da030ef          	jal	ra,200a8bb0 <__subsf3>
200a55da:	0001b597          	auipc	a1,0x1b
200a55de:	f025a583          	lw	a1,-254(a1) # 200c04dc <_impure_ptr+0xd8>
200a55e2:	bf45                	j	200a5592 <__ieee754_rem_pio2f+0x8a>
200a55e4:	365020ef          	jal	ra,200a8148 <__addsf3>
200a55e8:	3fc917b7          	lui	a5,0x3fc91
200a55ec:	fd078793          	addi	a5,a5,-48 # 3fc90fd0 <__freertos_irq_stack_topV5+0x1fb90fd0>
200a55f0:	892a                	mv	s2,a0
200a55f2:	02f48763          	beq	s1,a5,200a5620 <__ieee754_rem_pio2f+0x118>
200a55f6:	0001b597          	auipc	a1,0x1b
200a55fa:	ede5a583          	lw	a1,-290(a1) # 200c04d4 <_impure_ptr+0xd0>
200a55fe:	34b020ef          	jal	ra,200a8148 <__addsf3>
200a5602:	85aa                	mv	a1,a0
200a5604:	84aa                	mv	s1,a0
200a5606:	854a                	mv	a0,s2
200a5608:	5a8030ef          	jal	ra,200a8bb0 <__subsf3>
200a560c:	0001b597          	auipc	a1,0x1b
200a5610:	ec85a583          	lw	a1,-312(a1) # 200c04d4 <_impure_ptr+0xd0>
200a5614:	335020ef          	jal	ra,200a8148 <__addsf3>
200a5618:	c048                	sw	a0,4(s0)
200a561a:	c004                	sw	s1,0(s0)
200a561c:	54fd                	li	s1,-1
200a561e:	bfbd                	j	200a559c <__ieee754_rem_pio2f+0x94>
200a5620:	0001b597          	auipc	a1,0x1b
200a5624:	eb85a583          	lw	a1,-328(a1) # 200c04d8 <_impure_ptr+0xd4>
200a5628:	321020ef          	jal	ra,200a8148 <__addsf3>
200a562c:	0001b597          	auipc	a1,0x1b
200a5630:	eb05a583          	lw	a1,-336(a1) # 200c04dc <_impure_ptr+0xd8>
200a5634:	892a                	mv	s2,a0
200a5636:	313020ef          	jal	ra,200a8148 <__addsf3>
200a563a:	85aa                	mv	a1,a0
200a563c:	84aa                	mv	s1,a0
200a563e:	854a                	mv	a0,s2
200a5640:	570030ef          	jal	ra,200a8bb0 <__subsf3>
200a5644:	0001b597          	auipc	a1,0x1b
200a5648:	e985a583          	lw	a1,-360(a1) # 200c04dc <_impure_ptr+0xd8>
200a564c:	b7e1                	j	200a5614 <__ieee754_rem_pio2f+0x10c>
200a564e:	434917b7          	lui	a5,0x43491
200a5652:	f8078793          	addi	a5,a5,-128 # 43490f80 <__freertos_irq_stack_topV5+0x23390f80>
200a5656:	1727e763          	bltu	a5,s2,200a57c4 <__ieee754_rem_pio2f+0x2bc>
200a565a:	293000ef          	jal	ra,200a60ec <fabsf>
200a565e:	0001b597          	auipc	a1,0x1b
200a5662:	e825a583          	lw	a1,-382(a1) # 200c04e0 <_impure_ptr+0xdc>
200a5666:	8a2a                	mv	s4,a0
200a5668:	282030ef          	jal	ra,200a88ea <__mulsf3>
200a566c:	0001b597          	auipc	a1,0x1b
200a5670:	dbc5a583          	lw	a1,-580(a1) # 200c0428 <_impure_ptr+0x24>
200a5674:	2d5020ef          	jal	ra,200a8148 <__addsf3>
200a5678:	0b1030ef          	jal	ra,200a8f28 <__fixsfsi>
200a567c:	84aa                	mv	s1,a0
200a567e:	157030ef          	jal	ra,200a8fd4 <__floatsisf>
200a5682:	0001b597          	auipc	a1,0x1b
200a5686:	e4e5a583          	lw	a1,-434(a1) # 200c04d0 <_impure_ptr+0xcc>
200a568a:	8baa                	mv	s7,a0
200a568c:	25e030ef          	jal	ra,200a88ea <__mulsf3>
200a5690:	85aa                	mv	a1,a0
200a5692:	8552                	mv	a0,s4
200a5694:	51c030ef          	jal	ra,200a8bb0 <__subsf3>
200a5698:	8aaa                	mv	s5,a0
200a569a:	0001b597          	auipc	a1,0x1b
200a569e:	e3a5a583          	lw	a1,-454(a1) # 200c04d4 <_impure_ptr+0xd0>
200a56a2:	855e                	mv	a0,s7
200a56a4:	246030ef          	jal	ra,200a88ea <__mulsf3>
200a56a8:	47fd                	li	a5,31
200a56aa:	8a2a                	mv	s4,a0
200a56ac:	85aa                	mv	a1,a0
200a56ae:	8556                	mv	a0,s5
200a56b0:	0297c363          	blt	a5,s1,200a56d6 <__ieee754_rem_pio2f+0x1ce>
200a56b4:	00005797          	auipc	a5,0x5
200a56b8:	03478793          	addi	a5,a5,52 # 200aa6e8 <npio2_hw>
200a56bc:	20f4c7b3          	sh2add	a5,s1,a5
200a56c0:	ffc7a783          	lw	a5,-4(a5)
200a56c4:	f0098993          	addi	s3,s3,-256
200a56c8:	0169f9b3          	and	s3,s3,s6
200a56cc:	00f98563          	beq	s3,a5,200a56d6 <__ieee754_rem_pio2f+0x1ce>
200a56d0:	4e0030ef          	jal	ra,200a8bb0 <__subsf3>
200a56d4:	a831                	j	200a56f0 <__ieee754_rem_pio2f+0x1e8>
200a56d6:	4da030ef          	jal	ra,200a8bb0 <__subsf3>
200a56da:	01755793          	srli	a5,a0,0x17
200a56de:	41795913          	srai	s2,s2,0x17
200a56e2:	0ff7f793          	zext.b	a5,a5
200a56e6:	40f907b3          	sub	a5,s2,a5
200a56ea:	4721                	li	a4,8
200a56ec:	00f74463          	blt	a4,a5,200a56f4 <__ieee754_rem_pio2f+0x1ec>
200a56f0:	c008                	sw	a0,0(s0)
200a56f2:	a085                	j	200a5752 <__ieee754_rem_pio2f+0x24a>
200a56f4:	0001b597          	auipc	a1,0x1b
200a56f8:	de45a583          	lw	a1,-540(a1) # 200c04d8 <_impure_ptr+0xd4>
200a56fc:	855e                	mv	a0,s7
200a56fe:	1ec030ef          	jal	ra,200a88ea <__mulsf3>
200a5702:	8a2a                	mv	s4,a0
200a5704:	85aa                	mv	a1,a0
200a5706:	8556                	mv	a0,s5
200a5708:	4a8030ef          	jal	ra,200a8bb0 <__subsf3>
200a570c:	85aa                	mv	a1,a0
200a570e:	89aa                	mv	s3,a0
200a5710:	8556                	mv	a0,s5
200a5712:	49e030ef          	jal	ra,200a8bb0 <__subsf3>
200a5716:	85d2                	mv	a1,s4
200a5718:	498030ef          	jal	ra,200a8bb0 <__subsf3>
200a571c:	8a2a                	mv	s4,a0
200a571e:	0001b597          	auipc	a1,0x1b
200a5722:	dbe5a583          	lw	a1,-578(a1) # 200c04dc <_impure_ptr+0xd8>
200a5726:	855e                	mv	a0,s7
200a5728:	1c2030ef          	jal	ra,200a88ea <__mulsf3>
200a572c:	85d2                	mv	a1,s4
200a572e:	482030ef          	jal	ra,200a8bb0 <__subsf3>
200a5732:	85aa                	mv	a1,a0
200a5734:	8a2a                	mv	s4,a0
200a5736:	854e                	mv	a0,s3
200a5738:	478030ef          	jal	ra,200a8bb0 <__subsf3>
200a573c:	01755793          	srli	a5,a0,0x17
200a5740:	0ff7f793          	zext.b	a5,a5
200a5744:	40f90933          	sub	s2,s2,a5
200a5748:	47e5                	li	a5,25
200a574a:	0327ca63          	blt	a5,s2,200a577e <__ieee754_rem_pio2f+0x276>
200a574e:	c008                	sw	a0,0(s0)
200a5750:	8ace                	mv	s5,s3
200a5752:	00042903          	lw	s2,0(s0)
200a5756:	8556                	mv	a0,s5
200a5758:	85ca                	mv	a1,s2
200a575a:	456030ef          	jal	ra,200a8bb0 <__subsf3>
200a575e:	85d2                	mv	a1,s4
200a5760:	450030ef          	jal	ra,200a8bb0 <__subsf3>
200a5764:	c048                	sw	a0,4(s0)
200a5766:	e20c5be3          	bgez	s8,200a559c <__ieee754_rem_pio2f+0x94>
200a576a:	69f91913          	binvi	s2,s2,0x1f
200a576e:	69f51513          	binvi	a0,a0,0x1f
200a5772:	01242023          	sw	s2,0(s0)
200a5776:	c048                	sw	a0,4(s0)
200a5778:	409004b3          	neg	s1,s1
200a577c:	b505                	j	200a559c <__ieee754_rem_pio2f+0x94>
200a577e:	0001b597          	auipc	a1,0x1b
200a5782:	d665a583          	lw	a1,-666(a1) # 200c04e4 <_impure_ptr+0xe0>
200a5786:	855e                	mv	a0,s7
200a5788:	162030ef          	jal	ra,200a88ea <__mulsf3>
200a578c:	892a                	mv	s2,a0
200a578e:	85aa                	mv	a1,a0
200a5790:	854e                	mv	a0,s3
200a5792:	41e030ef          	jal	ra,200a8bb0 <__subsf3>
200a5796:	85aa                	mv	a1,a0
200a5798:	8aaa                	mv	s5,a0
200a579a:	854e                	mv	a0,s3
200a579c:	414030ef          	jal	ra,200a8bb0 <__subsf3>
200a57a0:	85ca                	mv	a1,s2
200a57a2:	40e030ef          	jal	ra,200a8bb0 <__subsf3>
200a57a6:	892a                	mv	s2,a0
200a57a8:	0001b597          	auipc	a1,0x1b
200a57ac:	d405a583          	lw	a1,-704(a1) # 200c04e8 <_impure_ptr+0xe4>
200a57b0:	855e                	mv	a0,s7
200a57b2:	138030ef          	jal	ra,200a88ea <__mulsf3>
200a57b6:	85ca                	mv	a1,s2
200a57b8:	3f8030ef          	jal	ra,200a8bb0 <__subsf3>
200a57bc:	8a2a                	mv	s4,a0
200a57be:	85aa                	mv	a1,a0
200a57c0:	8556                	mv	a0,s5
200a57c2:	b739                	j	200a56d0 <__ieee754_rem_pio2f+0x1c8>
200a57c4:	7f8007b7          	lui	a5,0x7f800
200a57c8:	00f96863          	bltu	s2,a5,200a57d8 <__ieee754_rem_pio2f+0x2d0>
200a57cc:	85aa                	mv	a1,a0
200a57ce:	3e2030ef          	jal	ra,200a8bb0 <__subsf3>
200a57d2:	c048                	sw	a0,4(s0)
200a57d4:	c008                	sw	a0,0(s0)
200a57d6:	b395                	j	200a553a <__ieee754_rem_pio2f+0x32>
200a57d8:	41795993          	srai	s3,s2,0x17
200a57dc:	f7a98993          	addi	s3,s3,-134
200a57e0:	01799793          	slli	a5,s3,0x17
200a57e4:	40f90933          	sub	s2,s2,a5
200a57e8:	854a                	mv	a0,s2
200a57ea:	73e030ef          	jal	ra,200a8f28 <__fixsfsi>
200a57ee:	7e6030ef          	jal	ra,200a8fd4 <__floatsisf>
200a57f2:	85aa                	mv	a1,a0
200a57f4:	c22a                	sw	a0,4(sp)
200a57f6:	854a                	mv	a0,s2
200a57f8:	3b8030ef          	jal	ra,200a8bb0 <__subsf3>
200a57fc:	0001b597          	auipc	a1,0x1b
200a5800:	cf05a583          	lw	a1,-784(a1) # 200c04ec <_impure_ptr+0xe8>
200a5804:	0e6030ef          	jal	ra,200a88ea <__mulsf3>
200a5808:	892a                	mv	s2,a0
200a580a:	71e030ef          	jal	ra,200a8f28 <__fixsfsi>
200a580e:	7c6030ef          	jal	ra,200a8fd4 <__floatsisf>
200a5812:	85aa                	mv	a1,a0
200a5814:	c42a                	sw	a0,8(sp)
200a5816:	84aa                	mv	s1,a0
200a5818:	854a                	mv	a0,s2
200a581a:	396030ef          	jal	ra,200a8bb0 <__subsf3>
200a581e:	0001b597          	auipc	a1,0x1b
200a5822:	cce5a583          	lw	a1,-818(a1) # 200c04ec <_impure_ptr+0xe8>
200a5826:	0c4030ef          	jal	ra,200a88ea <__mulsf3>
200a582a:	00000593          	li	a1,0
200a582e:	c62a                	sw	a0,12(sp)
200a5830:	72f020ef          	jal	ra,200a875e <__eqsf2>
200a5834:	468d                	li	a3,3
200a5836:	e909                	bnez	a0,200a5848 <__ieee754_rem_pio2f+0x340>
200a5838:	00000593          	li	a1,0
200a583c:	8526                	mv	a0,s1
200a583e:	721020ef          	jal	ra,200a875e <__eqsf2>
200a5842:	00a036b3          	snez	a3,a0
200a5846:	0685                	addi	a3,a3,1
200a5848:	00005797          	auipc	a5,0x5
200a584c:	f2078793          	addi	a5,a5,-224 # 200aa768 <two_over_pi>
200a5850:	4709                	li	a4,2
200a5852:	864e                	mv	a2,s3
200a5854:	85a2                	mv	a1,s0
200a5856:	0048                	addi	a0,sp,4
200a5858:	2a91                	jal	200a59ac <__kernel_rem_pio2f>
200a585a:	84aa                	mv	s1,a0
200a585c:	d40c50e3          	bgez	s8,200a559c <__ieee754_rem_pio2f+0x94>
200a5860:	401c                	lw	a5,0(s0)
200a5862:	69f79793          	binvi	a5,a5,0x1f
200a5866:	c01c                	sw	a5,0(s0)
200a5868:	405c                	lw	a5,4(s0)
200a586a:	69f79793          	binvi	a5,a5,0x1f
200a586e:	c05c                	sw	a5,4(s0)
200a5870:	b721                	j	200a5778 <__ieee754_rem_pio2f+0x270>

200a5872 <__kernel_cosf>:
200a5872:	7179                	addi	sp,sp,-48
200a5874:	d226                	sw	s1,36(sp)
200a5876:	d04a                	sw	s2,32(sp)
200a5878:	cc52                	sw	s4,24(sp)
200a587a:	d606                	sw	ra,44(sp)
200a587c:	d422                	sw	s0,40(sp)
200a587e:	ce4e                	sw	s3,28(sp)
200a5880:	320007b7          	lui	a5,0x32000
200a5884:	892a                	mv	s2,a0
200a5886:	8a2e                	mv	s4,a1
200a5888:	49f51493          	bclri	s1,a0,0x1f
200a588c:	00f4f663          	bgeu	s1,a5,200a5898 <__kernel_cosf+0x26>
200a5890:	698030ef          	jal	ra,200a8f28 <__fixsfsi>
200a5894:	10050763          	beqz	a0,200a59a2 <__kernel_cosf+0x130>
200a5898:	85ca                	mv	a1,s2
200a589a:	854a                	mv	a0,s2
200a589c:	04e030ef          	jal	ra,200a88ea <__mulsf3>
200a58a0:	0001b597          	auipc	a1,0x1b
200a58a4:	b885a583          	lw	a1,-1144(a1) # 200c0428 <_impure_ptr+0x24>
200a58a8:	842a                	mv	s0,a0
200a58aa:	040030ef          	jal	ra,200a88ea <__mulsf3>
200a58ae:	0001b597          	auipc	a1,0x1b
200a58b2:	c465a583          	lw	a1,-954(a1) # 200c04f4 <_impure_ptr+0xf0>
200a58b6:	89aa                	mv	s3,a0
200a58b8:	8522                	mv	a0,s0
200a58ba:	030030ef          	jal	ra,200a88ea <__mulsf3>
200a58be:	0001b597          	auipc	a1,0x1b
200a58c2:	c3a5a583          	lw	a1,-966(a1) # 200c04f8 <_impure_ptr+0xf4>
200a58c6:	083020ef          	jal	ra,200a8148 <__addsf3>
200a58ca:	85a2                	mv	a1,s0
200a58cc:	01e030ef          	jal	ra,200a88ea <__mulsf3>
200a58d0:	0001b597          	auipc	a1,0x1b
200a58d4:	c2c5a583          	lw	a1,-980(a1) # 200c04fc <_impure_ptr+0xf8>
200a58d8:	2d8030ef          	jal	ra,200a8bb0 <__subsf3>
200a58dc:	85a2                	mv	a1,s0
200a58de:	00c030ef          	jal	ra,200a88ea <__mulsf3>
200a58e2:	0001b597          	auipc	a1,0x1b
200a58e6:	c1e5a583          	lw	a1,-994(a1) # 200c0500 <_impure_ptr+0xfc>
200a58ea:	05f020ef          	jal	ra,200a8148 <__addsf3>
200a58ee:	85a2                	mv	a1,s0
200a58f0:	7fb020ef          	jal	ra,200a88ea <__mulsf3>
200a58f4:	0001b597          	auipc	a1,0x1b
200a58f8:	c105a583          	lw	a1,-1008(a1) # 200c0504 <_impure_ptr+0x100>
200a58fc:	2b4030ef          	jal	ra,200a8bb0 <__subsf3>
200a5900:	85a2                	mv	a1,s0
200a5902:	7e9020ef          	jal	ra,200a88ea <__mulsf3>
200a5906:	0001b597          	auipc	a1,0x1b
200a590a:	c025a583          	lw	a1,-1022(a1) # 200c0508 <_impure_ptr+0x104>
200a590e:	03b020ef          	jal	ra,200a8148 <__addsf3>
200a5912:	85a2                	mv	a1,s0
200a5914:	7d7020ef          	jal	ra,200a88ea <__mulsf3>
200a5918:	85a2                	mv	a1,s0
200a591a:	7d1020ef          	jal	ra,200a88ea <__mulsf3>
200a591e:	842a                	mv	s0,a0
200a5920:	85d2                	mv	a1,s4
200a5922:	854a                	mv	a0,s2
200a5924:	7c7020ef          	jal	ra,200a88ea <__mulsf3>
200a5928:	85aa                	mv	a1,a0
200a592a:	8522                	mv	a0,s0
200a592c:	284030ef          	jal	ra,200a8bb0 <__subsf3>
200a5930:	3e99a7b7          	lui	a5,0x3e99a
200a5934:	99978793          	addi	a5,a5,-1639 # 3e999999 <__freertos_irq_stack_topV5+0x1e899999>
200a5938:	842a                	mv	s0,a0
200a593a:	0297e563          	bltu	a5,s1,200a5964 <__kernel_cosf+0xf2>
200a593e:	85aa                	mv	a1,a0
200a5940:	854e                	mv	a0,s3
200a5942:	26e030ef          	jal	ra,200a8bb0 <__subsf3>
200a5946:	85aa                	mv	a1,a0
200a5948:	0001b517          	auipc	a0,0x1b
200a594c:	afc52503          	lw	a0,-1284(a0) # 200c0444 <_impure_ptr+0x40>
200a5950:	260030ef          	jal	ra,200a8bb0 <__subsf3>
200a5954:	50b2                	lw	ra,44(sp)
200a5956:	5422                	lw	s0,40(sp)
200a5958:	5492                	lw	s1,36(sp)
200a595a:	5902                	lw	s2,32(sp)
200a595c:	49f2                	lw	s3,28(sp)
200a595e:	4a62                	lw	s4,24(sp)
200a5960:	6145                	addi	sp,sp,48
200a5962:	8082                	ret
200a5964:	3f4807b7          	lui	a5,0x3f480
200a5968:	0297e863          	bltu	a5,s1,200a5998 <__kernel_cosf+0x126>
200a596c:	ff0007b7          	lui	a5,0xff000
200a5970:	00f485b3          	add	a1,s1,a5
200a5974:	0001b517          	auipc	a0,0x1b
200a5978:	ad052503          	lw	a0,-1328(a0) # 200c0444 <_impure_ptr+0x40>
200a597c:	c62e                	sw	a1,12(sp)
200a597e:	232030ef          	jal	ra,200a8bb0 <__subsf3>
200a5982:	45b2                	lw	a1,12(sp)
200a5984:	84aa                	mv	s1,a0
200a5986:	854e                	mv	a0,s3
200a5988:	228030ef          	jal	ra,200a8bb0 <__subsf3>
200a598c:	85a2                	mv	a1,s0
200a598e:	222030ef          	jal	ra,200a8bb0 <__subsf3>
200a5992:	85aa                	mv	a1,a0
200a5994:	8526                	mv	a0,s1
200a5996:	bf6d                	j	200a5950 <__kernel_cosf+0xde>
200a5998:	0001b597          	auipc	a1,0x1b
200a599c:	b585a583          	lw	a1,-1192(a1) # 200c04f0 <_impure_ptr+0xec>
200a59a0:	bfd1                	j	200a5974 <__kernel_cosf+0x102>
200a59a2:	0001b517          	auipc	a0,0x1b
200a59a6:	aa252503          	lw	a0,-1374(a0) # 200c0444 <_impure_ptr+0x40>
200a59aa:	b76d                	j	200a5954 <__kernel_cosf+0xe2>

200a59ac <__kernel_rem_pio2f>:
200a59ac:	7161                	addi	sp,sp,-432
200a59ae:	ca3e                	sw	a5,20(sp)
200a59b0:	00005797          	auipc	a5,0x5
200a59b4:	0fc78793          	addi	a5,a5,252 # 200aaaac <init_jk>
200a59b8:	20f747b3          	sh2add	a5,a4,a5
200a59bc:	1a812423          	sw	s0,424(sp)
200a59c0:	19412c23          	sw	s4,408(sp)
200a59c4:	19612823          	sw	s6,400(sp)
200a59c8:	19712623          	sw	s7,396(sp)
200a59cc:	19812423          	sw	s8,392(sp)
200a59d0:	0007ab83          	lw	s7,0(a5)
200a59d4:	19912223          	sw	s9,388(sp)
200a59d8:	17b12e23          	sw	s11,380(sp)
200a59dc:	1a112623          	sw	ra,428(sp)
200a59e0:	1a912223          	sw	s1,420(sp)
200a59e4:	1b212023          	sw	s2,416(sp)
200a59e8:	19312e23          	sw	s3,412(sp)
200a59ec:	19512a23          	sw	s5,404(sp)
200a59f0:	19a12023          	sw	s10,384(sp)
200a59f4:	c82a                	sw	a0,16(sp)
200a59f6:	57f1                	li	a5,-4
200a59f8:	8a2e                	mv	s4,a1
200a59fa:	8c32                	mv	s8,a2
200a59fc:	8cb6                	mv	s9,a3
200a59fe:	8b3a                	mv	s6,a4
200a5a00:	fff68d93          	addi	s11,a3,-1
200a5a04:	4401                	li	s0,0
200a5a06:	00f64763          	blt	a2,a5,200a5a14 <__kernel_rem_pio2f+0x68>
200a5a0a:	ffd60413          	addi	s0,a2,-3
200a5a0e:	47a1                	li	a5,8
200a5a10:	02f44433          	div	s0,s0,a5
200a5a14:	00140d13          	addi	s10,s0,1
200a5a18:	003d1793          	slli	a5,s10,0x3
200a5a1c:	41b40ab3          	sub	s5,s0,s11
200a5a20:	c63e                	sw	a5,12(sp)
200a5a22:	40fc0933          	sub	s2,s8,a5
200a5a26:	01bb8d33          	add	s10,s7,s11
200a5a2a:	08010993          	addi	s3,sp,128
200a5a2e:	84d6                	mv	s1,s5
200a5a30:	415487b3          	sub	a5,s1,s5
200a5a34:	00fd5f63          	bge	s10,a5,200a5a52 <__kernel_rem_pio2f+0xa6>
200a5a38:	8ae6                	mv	s5,s9
200a5a3a:	1218                	addi	a4,sp,288
200a5a3c:	419a87b3          	sub	a5,s5,s9
200a5a40:	04fbcf63          	blt	s7,a5,200a5a9e <__kernel_rem_pio2f+0xf2>
200a5a44:	011c                	addi	a5,sp,128
200a5a46:	00000493          	li	s1,0
200a5a4a:	4981                	li	s3,0
200a5a4c:	20facd33          	sh2add	s10,s5,a5
200a5a50:	a081                	j	200a5a90 <__kernel_rem_pio2f+0xe4>
200a5a52:	00000513          	li	a0,0
200a5a56:	0004c863          	bltz	s1,200a5a66 <__kernel_rem_pio2f+0xba>
200a5a5a:	47d2                	lw	a5,20(sp)
200a5a5c:	20f4c7b3          	sh2add	a5,s1,a5
200a5a60:	4388                	lw	a0,0(a5)
200a5a62:	572030ef          	jal	ra,200a8fd4 <__floatsisf>
200a5a66:	00a9a023          	sw	a0,0(s3)
200a5a6a:	0485                	addi	s1,s1,1
200a5a6c:	0991                	addi	s3,s3,4
200a5a6e:	b7c9                	j	200a5a30 <__kernel_rem_pio2f+0x84>
200a5a70:	47c2                	lw	a5,16(sp)
200a5a72:	000d2583          	lw	a1,0(s10)
200a5a76:	cc3a                	sw	a4,24(sp)
200a5a78:	20f9c6b3          	sh2add	a3,s3,a5
200a5a7c:	4288                	lw	a0,0(a3)
200a5a7e:	0985                	addi	s3,s3,1
200a5a80:	66b020ef          	jal	ra,200a88ea <__mulsf3>
200a5a84:	85aa                	mv	a1,a0
200a5a86:	8526                	mv	a0,s1
200a5a88:	6c0020ef          	jal	ra,200a8148 <__addsf3>
200a5a8c:	4762                	lw	a4,24(sp)
200a5a8e:	84aa                	mv	s1,a0
200a5a90:	1d71                	addi	s10,s10,-4
200a5a92:	fd3ddfe3          	bge	s11,s3,200a5a70 <__kernel_rem_pio2f+0xc4>
200a5a96:	c304                	sw	s1,0(a4)
200a5a98:	0a85                	addi	s5,s5,1
200a5a9a:	0711                	addi	a4,a4,4 # 200ff004 <_heap_end+0x4>
200a5a9c:	b745                	j	200a5a3c <__kernel_rem_pio2f+0x90>
200a5a9e:	181c                	addi	a5,sp,48
200a5aa0:	20fbc7b3          	sh2add	a5,s7,a5
200a5aa4:	d23e                	sw	a5,36(sp)
200a5aa6:	00241793          	slli	a5,s0,0x2
200a5aaa:	d03e                	sw	a5,32(sp)
200a5aac:	47a1                	li	a5,8
200a5aae:	412787b3          	sub	a5,a5,s2
200a5ab2:	845e                	mv	s0,s7
200a5ab4:	ce3e                	sw	a5,28(sp)
200a5ab6:	00241793          	slli	a5,s0,0x2
200a5aba:	cc3e                	sw	a5,24(sp)
200a5abc:	1a9c                	addi	a5,sp,368
200a5abe:	20f447b3          	sh2add	a5,s0,a5
200a5ac2:	fb07a983          	lw	s3,-80(a5)
200a5ac6:	03010d13          	addi	s10,sp,48
200a5aca:	84ea                	mv	s1,s10
200a5acc:	8aa2                	mv	s5,s0
200a5ace:	15504163          	bgtz	s5,200a5c10 <__kernel_rem_pio2f+0x264>
200a5ad2:	85ca                	mv	a1,s2
200a5ad4:	854e                	mv	a0,s3
200a5ad6:	6ca000ef          	jal	ra,200a61a0 <scalbnf>
200a5ada:	0001b797          	auipc	a5,0x1b
200a5ade:	a3678793          	addi	a5,a5,-1482 # 200c0510 <_impure_ptr+0x10c>
200a5ae2:	438c                	lw	a1,0(a5)
200a5ae4:	84aa                	mv	s1,a0
200a5ae6:	605020ef          	jal	ra,200a88ea <__mulsf3>
200a5aea:	608000ef          	jal	ra,200a60f2 <floorf>
200a5aee:	0001b797          	auipc	a5,0x1b
200a5af2:	a2678793          	addi	a5,a5,-1498 # 200c0514 <_impure_ptr+0x110>
200a5af6:	438c                	lw	a1,0(a5)
200a5af8:	5f3020ef          	jal	ra,200a88ea <__mulsf3>
200a5afc:	85aa                	mv	a1,a0
200a5afe:	8526                	mv	a0,s1
200a5b00:	0b0030ef          	jal	ra,200a8bb0 <__subsf3>
200a5b04:	84aa                	mv	s1,a0
200a5b06:	422030ef          	jal	ra,200a8f28 <__fixsfsi>
200a5b0a:	8aaa                	mv	s5,a0
200a5b0c:	4c8030ef          	jal	ra,200a8fd4 <__floatsisf>
200a5b10:	85aa                	mv	a1,a0
200a5b12:	8526                	mv	a0,s1
200a5b14:	09c030ef          	jal	ra,200a8bb0 <__subsf3>
200a5b18:	89aa                	mv	s3,a0
200a5b1a:	15205163          	blez	s2,200a5c5c <__kernel_rem_pio2f+0x2b0>
200a5b1e:	1a98                	addi	a4,sp,368
200a5b20:	fff40793          	addi	a5,s0,-1
200a5b24:	20e7c7b3          	sh2add	a5,a5,a4
200a5b28:	4772                	lw	a4,28(sp)
200a5b2a:	ec07a483          	lw	s1,-320(a5)
200a5b2e:	40e4d6b3          	sra	a3,s1,a4
200a5b32:	9ab6                	add	s5,s5,a3
200a5b34:	00e696b3          	sll	a3,a3,a4
200a5b38:	8c95                	sub	s1,s1,a3
200a5b3a:	ec97a023          	sw	s1,-320(a5)
200a5b3e:	479d                	li	a5,7
200a5b40:	412787b3          	sub	a5,a5,s2
200a5b44:	40f4d4b3          	sra	s1,s1,a5
200a5b48:	04905e63          	blez	s1,200a5ba4 <__kernel_rem_pio2f+0x1f8>
200a5b4c:	0a85                	addi	s5,s5,1
200a5b4e:	4681                	li	a3,0
200a5b50:	4601                	li	a2,0
200a5b52:	0ff00593          	li	a1,255
200a5b56:	10000513          	li	a0,256
200a5b5a:	1286c663          	blt	a3,s0,200a5c86 <__kernel_rem_pio2f+0x2da>
200a5b5e:	01205863          	blez	s2,200a5b6e <__kernel_rem_pio2f+0x1c2>
200a5b62:	4785                	li	a5,1
200a5b64:	14f90a63          	beq	s2,a5,200a5cb8 <__kernel_rem_pio2f+0x30c>
200a5b68:	4789                	li	a5,2
200a5b6a:	16f90363          	beq	s2,a5,200a5cd0 <__kernel_rem_pio2f+0x324>
200a5b6e:	4789                	li	a5,2
200a5b70:	02f49a63          	bne	s1,a5,200a5ba4 <__kernel_rem_pio2f+0x1f8>
200a5b74:	0001b797          	auipc	a5,0x1b
200a5b78:	8d078793          	addi	a5,a5,-1840 # 200c0444 <_impure_ptr+0x40>
200a5b7c:	4388                	lw	a0,0(a5)
200a5b7e:	85ce                	mv	a1,s3
200a5b80:	d432                	sw	a2,40(sp)
200a5b82:	02e030ef          	jal	ra,200a8bb0 <__subsf3>
200a5b86:	5622                	lw	a2,40(sp)
200a5b88:	89aa                	mv	s3,a0
200a5b8a:	ce09                	beqz	a2,200a5ba4 <__kernel_rem_pio2f+0x1f8>
200a5b8c:	85ca                	mv	a1,s2
200a5b8e:	0001b517          	auipc	a0,0x1b
200a5b92:	8b652503          	lw	a0,-1866(a0) # 200c0444 <_impure_ptr+0x40>
200a5b96:	60a000ef          	jal	ra,200a61a0 <scalbnf>
200a5b9a:	85aa                	mv	a1,a0
200a5b9c:	854e                	mv	a0,s3
200a5b9e:	012030ef          	jal	ra,200a8bb0 <__subsf3>
200a5ba2:	89aa                	mv	s3,a0
200a5ba4:	00000593          	li	a1,0
200a5ba8:	854e                	mv	a0,s3
200a5baa:	3b5020ef          	jal	ra,200a875e <__eqsf2>
200a5bae:	1c051263          	bnez	a0,200a5d72 <__kernel_rem_pio2f+0x3c6>
200a5bb2:	fff40793          	addi	a5,s0,-1
200a5bb6:	4701                	li	a4,0
200a5bb8:	86be                	mv	a3,a5
200a5bba:	1377d563          	bge	a5,s7,200a5ce4 <__kernel_rem_pio2f+0x338>
200a5bbe:	18070063          	beqz	a4,200a5d3e <__kernel_rem_pio2f+0x392>
200a5bc2:	8436                	mv	s0,a3
200a5bc4:	181c                	addi	a5,sp,48
200a5bc6:	20f447b3          	sh2add	a5,s0,a5
200a5bca:	439c                	lw	a5,0(a5)
200a5bcc:	1961                	addi	s2,s2,-8
200a5bce:	1a078063          	beqz	a5,200a5d6e <__kernel_rem_pio2f+0x3c2>
200a5bd2:	85ca                	mv	a1,s2
200a5bd4:	0001b517          	auipc	a0,0x1b
200a5bd8:	87052503          	lw	a0,-1936(a0) # 200c0444 <_impure_ptr+0x40>
200a5bdc:	5c4000ef          	jal	ra,200a61a0 <scalbnf>
200a5be0:	892a                	mv	s2,a0
200a5be2:	89a2                	mv	s3,s0
200a5be4:	0001bc17          	auipc	s8,0x1b
200a5be8:	928c2c03          	lw	s8,-1752(s8) # 200c050c <_impure_ptr+0x108>
200a5bec:	2009d663          	bgez	s3,200a5df8 <__kernel_rem_pio2f+0x44c>
200a5bf0:	8922                	mv	s2,s0
200a5bf2:	26094163          	bltz	s2,200a5e54 <__kernel_rem_pio2f+0x4a8>
200a5bf6:	121c                	addi	a5,sp,288
200a5bf8:	00005d97          	auipc	s11,0x5
200a5bfc:	e88d8d93          	addi	s11,s11,-376 # 200aaa80 <PIo2>
200a5c00:	00000993          	li	s3,0
200a5c04:	4c81                	li	s9,0
200a5c06:	41240c33          	sub	s8,s0,s2
200a5c0a:	20f94d33          	sh2add	s10,s2,a5
200a5c0e:	ac05                	j	200a5e3e <__kernel_rem_pio2f+0x492>
200a5c10:	0001b797          	auipc	a5,0x1b
200a5c14:	8fc78793          	addi	a5,a5,-1796 # 200c050c <_impure_ptr+0x108>
200a5c18:	438c                	lw	a1,0(a5)
200a5c1a:	854e                	mv	a0,s3
200a5c1c:	1afd                	addi	s5,s5,-1
200a5c1e:	4cd020ef          	jal	ra,200a88ea <__mulsf3>
200a5c22:	306030ef          	jal	ra,200a8f28 <__fixsfsi>
200a5c26:	3ae030ef          	jal	ra,200a8fd4 <__floatsisf>
200a5c2a:	0001b797          	auipc	a5,0x1b
200a5c2e:	8c278793          	addi	a5,a5,-1854 # 200c04ec <_impure_ptr+0xe8>
200a5c32:	438c                	lw	a1,0(a5)
200a5c34:	d42a                	sw	a0,40(sp)
200a5c36:	4b5020ef          	jal	ra,200a88ea <__mulsf3>
200a5c3a:	85aa                	mv	a1,a0
200a5c3c:	854e                	mv	a0,s3
200a5c3e:	773020ef          	jal	ra,200a8bb0 <__subsf3>
200a5c42:	2e6030ef          	jal	ra,200a8f28 <__fixsfsi>
200a5c46:	121c                	addi	a5,sp,288
200a5c48:	c088                	sw	a0,0(s1)
200a5c4a:	20fac6b3          	sh2add	a3,s5,a5
200a5c4e:	5522                	lw	a0,40(sp)
200a5c50:	428c                	lw	a1,0(a3)
200a5c52:	0491                	addi	s1,s1,4
200a5c54:	4f4020ef          	jal	ra,200a8148 <__addsf3>
200a5c58:	89aa                	mv	s3,a0
200a5c5a:	bd95                	j	200a5ace <__kernel_rem_pio2f+0x122>
200a5c5c:	00091963          	bnez	s2,200a5c6e <__kernel_rem_pio2f+0x2c2>
200a5c60:	1a9c                	addi	a5,sp,368
200a5c62:	20f447b3          	sh2add	a5,s0,a5
200a5c66:	ebc7a483          	lw	s1,-324(a5)
200a5c6a:	849d                	srai	s1,s1,0x7
200a5c6c:	bdf1                	j	200a5b48 <__kernel_rem_pio2f+0x19c>
200a5c6e:	0001a797          	auipc	a5,0x1a
200a5c72:	7ba78793          	addi	a5,a5,1978 # 200c0428 <_impure_ptr+0x24>
200a5c76:	438c                	lw	a1,0(a5)
200a5c78:	4481                	li	s1,0
200a5c7a:	343020ef          	jal	ra,200a87bc <__gesf2>
200a5c7e:	f20543e3          	bltz	a0,200a5ba4 <__kernel_rem_pio2f+0x1f8>
200a5c82:	4489                	li	s1,2
200a5c84:	b5e1                	j	200a5b4c <__kernel_rem_pio2f+0x1a0>
200a5c86:	000d2783          	lw	a5,0(s10)
200a5c8a:	ee01                	bnez	a2,200a5ca2 <__kernel_rem_pio2f+0x2f6>
200a5c8c:	c385                	beqz	a5,200a5cac <__kernel_rem_pio2f+0x300>
200a5c8e:	40f507b3          	sub	a5,a0,a5
200a5c92:	00fd2023          	sw	a5,0(s10)
200a5c96:	0685                	addi	a3,a3,1
200a5c98:	0d11                	addi	s10,s10,4
200a5c9a:	0086dd63          	bge	a3,s0,200a5cb4 <__kernel_rem_pio2f+0x308>
200a5c9e:	000d2783          	lw	a5,0(s10)
200a5ca2:	40f587b3          	sub	a5,a1,a5
200a5ca6:	00fd2023          	sw	a5,0(s10)
200a5caa:	4785                	li	a5,1
200a5cac:	0685                	addi	a3,a3,1
200a5cae:	0d11                	addi	s10,s10,4
200a5cb0:	863e                	mv	a2,a5
200a5cb2:	b565                	j	200a5b5a <__kernel_rem_pio2f+0x1ae>
200a5cb4:	4605                	li	a2,1
200a5cb6:	b565                	j	200a5b5e <__kernel_rem_pio2f+0x1b2>
200a5cb8:	1a98                	addi	a4,sp,368
200a5cba:	fff40793          	addi	a5,s0,-1
200a5cbe:	20e7c7b3          	sh2add	a5,a5,a4
200a5cc2:	ec07a703          	lw	a4,-320(a5)
200a5cc6:	07f77713          	andi	a4,a4,127
200a5cca:	ece7a023          	sw	a4,-320(a5)
200a5cce:	b545                	j	200a5b6e <__kernel_rem_pio2f+0x1c2>
200a5cd0:	1a98                	addi	a4,sp,368
200a5cd2:	fff40793          	addi	a5,s0,-1
200a5cd6:	20e7c7b3          	sh2add	a5,a5,a4
200a5cda:	ec07a703          	lw	a4,-320(a5)
200a5cde:	03f77713          	andi	a4,a4,63
200a5ce2:	b7e5                	j	200a5cca <__kernel_rem_pio2f+0x31e>
200a5ce4:	1810                	addi	a2,sp,48
200a5ce6:	20c7c633          	sh2add	a2,a5,a2
200a5cea:	4210                	lw	a2,0(a2)
200a5cec:	17fd                	addi	a5,a5,-1
200a5cee:	8f51                	or	a4,a4,a2
200a5cf0:	b5e9                	j	200a5bba <__kernel_rem_pio2f+0x20e>
200a5cf2:	0785                	addi	a5,a5,1
200a5cf4:	1771                	addi	a4,a4,-4
200a5cf6:	4314                	lw	a3,0(a4)
200a5cf8:	deed                	beqz	a3,200a5cf2 <__kernel_rem_pio2f+0x346>
200a5cfa:	019409b3          	add	s3,s0,s9
200a5cfe:	00140a93          	addi	s5,s0,1
200a5d02:	0118                	addi	a4,sp,128
200a5d04:	943e                	add	s0,s0,a5
200a5d06:	20e9c9b3          	sh2add	s3,s3,a4
200a5d0a:	db5446e3          	blt	s0,s5,200a5ab6 <__kernel_rem_pio2f+0x10a>
200a5d0e:	4752                	lw	a4,20(sp)
200a5d10:	5782                	lw	a5,32(sp)
200a5d12:	002a9493          	slli	s1,s5,0x2
200a5d16:	20fac7b3          	sh2add	a5,s5,a5
200a5d1a:	97ba                	add	a5,a5,a4
200a5d1c:	4388                	lw	a0,0(a5)
200a5d1e:	2b6030ef          	jal	ra,200a8fd4 <__floatsisf>
200a5d22:	00a9a023          	sw	a0,0(s3)
200a5d26:	86ce                	mv	a3,s3
200a5d28:	4701                	li	a4,0
200a5d2a:	00000793          	li	a5,0
200a5d2e:	00eddb63          	bge	s11,a4,200a5d44 <__kernel_rem_pio2f+0x398>
200a5d32:	1218                	addi	a4,sp,288
200a5d34:	94ba                	add	s1,s1,a4
200a5d36:	c09c                	sw	a5,0(s1)
200a5d38:	0a85                	addi	s5,s5,1
200a5d3a:	0991                	addi	s3,s3,4
200a5d3c:	b7f9                	j	200a5d0a <__kernel_rem_pio2f+0x35e>
200a5d3e:	5712                	lw	a4,36(sp)
200a5d40:	4785                	li	a5,1
200a5d42:	bf4d                	j	200a5cf4 <__kernel_rem_pio2f+0x348>
200a5d44:	d63e                	sw	a5,44(sp)
200a5d46:	47c2                	lw	a5,16(sp)
200a5d48:	428c                	lw	a1,0(a3)
200a5d4a:	d43a                	sw	a4,40(sp)
200a5d4c:	20f74633          	sh2add	a2,a4,a5
200a5d50:	4208                	lw	a0,0(a2)
200a5d52:	cc36                	sw	a3,24(sp)
200a5d54:	397020ef          	jal	ra,200a88ea <__mulsf3>
200a5d58:	57b2                	lw	a5,44(sp)
200a5d5a:	85aa                	mv	a1,a0
200a5d5c:	853e                	mv	a0,a5
200a5d5e:	3ea020ef          	jal	ra,200a8148 <__addsf3>
200a5d62:	5722                	lw	a4,40(sp)
200a5d64:	46e2                	lw	a3,24(sp)
200a5d66:	87aa                	mv	a5,a0
200a5d68:	0705                	addi	a4,a4,1
200a5d6a:	16f1                	addi	a3,a3,-4
200a5d6c:	b7c9                	j	200a5d2e <__kernel_rem_pio2f+0x382>
200a5d6e:	147d                	addi	s0,s0,-1
200a5d70:	bd91                	j	200a5bc4 <__kernel_rem_pio2f+0x218>
200a5d72:	47b2                	lw	a5,12(sp)
200a5d74:	854e                	mv	a0,s3
200a5d76:	418785b3          	sub	a1,a5,s8
200a5d7a:	211d                	jal	200a61a0 <scalbnf>
200a5d7c:	0001ac97          	auipc	s9,0x1a
200a5d80:	770cac83          	lw	s9,1904(s9) # 200c04ec <_impure_ptr+0xe8>
200a5d84:	85e6                	mv	a1,s9
200a5d86:	89aa                	mv	s3,a0
200a5d88:	235020ef          	jal	ra,200a87bc <__gesf2>
200a5d8c:	04054a63          	bltz	a0,200a5de0 <__kernel_rem_pio2f+0x434>
200a5d90:	0001a597          	auipc	a1,0x1a
200a5d94:	77c5a583          	lw	a1,1916(a1) # 200c050c <_impure_ptr+0x108>
200a5d98:	854e                	mv	a0,s3
200a5d9a:	351020ef          	jal	ra,200a88ea <__mulsf3>
200a5d9e:	18a030ef          	jal	ra,200a8f28 <__fixsfsi>
200a5da2:	232030ef          	jal	ra,200a8fd4 <__floatsisf>
200a5da6:	47e2                	lw	a5,24(sp)
200a5da8:	1818                	addi	a4,sp,48
200a5daa:	85e6                	mv	a1,s9
200a5dac:	14078793          	addi	a5,a5,320
200a5db0:	00e78d33          	add	s10,a5,a4
200a5db4:	8c2a                	mv	s8,a0
200a5db6:	335020ef          	jal	ra,200a88ea <__mulsf3>
200a5dba:	85aa                	mv	a1,a0
200a5dbc:	854e                	mv	a0,s3
200a5dbe:	5f3020ef          	jal	ra,200a8bb0 <__subsf3>
200a5dc2:	166030ef          	jal	ra,200a8f28 <__fixsfsi>
200a5dc6:	ecad2023          	sw	a0,-320(s10)
200a5dca:	1a9c                	addi	a5,sp,368
200a5dcc:	0405                	addi	s0,s0,1
200a5dce:	8562                	mv	a0,s8
200a5dd0:	20f449b3          	sh2add	s3,s0,a5
200a5dd4:	154030ef          	jal	ra,200a8f28 <__fixsfsi>
200a5dd8:	0921                	addi	s2,s2,8
200a5dda:	eca9a023          	sw	a0,-320(s3)
200a5dde:	bbd5                	j	200a5bd2 <__kernel_rem_pio2f+0x226>
200a5de0:	47e2                	lw	a5,24(sp)
200a5de2:	1818                	addi	a4,sp,48
200a5de4:	854e                	mv	a0,s3
200a5de6:	14078793          	addi	a5,a5,320
200a5dea:	00e78c33          	add	s8,a5,a4
200a5dee:	13a030ef          	jal	ra,200a8f28 <__fixsfsi>
200a5df2:	ecac2023          	sw	a0,-320(s8)
200a5df6:	bbf1                	j	200a5bd2 <__kernel_rem_pio2f+0x226>
200a5df8:	121c                	addi	a5,sp,288
200a5dfa:	20f9ccb3          	sh2add	s9,s3,a5
200a5dfe:	181c                	addi	a5,sp,48
200a5e00:	20f9c7b3          	sh2add	a5,s3,a5
200a5e04:	4388                	lw	a0,0(a5)
200a5e06:	19fd                	addi	s3,s3,-1
200a5e08:	1cc030ef          	jal	ra,200a8fd4 <__floatsisf>
200a5e0c:	85ca                	mv	a1,s2
200a5e0e:	2dd020ef          	jal	ra,200a88ea <__mulsf3>
200a5e12:	00aca023          	sw	a0,0(s9)
200a5e16:	85e2                	mv	a1,s8
200a5e18:	854a                	mv	a0,s2
200a5e1a:	2d1020ef          	jal	ra,200a88ea <__mulsf3>
200a5e1e:	892a                	mv	s2,a0
200a5e20:	b3f1                	j	200a5bec <__kernel_rem_pio2f+0x240>
200a5e22:	000d2583          	lw	a1,0(s10)
200a5e26:	000da503          	lw	a0,0(s11)
200a5e2a:	0c85                	addi	s9,s9,1
200a5e2c:	0d91                	addi	s11,s11,4
200a5e2e:	2bd020ef          	jal	ra,200a88ea <__mulsf3>
200a5e32:	85aa                	mv	a1,a0
200a5e34:	854e                	mv	a0,s3
200a5e36:	312020ef          	jal	ra,200a8148 <__addsf3>
200a5e3a:	89aa                	mv	s3,a0
200a5e3c:	0d11                	addi	s10,s10,4
200a5e3e:	019bc463          	blt	s7,s9,200a5e46 <__kernel_rem_pio2f+0x49a>
200a5e42:	ff9c50e3          	bge	s8,s9,200a5e22 <__kernel_rem_pio2f+0x476>
200a5e46:	1a9c                	addi	a5,sp,368
200a5e48:	20fc4c33          	sh2add	s8,s8,a5
200a5e4c:	197d                	addi	s2,s2,-1
200a5e4e:	f73c2023          	sw	s3,-160(s8)
200a5e52:	b345                	j	200a5bf2 <__kernel_rem_pio2f+0x246>
200a5e54:	4789                	li	a5,2
200a5e56:	0567c663          	blt	a5,s6,200a5ea2 <__kernel_rem_pio2f+0x4f6>
200a5e5a:	0f604263          	bgtz	s6,200a5f3e <__kernel_rem_pio2f+0x592>
200a5e5e:	00000513          	li	a0,0
200a5e62:	080b0763          	beqz	s6,200a5ef0 <__kernel_rem_pio2f+0x544>
200a5e66:	1ac12083          	lw	ra,428(sp)
200a5e6a:	1a812403          	lw	s0,424(sp)
200a5e6e:	1a412483          	lw	s1,420(sp)
200a5e72:	1a012903          	lw	s2,416(sp)
200a5e76:	19c12983          	lw	s3,412(sp)
200a5e7a:	19812a03          	lw	s4,408(sp)
200a5e7e:	19012b03          	lw	s6,400(sp)
200a5e82:	18c12b83          	lw	s7,396(sp)
200a5e86:	18812c03          	lw	s8,392(sp)
200a5e8a:	18412c83          	lw	s9,388(sp)
200a5e8e:	18012d03          	lw	s10,384(sp)
200a5e92:	17c12d83          	lw	s11,380(sp)
200a5e96:	007af513          	andi	a0,s5,7
200a5e9a:	19412a83          	lw	s5,404(sp)
200a5e9e:	615d                	addi	sp,sp,432
200a5ea0:	8082                	ret
200a5ea2:	478d                	li	a5,3
200a5ea4:	fcfb11e3          	bne	s6,a5,200a5e66 <__kernel_rem_pio2f+0x4ba>
200a5ea8:	099c                	addi	a5,sp,208
200a5eaa:	20f44933          	sh2add	s2,s0,a5
200a5eae:	8ba2                	mv	s7,s0
200a5eb0:	89ca                	mv	s3,s2
200a5eb2:	19f1                	addi	s3,s3,-4
200a5eb4:	09704f63          	bgtz	s7,200a5f52 <__kernel_rem_pio2f+0x5a6>
200a5eb8:	8b22                	mv	s6,s0
200a5eba:	4c85                	li	s9,1
200a5ebc:	1971                	addi	s2,s2,-4
200a5ebe:	0d6cc063          	blt	s9,s6,200a5f7e <__kernel_rem_pio2f+0x5d2>
200a5ec2:	00000513          	li	a0,0
200a5ec6:	4905                	li	s2,1
200a5ec8:	0e894163          	blt	s2,s0,200a5faa <__kernel_rem_pio2f+0x5fe>
200a5ecc:	474e                	lw	a4,208(sp)
200a5ece:	47de                	lw	a5,212(sp)
200a5ed0:	0e049563          	bnez	s1,200a5fba <__kernel_rem_pio2f+0x60e>
200a5ed4:	00ea2023          	sw	a4,0(s4)
200a5ed8:	00fa2223          	sw	a5,4(s4)
200a5edc:	00aa2423          	sw	a0,8(s4)
200a5ee0:	b759                	j	200a5e66 <__kernel_rem_pio2f+0x4ba>
200a5ee2:	099c                	addi	a5,sp,208
200a5ee4:	20f447b3          	sh2add	a5,s0,a5
200a5ee8:	438c                	lw	a1,0(a5)
200a5eea:	147d                	addi	s0,s0,-1
200a5eec:	25c020ef          	jal	ra,200a8148 <__addsf3>
200a5ef0:	fe0459e3          	bgez	s0,200a5ee2 <__kernel_rem_pio2f+0x536>
200a5ef4:	c099                	beqz	s1,200a5efa <__kernel_rem_pio2f+0x54e>
200a5ef6:	69f51513          	binvi	a0,a0,0x1f
200a5efa:	00aa2023          	sw	a0,0(s4)
200a5efe:	b7a5                	j	200a5e66 <__kernel_rem_pio2f+0x4ba>
200a5f00:	099c                	addi	a5,sp,208
200a5f02:	20f947b3          	sh2add	a5,s2,a5
200a5f06:	438c                	lw	a1,0(a5)
200a5f08:	197d                	addi	s2,s2,-1
200a5f0a:	23e020ef          	jal	ra,200a8148 <__addsf3>
200a5f0e:	fe0959e3          	bgez	s2,200a5f00 <__kernel_rem_pio2f+0x554>
200a5f12:	87aa                	mv	a5,a0
200a5f14:	c099                	beqz	s1,200a5f1a <__kernel_rem_pio2f+0x56e>
200a5f16:	69f51793          	binvi	a5,a0,0x1f
200a5f1a:	85aa                	mv	a1,a0
200a5f1c:	454e                	lw	a0,208(sp)
200a5f1e:	00fa2023          	sw	a5,0(s4)
200a5f22:	0d010913          	addi	s2,sp,208
200a5f26:	48b020ef          	jal	ra,200a8bb0 <__subsf3>
200a5f2a:	4985                	li	s3,1
200a5f2c:	0911                	addi	s2,s2,4
200a5f2e:	01345c63          	bge	s0,s3,200a5f46 <__kernel_rem_pio2f+0x59a>
200a5f32:	c099                	beqz	s1,200a5f38 <__kernel_rem_pio2f+0x58c>
200a5f34:	69f51513          	binvi	a0,a0,0x1f
200a5f38:	00aa2223          	sw	a0,4(s4)
200a5f3c:	b72d                	j	200a5e66 <__kernel_rem_pio2f+0x4ba>
200a5f3e:	8922                	mv	s2,s0
200a5f40:	00000513          	li	a0,0
200a5f44:	b7e9                	j	200a5f0e <__kernel_rem_pio2f+0x562>
200a5f46:	00092583          	lw	a1,0(s2)
200a5f4a:	0985                	addi	s3,s3,1
200a5f4c:	1fc020ef          	jal	ra,200a8148 <__addsf3>
200a5f50:	bff1                	j	200a5f2c <__kernel_rem_pio2f+0x580>
200a5f52:	0009ac83          	lw	s9,0(s3)
200a5f56:	0049ac03          	lw	s8,4(s3)
200a5f5a:	1bfd                	addi	s7,s7,-1
200a5f5c:	8566                	mv	a0,s9
200a5f5e:	85e2                	mv	a1,s8
200a5f60:	1e8020ef          	jal	ra,200a8148 <__addsf3>
200a5f64:	85aa                	mv	a1,a0
200a5f66:	8b2a                	mv	s6,a0
200a5f68:	8566                	mv	a0,s9
200a5f6a:	447020ef          	jal	ra,200a8bb0 <__subsf3>
200a5f6e:	85e2                	mv	a1,s8
200a5f70:	1d8020ef          	jal	ra,200a8148 <__addsf3>
200a5f74:	00a9a223          	sw	a0,4(s3)
200a5f78:	0169a023          	sw	s6,0(s3)
200a5f7c:	bf1d                	j	200a5eb2 <__kernel_rem_pio2f+0x506>
200a5f7e:	00092c03          	lw	s8,0(s2)
200a5f82:	00492b83          	lw	s7,4(s2)
200a5f86:	1b7d                	addi	s6,s6,-1
200a5f88:	8562                	mv	a0,s8
200a5f8a:	85de                	mv	a1,s7
200a5f8c:	1bc020ef          	jal	ra,200a8148 <__addsf3>
200a5f90:	85aa                	mv	a1,a0
200a5f92:	89aa                	mv	s3,a0
200a5f94:	8562                	mv	a0,s8
200a5f96:	41b020ef          	jal	ra,200a8bb0 <__subsf3>
200a5f9a:	85de                	mv	a1,s7
200a5f9c:	1ac020ef          	jal	ra,200a8148 <__addsf3>
200a5fa0:	00a92223          	sw	a0,4(s2)
200a5fa4:	01392023          	sw	s3,0(s2)
200a5fa8:	bf11                	j	200a5ebc <__kernel_rem_pio2f+0x510>
200a5faa:	099c                	addi	a5,sp,208
200a5fac:	20f447b3          	sh2add	a5,s0,a5
200a5fb0:	438c                	lw	a1,0(a5)
200a5fb2:	147d                	addi	s0,s0,-1
200a5fb4:	194020ef          	jal	ra,200a8148 <__addsf3>
200a5fb8:	bf01                	j	200a5ec8 <__kernel_rem_pio2f+0x51c>
200a5fba:	69f71713          	binvi	a4,a4,0x1f
200a5fbe:	69f79793          	binvi	a5,a5,0x1f
200a5fc2:	69f51513          	binvi	a0,a0,0x1f
200a5fc6:	00ea2023          	sw	a4,0(s4)
200a5fca:	00fa2223          	sw	a5,4(s4)
200a5fce:	00aa2423          	sw	a0,8(s4)
200a5fd2:	bd51                	j	200a5e66 <__kernel_rem_pio2f+0x4ba>

200a5fd4 <__kernel_sinf>:
200a5fd4:	1101                	addi	sp,sp,-32
200a5fd6:	cc22                	sw	s0,24(sp)
200a5fd8:	c64e                	sw	s3,12(sp)
200a5fda:	c256                	sw	s5,4(sp)
200a5fdc:	ce06                	sw	ra,28(sp)
200a5fde:	ca26                	sw	s1,20(sp)
200a5fe0:	c84a                	sw	s2,16(sp)
200a5fe2:	c452                	sw	s4,8(sp)
200a5fe4:	320007b7          	lui	a5,0x32000
200a5fe8:	842a                	mv	s0,a0
200a5fea:	89ae                	mv	s3,a1
200a5fec:	8ab2                	mv	s5,a2
200a5fee:	49f51713          	bclri	a4,a0,0x1f
200a5ff2:	00f77563          	bgeu	a4,a5,200a5ffc <__kernel_sinf+0x28>
200a5ff6:	733020ef          	jal	ra,200a8f28 <__fixsfsi>
200a5ffa:	c941                	beqz	a0,200a608a <__kernel_sinf+0xb6>
200a5ffc:	85a2                	mv	a1,s0
200a5ffe:	8522                	mv	a0,s0
200a6000:	0eb020ef          	jal	ra,200a88ea <__mulsf3>
200a6004:	84aa                	mv	s1,a0
200a6006:	85aa                	mv	a1,a0
200a6008:	8522                	mv	a0,s0
200a600a:	0e1020ef          	jal	ra,200a88ea <__mulsf3>
200a600e:	0001a597          	auipc	a1,0x1a
200a6012:	50a5a583          	lw	a1,1290(a1) # 200c0518 <_impure_ptr+0x114>
200a6016:	892a                	mv	s2,a0
200a6018:	8526                	mv	a0,s1
200a601a:	0d1020ef          	jal	ra,200a88ea <__mulsf3>
200a601e:	0001a597          	auipc	a1,0x1a
200a6022:	4fe5a583          	lw	a1,1278(a1) # 200c051c <_impure_ptr+0x118>
200a6026:	38b020ef          	jal	ra,200a8bb0 <__subsf3>
200a602a:	85a6                	mv	a1,s1
200a602c:	0bf020ef          	jal	ra,200a88ea <__mulsf3>
200a6030:	0001a597          	auipc	a1,0x1a
200a6034:	4f05a583          	lw	a1,1264(a1) # 200c0520 <_impure_ptr+0x11c>
200a6038:	110020ef          	jal	ra,200a8148 <__addsf3>
200a603c:	85a6                	mv	a1,s1
200a603e:	0ad020ef          	jal	ra,200a88ea <__mulsf3>
200a6042:	0001a597          	auipc	a1,0x1a
200a6046:	4e25a583          	lw	a1,1250(a1) # 200c0524 <_impure_ptr+0x120>
200a604a:	367020ef          	jal	ra,200a8bb0 <__subsf3>
200a604e:	85a6                	mv	a1,s1
200a6050:	09b020ef          	jal	ra,200a88ea <__mulsf3>
200a6054:	0001a597          	auipc	a1,0x1a
200a6058:	4d45a583          	lw	a1,1236(a1) # 200c0528 <_impure_ptr+0x124>
200a605c:	0ec020ef          	jal	ra,200a8148 <__addsf3>
200a6060:	8a2a                	mv	s4,a0
200a6062:	020a9e63          	bnez	s5,200a609e <__kernel_sinf+0xca>
200a6066:	85aa                	mv	a1,a0
200a6068:	8526                	mv	a0,s1
200a606a:	081020ef          	jal	ra,200a88ea <__mulsf3>
200a606e:	0001a597          	auipc	a1,0x1a
200a6072:	4be5a583          	lw	a1,1214(a1) # 200c052c <_impure_ptr+0x128>
200a6076:	33b020ef          	jal	ra,200a8bb0 <__subsf3>
200a607a:	85ca                	mv	a1,s2
200a607c:	06f020ef          	jal	ra,200a88ea <__mulsf3>
200a6080:	85aa                	mv	a1,a0
200a6082:	8522                	mv	a0,s0
200a6084:	0c4020ef          	jal	ra,200a8148 <__addsf3>
200a6088:	842a                	mv	s0,a0
200a608a:	40f2                	lw	ra,28(sp)
200a608c:	8522                	mv	a0,s0
200a608e:	4462                	lw	s0,24(sp)
200a6090:	44d2                	lw	s1,20(sp)
200a6092:	4942                	lw	s2,16(sp)
200a6094:	49b2                	lw	s3,12(sp)
200a6096:	4a22                	lw	s4,8(sp)
200a6098:	4a92                	lw	s5,4(sp)
200a609a:	6105                	addi	sp,sp,32
200a609c:	8082                	ret
200a609e:	0001a597          	auipc	a1,0x1a
200a60a2:	38a5a583          	lw	a1,906(a1) # 200c0428 <_impure_ptr+0x24>
200a60a6:	854e                	mv	a0,s3
200a60a8:	043020ef          	jal	ra,200a88ea <__mulsf3>
200a60ac:	8aaa                	mv	s5,a0
200a60ae:	85d2                	mv	a1,s4
200a60b0:	854a                	mv	a0,s2
200a60b2:	039020ef          	jal	ra,200a88ea <__mulsf3>
200a60b6:	85aa                	mv	a1,a0
200a60b8:	8556                	mv	a0,s5
200a60ba:	2f7020ef          	jal	ra,200a8bb0 <__subsf3>
200a60be:	85a6                	mv	a1,s1
200a60c0:	02b020ef          	jal	ra,200a88ea <__mulsf3>
200a60c4:	85ce                	mv	a1,s3
200a60c6:	2eb020ef          	jal	ra,200a8bb0 <__subsf3>
200a60ca:	84aa                	mv	s1,a0
200a60cc:	0001a597          	auipc	a1,0x1a
200a60d0:	4605a583          	lw	a1,1120(a1) # 200c052c <_impure_ptr+0x128>
200a60d4:	854a                	mv	a0,s2
200a60d6:	015020ef          	jal	ra,200a88ea <__mulsf3>
200a60da:	85aa                	mv	a1,a0
200a60dc:	8526                	mv	a0,s1
200a60de:	06a020ef          	jal	ra,200a8148 <__addsf3>
200a60e2:	85aa                	mv	a1,a0
200a60e4:	8522                	mv	a0,s0
200a60e6:	2cb020ef          	jal	ra,200a8bb0 <__subsf3>
200a60ea:	bf79                	j	200a6088 <__kernel_sinf+0xb4>

200a60ec <fabsf>:
200a60ec:	49f51513          	bclri	a0,a0,0x1f
200a60f0:	8082                	ret

200a60f2 <floorf>:
200a60f2:	1101                	addi	sp,sp,-32
200a60f4:	ca26                	sw	s1,20(sp)
200a60f6:	c84a                	sw	s2,16(sp)
200a60f8:	49f51913          	bclri	s2,a0,0x1f
200a60fc:	01795493          	srli	s1,s2,0x17
200a6100:	ce06                	sw	ra,28(sp)
200a6102:	cc22                	sw	s0,24(sp)
200a6104:	c64e                	sw	s3,12(sp)
200a6106:	f8148493          	addi	s1,s1,-127
200a610a:	47d9                	li	a5,22
200a610c:	85aa                	mv	a1,a0
200a610e:	0697c863          	blt	a5,s1,200a617e <floorf+0x8c>
200a6112:	842a                	mv	s0,a0
200a6114:	0204d863          	bgez	s1,200a6144 <floorf+0x52>
200a6118:	0001a597          	auipc	a1,0x1a
200a611c:	4185a583          	lw	a1,1048(a1) # 200c0530 <_impure_ptr+0x12c>
200a6120:	028020ef          	jal	ra,200a8148 <__addsf3>
200a6124:	00000593          	li	a1,0
200a6128:	694020ef          	jal	ra,200a87bc <__gesf2>
200a612c:	00a05a63          	blez	a0,200a6140 <floorf+0x4e>
200a6130:	06045663          	bgez	s0,200a619c <floorf+0xaa>
200a6134:	bf800437          	lui	s0,0xbf800
200a6138:	00091463          	bnez	s2,200a6140 <floorf+0x4e>
200a613c:	80000437          	lui	s0,0x80000
200a6140:	85a2                	mv	a1,s0
200a6142:	a0a9                	j	200a618c <floorf+0x9a>
200a6144:	008009b7          	lui	s3,0x800
200a6148:	fff98913          	addi	s2,s3,-1 # 7fffff <_data_lma+0x7f513b>
200a614c:	40995933          	sra	s2,s2,s1
200a6150:	00a977b3          	and	a5,s2,a0
200a6154:	cf85                	beqz	a5,200a618c <floorf+0x9a>
200a6156:	0001a597          	auipc	a1,0x1a
200a615a:	3da5a583          	lw	a1,986(a1) # 200c0530 <_impure_ptr+0x12c>
200a615e:	7eb010ef          	jal	ra,200a8148 <__addsf3>
200a6162:	00000593          	li	a1,0
200a6166:	656020ef          	jal	ra,200a87bc <__gesf2>
200a616a:	fca05be3          	blez	a0,200a6140 <floorf+0x4e>
200a616e:	00045563          	bgez	s0,200a6178 <floorf+0x86>
200a6172:	4099d9b3          	sra	s3,s3,s1
200a6176:	944e                	add	s0,s0,s3
200a6178:	41247433          	andn	s0,s0,s2
200a617c:	b7d1                	j	200a6140 <floorf+0x4e>
200a617e:	7f8007b7          	lui	a5,0x7f800
200a6182:	00f96563          	bltu	s2,a5,200a618c <floorf+0x9a>
200a6186:	7c3010ef          	jal	ra,200a8148 <__addsf3>
200a618a:	85aa                	mv	a1,a0
200a618c:	40f2                	lw	ra,28(sp)
200a618e:	4462                	lw	s0,24(sp)
200a6190:	44d2                	lw	s1,20(sp)
200a6192:	4942                	lw	s2,16(sp)
200a6194:	49b2                	lw	s3,12(sp)
200a6196:	852e                	mv	a0,a1
200a6198:	6105                	addi	sp,sp,32
200a619a:	8082                	ret
200a619c:	4401                	li	s0,0
200a619e:	b74d                	j	200a6140 <floorf+0x4e>

200a61a0 <scalbnf>:
200a61a0:	87aa                	mv	a5,a0
200a61a2:	49f51713          	bclri	a4,a0,0x1f
200a61a6:	cf69                	beqz	a4,200a6280 <scalbnf+0xe0>
200a61a8:	1141                	addi	sp,sp,-16
200a61aa:	c606                	sw	ra,12(sp)
200a61ac:	c422                	sw	s0,8(sp)
200a61ae:	7f800637          	lui	a2,0x7f800
200a61b2:	00c76763          	bltu	a4,a2,200a61c0 <scalbnf+0x20>
200a61b6:	85aa                	mv	a1,a0
200a61b8:	791010ef          	jal	ra,200a8148 <__addsf3>
200a61bc:	87aa                	mv	a5,a0
200a61be:	a8ad                	j	200a6238 <scalbnf+0x98>
200a61c0:	00c576b3          	and	a3,a0,a2
200a61c4:	842e                	mv	s0,a1
200a61c6:	eaa1                	bnez	a3,200a6216 <scalbnf+0x76>
200a61c8:	0001a597          	auipc	a1,0x1a
200a61cc:	36c5a583          	lw	a1,876(a1) # 200c0534 <_impure_ptr+0x130>
200a61d0:	71a020ef          	jal	ra,200a88ea <__mulsf3>
200a61d4:	7751                	lui	a4,0xffff4
200a61d6:	cb070713          	addi	a4,a4,-848 # ffff3cb0 <__freertos_irq_stack_topV5+0xdfef3cb0>
200a61da:	87aa                	mv	a5,a0
200a61dc:	08e44063          	blt	s0,a4,200a625c <scalbnf+0xbc>
200a61e0:	41755713          	srai	a4,a0,0x17
200a61e4:	0ff77713          	zext.b	a4,a4
200a61e8:	171d                	addi	a4,a4,-25
200a61ea:	66b1                	lui	a3,0xc
200a61ec:	35068693          	addi	a3,a3,848 # c350 <_data_lma+0x148c>
200a61f0:	0286d563          	bge	a3,s0,200a621a <scalbnf+0x7a>
200a61f4:	0001a517          	auipc	a0,0x1a
200a61f8:	33c52503          	lw	a0,828(a0) # 200c0530 <_impure_ptr+0x12c>
200a61fc:	0007d663          	bgez	a5,200a6208 <scalbnf+0x68>
200a6200:	0001a517          	auipc	a0,0x1a
200a6204:	33c52503          	lw	a0,828(a0) # 200c053c <_impure_ptr+0x138>
200a6208:	0001a597          	auipc	a1,0x1a
200a620c:	3285a583          	lw	a1,808(a1) # 200c0530 <_impure_ptr+0x12c>
200a6210:	6da020ef          	jal	ra,200a88ea <__mulsf3>
200a6214:	b765                	j	200a61bc <scalbnf+0x1c>
200a6216:	835d                	srli	a4,a4,0x17
200a6218:	bfc9                	j	200a61ea <scalbnf+0x4a>
200a621a:	008705b3          	add	a1,a4,s0
200a621e:	0fe00713          	li	a4,254
200a6222:	fcb749e3          	blt	a4,a1,200a61f4 <scalbnf+0x54>
200a6226:	00b05e63          	blez	a1,200a6242 <scalbnf+0xa2>
200a622a:	808007b7          	lui	a5,0x80800
200a622e:	17fd                	addi	a5,a5,-1 # 807fffff <__freertos_irq_stack_topV5+0x606fffff>
200a6230:	05de                	slli	a1,a1,0x17
200a6232:	8d7d                	and	a0,a0,a5
200a6234:	00a5e7b3          	or	a5,a1,a0
200a6238:	40b2                	lw	ra,12(sp)
200a623a:	4422                	lw	s0,8(sp)
200a623c:	853e                	mv	a0,a5
200a623e:	0141                	addi	sp,sp,16
200a6240:	8082                	ret
200a6242:	5729                	li	a4,-22
200a6244:	02e5d163          	bge	a1,a4,200a6266 <scalbnf+0xc6>
200a6248:	0001a517          	auipc	a0,0x1a
200a624c:	2f052503          	lw	a0,752(a0) # 200c0538 <_impure_ptr+0x134>
200a6250:	0007d663          	bgez	a5,200a625c <scalbnf+0xbc>
200a6254:	0001a517          	auipc	a0,0x1a
200a6258:	2ec52503          	lw	a0,748(a0) # 200c0540 <_impure_ptr+0x13c>
200a625c:	0001a597          	auipc	a1,0x1a
200a6260:	2dc5a583          	lw	a1,732(a1) # 200c0538 <_impure_ptr+0x134>
200a6264:	b775                	j	200a6210 <scalbnf+0x70>
200a6266:	80800737          	lui	a4,0x80800
200a626a:	05e5                	addi	a1,a1,25
200a626c:	177d                	addi	a4,a4,-1 # 807fffff <__freertos_irq_stack_topV5+0x606fffff>
200a626e:	01759793          	slli	a5,a1,0x17
200a6272:	8d79                	and	a0,a0,a4
200a6274:	0001a597          	auipc	a1,0x1a
200a6278:	2d05a583          	lw	a1,720(a1) # 200c0544 <_impure_ptr+0x140>
200a627c:	8d5d                	or	a0,a0,a5
200a627e:	bf49                	j	200a6210 <scalbnf+0x70>
200a6280:	8082                	ret

200a6282 <__udivdi3>:
200a6282:	8832                	mv	a6,a2
200a6284:	88aa                	mv	a7,a0
200a6286:	872e                	mv	a4,a1
200a6288:	eacd                	bnez	a3,200a633a <__udivdi3+0xb8>
200a628a:	0ec5ff63          	bgeu	a1,a2,200a6388 <__udivdi3+0x106>
200a628e:	67c1                	lui	a5,0x10
200a6290:	18f66a63          	bltu	a2,a5,200a6424 <__udivdi3+0x1a2>
200a6294:	010007b7          	lui	a5,0x1000
200a6298:	00f637b3          	sltu	a5,a2,a5
200a629c:	40f007b3          	neg	a5,a5
200a62a0:	9be1                	andi	a5,a5,-8
200a62a2:	07e1                	addi	a5,a5,24 # 1000018 <_data_lma+0xff5154>
200a62a4:	00f65333          	srl	t1,a2,a5
200a62a8:	00005697          	auipc	a3,0x5
200a62ac:	8f868693          	addi	a3,a3,-1800 # 200aaba0 <__clz_tab>
200a62b0:	969a                	add	a3,a3,t1
200a62b2:	2294                	lbu	a3,0(a3)
200a62b4:	02000313          	li	t1,32
200a62b8:	97b6                	add	a5,a5,a3
200a62ba:	40f306b3          	sub	a3,t1,a5
200a62be:	00f30b63          	beq	t1,a5,200a62d4 <__udivdi3+0x52>
200a62c2:	00d59733          	sll	a4,a1,a3
200a62c6:	00f557b3          	srl	a5,a0,a5
200a62ca:	00d61833          	sll	a6,a2,a3
200a62ce:	8f5d                	or	a4,a4,a5
200a62d0:	00d518b3          	sll	a7,a0,a3
200a62d4:	01085613          	srli	a2,a6,0x10
200a62d8:	02c75533          	divu	a0,a4,a2
200a62dc:	080846b3          	zext.h	a3,a6
200a62e0:	0108d793          	srli	a5,a7,0x10
200a62e4:	02c77733          	remu	a4,a4,a2
200a62e8:	02a685b3          	mul	a1,a3,a0
200a62ec:	0742                	slli	a4,a4,0x10
200a62ee:	8fd9                	or	a5,a5,a4
200a62f0:	00b7fa63          	bgeu	a5,a1,200a6304 <__udivdi3+0x82>
200a62f4:	97c2                	add	a5,a5,a6
200a62f6:	fff50713          	addi	a4,a0,-1
200a62fa:	0107e463          	bltu	a5,a6,200a6302 <__udivdi3+0x80>
200a62fe:	30b7e863          	bltu	a5,a1,200a660e <__udivdi3+0x38c>
200a6302:	853a                	mv	a0,a4
200a6304:	8f8d                	sub	a5,a5,a1
200a6306:	02c7d733          	divu	a4,a5,a2
200a630a:	0808c8b3          	zext.h	a7,a7
200a630e:	02c7f7b3          	remu	a5,a5,a2
200a6312:	02e686b3          	mul	a3,a3,a4
200a6316:	07c2                	slli	a5,a5,0x10
200a6318:	00f8e8b3          	or	a7,a7,a5
200a631c:	00d8fb63          	bgeu	a7,a3,200a6332 <__udivdi3+0xb0>
200a6320:	98c2                	add	a7,a7,a6
200a6322:	fff70793          	addi	a5,a4,-1
200a6326:	0108e563          	bltu	a7,a6,200a6330 <__udivdi3+0xae>
200a632a:	1779                	addi	a4,a4,-2
200a632c:	00d8e363          	bltu	a7,a3,200a6332 <__udivdi3+0xb0>
200a6330:	873e                	mv	a4,a5
200a6332:	0542                	slli	a0,a0,0x10
200a6334:	8d59                	or	a0,a0,a4
200a6336:	4581                	li	a1,0
200a6338:	8082                	ret
200a633a:	00d5f563          	bgeu	a1,a3,200a6344 <__udivdi3+0xc2>
200a633e:	4581                	li	a1,0
200a6340:	4501                	li	a0,0
200a6342:	8082                	ret
200a6344:	67c1                	lui	a5,0x10
200a6346:	18f6e563          	bltu	a3,a5,200a64d0 <__udivdi3+0x24e>
200a634a:	010007b7          	lui	a5,0x1000
200a634e:	00f6b7b3          	sltu	a5,a3,a5
200a6352:	40f007b3          	neg	a5,a5
200a6356:	9be1                	andi	a5,a5,-8
200a6358:	07e1                	addi	a5,a5,24 # 1000018 <_data_lma+0xff5154>
200a635a:	00f6d833          	srl	a6,a3,a5
200a635e:	00005717          	auipc	a4,0x5
200a6362:	84270713          	addi	a4,a4,-1982 # 200aaba0 <__clz_tab>
200a6366:	9742                	add	a4,a4,a6
200a6368:	2318                	lbu	a4,0(a4)
200a636a:	02000893          	li	a7,32
200a636e:	973e                	add	a4,a4,a5
200a6370:	40e88833          	sub	a6,a7,a4
200a6374:	18e89263          	bne	a7,a4,200a64f8 <__udivdi3+0x276>
200a6378:	26b6ed63          	bltu	a3,a1,200a65f2 <__udivdi3+0x370>
200a637c:	00c53533          	sltu	a0,a0,a2
200a6380:	00154513          	xori	a0,a0,1
200a6384:	4581                	li	a1,0
200a6386:	8082                	ret
200a6388:	c645                	beqz	a2,200a6430 <__udivdi3+0x1ae>
200a638a:	67c1                	lui	a5,0x10
200a638c:	24f67b63          	bgeu	a2,a5,200a65e2 <__udivdi3+0x360>
200a6390:	10063713          	sltiu	a4,a2,256
200a6394:	00174713          	xori	a4,a4,1
200a6398:	070e                	slli	a4,a4,0x3
200a639a:	00e656b3          	srl	a3,a2,a4
200a639e:	00005797          	auipc	a5,0x5
200a63a2:	80278793          	addi	a5,a5,-2046 # 200aaba0 <__clz_tab>
200a63a6:	97b6                	add	a5,a5,a3
200a63a8:	239c                	lbu	a5,0(a5)
200a63aa:	02000693          	li	a3,32
200a63ae:	97ba                	add	a5,a5,a4
200a63b0:	40f68eb3          	sub	t4,a3,a5
200a63b4:	08f69d63          	bne	a3,a5,200a644e <__udivdi3+0x1cc>
200a63b8:	40c587b3          	sub	a5,a1,a2
200a63bc:	4585                	li	a1,1
200a63be:	01065693          	srli	a3,a2,0x10
200a63c2:	08064633          	zext.h	a2,a2
200a63c6:	02d7d533          	divu	a0,a5,a3
200a63ca:	0108d713          	srli	a4,a7,0x10
200a63ce:	02d7f7b3          	remu	a5,a5,a3
200a63d2:	02c50333          	mul	t1,a0,a2
200a63d6:	07c2                	slli	a5,a5,0x10
200a63d8:	8fd9                	or	a5,a5,a4
200a63da:	0067fa63          	bgeu	a5,t1,200a63ee <__udivdi3+0x16c>
200a63de:	97c2                	add	a5,a5,a6
200a63e0:	fff50713          	addi	a4,a0,-1
200a63e4:	0107e463          	bltu	a5,a6,200a63ec <__udivdi3+0x16a>
200a63e8:	2267e063          	bltu	a5,t1,200a6608 <__udivdi3+0x386>
200a63ec:	853a                	mv	a0,a4
200a63ee:	406787b3          	sub	a5,a5,t1
200a63f2:	02d7d733          	divu	a4,a5,a3
200a63f6:	0808c8b3          	zext.h	a7,a7
200a63fa:	02d7f7b3          	remu	a5,a5,a3
200a63fe:	02c70633          	mul	a2,a4,a2
200a6402:	07c2                	slli	a5,a5,0x10
200a6404:	00f8e8b3          	or	a7,a7,a5
200a6408:	00c8fb63          	bgeu	a7,a2,200a641e <__udivdi3+0x19c>
200a640c:	98c2                	add	a7,a7,a6
200a640e:	fff70793          	addi	a5,a4,-1
200a6412:	0108e563          	bltu	a7,a6,200a641c <__udivdi3+0x19a>
200a6416:	1779                	addi	a4,a4,-2
200a6418:	00c8e363          	bltu	a7,a2,200a641e <__udivdi3+0x19c>
200a641c:	873e                	mv	a4,a5
200a641e:	0542                	slli	a0,a0,0x10
200a6420:	8d59                	or	a0,a0,a4
200a6422:	8082                	ret
200a6424:	10063793          	sltiu	a5,a2,256
200a6428:	0017c793          	xori	a5,a5,1
200a642c:	078e                	slli	a5,a5,0x3
200a642e:	bd9d                	j	200a62a4 <__udivdi3+0x22>
200a6430:	4681                	li	a3,0
200a6432:	00004797          	auipc	a5,0x4
200a6436:	76e78793          	addi	a5,a5,1902 # 200aaba0 <__clz_tab>
200a643a:	97b6                	add	a5,a5,a3
200a643c:	239c                	lbu	a5,0(a5)
200a643e:	4701                	li	a4,0
200a6440:	02000693          	li	a3,32
200a6444:	97ba                	add	a5,a5,a4
200a6446:	40f68eb3          	sub	t4,a3,a5
200a644a:	f6f687e3          	beq	a3,a5,200a63b8 <__udivdi3+0x136>
200a644e:	01d61833          	sll	a6,a2,t4
200a6452:	00f5d333          	srl	t1,a1,a5
200a6456:	01085693          	srli	a3,a6,0x10
200a645a:	02d35e33          	divu	t3,t1,a3
200a645e:	01d595b3          	sll	a1,a1,t4
200a6462:	00f557b3          	srl	a5,a0,a5
200a6466:	8fcd                	or	a5,a5,a1
200a6468:	08084633          	zext.h	a2,a6
200a646c:	0107d713          	srli	a4,a5,0x10
200a6470:	01d518b3          	sll	a7,a0,t4
200a6474:	02d37333          	remu	t1,t1,a3
200a6478:	03c605b3          	mul	a1,a2,t3
200a647c:	0342                	slli	t1,t1,0x10
200a647e:	00676733          	or	a4,a4,t1
200a6482:	00b77b63          	bgeu	a4,a1,200a6498 <__udivdi3+0x216>
200a6486:	9742                	add	a4,a4,a6
200a6488:	fffe0513          	addi	a0,t3,-1
200a648c:	17076a63          	bltu	a4,a6,200a6600 <__udivdi3+0x37e>
200a6490:	16b77863          	bgeu	a4,a1,200a6600 <__udivdi3+0x37e>
200a6494:	1e79                	addi	t3,t3,-2
200a6496:	9742                	add	a4,a4,a6
200a6498:	8f0d                	sub	a4,a4,a1
200a649a:	02d75533          	divu	a0,a4,a3
200a649e:	0807c7b3          	zext.h	a5,a5
200a64a2:	02d77733          	remu	a4,a4,a3
200a64a6:	02a60333          	mul	t1,a2,a0
200a64aa:	0742                	slli	a4,a4,0x10
200a64ac:	8fd9                	or	a5,a5,a4
200a64ae:	0067fb63          	bgeu	a5,t1,200a64c4 <__udivdi3+0x242>
200a64b2:	97c2                	add	a5,a5,a6
200a64b4:	fff50713          	addi	a4,a0,-1
200a64b8:	1507e063          	bltu	a5,a6,200a65f8 <__udivdi3+0x376>
200a64bc:	1267fe63          	bgeu	a5,t1,200a65f8 <__udivdi3+0x376>
200a64c0:	1579                	addi	a0,a0,-2
200a64c2:	97c2                	add	a5,a5,a6
200a64c4:	010e1593          	slli	a1,t3,0x10
200a64c8:	406787b3          	sub	a5,a5,t1
200a64cc:	8dc9                	or	a1,a1,a0
200a64ce:	bde5                	j	200a63c6 <__udivdi3+0x144>
200a64d0:	1006b793          	sltiu	a5,a3,256
200a64d4:	0017c793          	xori	a5,a5,1
200a64d8:	078e                	slli	a5,a5,0x3
200a64da:	00f6d833          	srl	a6,a3,a5
200a64de:	00004717          	auipc	a4,0x4
200a64e2:	6c270713          	addi	a4,a4,1730 # 200aaba0 <__clz_tab>
200a64e6:	9742                	add	a4,a4,a6
200a64e8:	2318                	lbu	a4,0(a4)
200a64ea:	02000893          	li	a7,32
200a64ee:	973e                	add	a4,a4,a5
200a64f0:	40e88833          	sub	a6,a7,a4
200a64f4:	e8e882e3          	beq	a7,a4,200a6378 <__udivdi3+0xf6>
200a64f8:	00e65e33          	srl	t3,a2,a4
200a64fc:	010696b3          	sll	a3,a3,a6
200a6500:	00de6e33          	or	t3,t3,a3
200a6504:	00e5d8b3          	srl	a7,a1,a4
200a6508:	010e5e93          	srli	t4,t3,0x10
200a650c:	03d8d7b3          	divu	a5,a7,t4
200a6510:	010595b3          	sll	a1,a1,a6
200a6514:	00e55733          	srl	a4,a0,a4
200a6518:	8f4d                	or	a4,a4,a1
200a651a:	080e4333          	zext.h	t1,t3
200a651e:	01075693          	srli	a3,a4,0x10
200a6522:	01061633          	sll	a2,a2,a6
200a6526:	03d8f8b3          	remu	a7,a7,t4
200a652a:	02f305b3          	mul	a1,t1,a5
200a652e:	08c2                	slli	a7,a7,0x10
200a6530:	0116e6b3          	or	a3,a3,a7
200a6534:	00b6fb63          	bgeu	a3,a1,200a654a <__udivdi3+0x2c8>
200a6538:	96f2                	add	a3,a3,t3
200a653a:	fff78893          	addi	a7,a5,-1
200a653e:	0dc6e363          	bltu	a3,t3,200a6604 <__udivdi3+0x382>
200a6542:	0cb6f163          	bgeu	a3,a1,200a6604 <__udivdi3+0x382>
200a6546:	17f9                	addi	a5,a5,-2
200a6548:	96f2                	add	a3,a3,t3
200a654a:	8e8d                	sub	a3,a3,a1
200a654c:	03d6d5b3          	divu	a1,a3,t4
200a6550:	08074733          	zext.h	a4,a4
200a6554:	03d6f6b3          	remu	a3,a3,t4
200a6558:	02b308b3          	mul	a7,t1,a1
200a655c:	06c2                	slli	a3,a3,0x10
200a655e:	8f55                	or	a4,a4,a3
200a6560:	01177b63          	bgeu	a4,a7,200a6576 <__udivdi3+0x2f4>
200a6564:	9772                	add	a4,a4,t3
200a6566:	fff58693          	addi	a3,a1,-1
200a656a:	09c76963          	bltu	a4,t3,200a65fc <__udivdi3+0x37a>
200a656e:	09177763          	bgeu	a4,a7,200a65fc <__udivdi3+0x37a>
200a6572:	15f9                	addi	a1,a1,-2
200a6574:	9772                	add	a4,a4,t3
200a6576:	07c2                	slli	a5,a5,0x10
200a6578:	6ec1                	lui	t4,0x10
200a657a:	8fcd                	or	a5,a5,a1
200a657c:	fffe8693          	addi	a3,t4,-1 # ffff <_data_lma+0x513b>
200a6580:	00d7f5b3          	and	a1,a5,a3
200a6584:	0107d313          	srli	t1,a5,0x10
200a6588:	8ef1                	and	a3,a3,a2
200a658a:	8241                	srli	a2,a2,0x10
200a658c:	02d58e33          	mul	t3,a1,a3
200a6590:	41170733          	sub	a4,a4,a7
200a6594:	02d306b3          	mul	a3,t1,a3
200a6598:	010e5893          	srli	a7,t3,0x10
200a659c:	02c585b3          	mul	a1,a1,a2
200a65a0:	95b6                	add	a1,a1,a3
200a65a2:	95c6                	add	a1,a1,a7
200a65a4:	02c30333          	mul	t1,t1,a2
200a65a8:	00d5f363          	bgeu	a1,a3,200a65ae <__udivdi3+0x32c>
200a65ac:	9376                	add	t1,t1,t4
200a65ae:	0105d693          	srli	a3,a1,0x10
200a65b2:	969a                	add	a3,a3,t1
200a65b4:	02d76363          	bltu	a4,a3,200a65da <__udivdi3+0x358>
200a65b8:	00d70563          	beq	a4,a3,200a65c2 <__udivdi3+0x340>
200a65bc:	853e                	mv	a0,a5
200a65be:	4581                	li	a1,0
200a65c0:	8082                	ret
200a65c2:	66c1                	lui	a3,0x10
200a65c4:	16fd                	addi	a3,a3,-1 # ffff <_data_lma+0x513b>
200a65c6:	00d5f733          	and	a4,a1,a3
200a65ca:	0742                	slli	a4,a4,0x10
200a65cc:	00de7e33          	and	t3,t3,a3
200a65d0:	01051533          	sll	a0,a0,a6
200a65d4:	9772                	add	a4,a4,t3
200a65d6:	fee573e3          	bgeu	a0,a4,200a65bc <__udivdi3+0x33a>
200a65da:	fff78513          	addi	a0,a5,-1
200a65de:	4581                	li	a1,0
200a65e0:	8082                	ret
200a65e2:	010007b7          	lui	a5,0x1000
200a65e6:	02f67763          	bgeu	a2,a5,200a6614 <__udivdi3+0x392>
200a65ea:	01065693          	srli	a3,a2,0x10
200a65ee:	4741                	li	a4,16
200a65f0:	b37d                	j	200a639e <__udivdi3+0x11c>
200a65f2:	4581                	li	a1,0
200a65f4:	4505                	li	a0,1
200a65f6:	8082                	ret
200a65f8:	853a                	mv	a0,a4
200a65fa:	b5e9                	j	200a64c4 <__udivdi3+0x242>
200a65fc:	85b6                	mv	a1,a3
200a65fe:	bfa5                	j	200a6576 <__udivdi3+0x2f4>
200a6600:	8e2a                	mv	t3,a0
200a6602:	bd59                	j	200a6498 <__udivdi3+0x216>
200a6604:	87c6                	mv	a5,a7
200a6606:	b791                	j	200a654a <__udivdi3+0x2c8>
200a6608:	1579                	addi	a0,a0,-2
200a660a:	97c2                	add	a5,a5,a6
200a660c:	b3cd                	j	200a63ee <__udivdi3+0x16c>
200a660e:	1579                	addi	a0,a0,-2
200a6610:	97c2                	add	a5,a5,a6
200a6612:	b9cd                	j	200a6304 <__udivdi3+0x82>
200a6614:	01865693          	srli	a3,a2,0x18
200a6618:	4761                	li	a4,24
200a661a:	b351                	j	200a639e <__udivdi3+0x11c>

200a661c <__adddf3>:
200a661c:	001007b7          	lui	a5,0x100
200a6620:	17fd                	addi	a5,a5,-1 # fffff <_data_lma+0xf513b>
200a6622:	00b7f8b3          	and	a7,a5,a1
200a6626:	00d7f833          	and	a6,a5,a3
200a662a:	0146de13          	srli	t3,a3,0x14
200a662e:	0145d793          	srli	a5,a1,0x14
200a6632:	088e                	slli	a7,a7,0x3
200a6634:	01d65313          	srli	t1,a2,0x1d
200a6638:	01d55713          	srli	a4,a0,0x1d
200a663c:	080e                	slli	a6,a6,0x3
200a663e:	7ff7f793          	andi	a5,a5,2047
200a6642:	7ffe7e13          	andi	t3,t3,2047
200a6646:	81fd                	srli	a1,a1,0x1f
200a6648:	82fd                	srli	a3,a3,0x1f
200a664a:	01176733          	or	a4,a4,a7
200a664e:	01036833          	or	a6,t1,a6
200a6652:	00351e93          	slli	t4,a0,0x3
200a6656:	00361313          	slli	t1,a2,0x3
200a665a:	41c788b3          	sub	a7,a5,t3
200a665e:	16d58863          	beq	a1,a3,200a67ce <__adddf3+0x1b2>
200a6662:	11105063          	blez	a7,200a6762 <__adddf3+0x146>
200a6666:	1e0e0b63          	beqz	t3,200a685c <__adddf3+0x240>
200a666a:	7ff00693          	li	a3,2047
200a666e:	54d78d63          	beq	a5,a3,200a6bc8 <__adddf3+0x5ac>
200a6672:	03800693          	li	a3,56
200a6676:	4605                	li	a2,1
200a6678:	29781813          	bseti	a6,a6,0x17
200a667c:	0316c763          	blt	a3,a7,200a66aa <__adddf3+0x8e>
200a6680:	46fd                	li	a3,31
200a6682:	4116cb63          	blt	a3,a7,200a6a98 <__adddf3+0x47c>
200a6686:	02000693          	li	a3,32
200a668a:	411686b3          	sub	a3,a3,a7
200a668e:	00d81633          	sll	a2,a6,a3
200a6692:	01135533          	srl	a0,t1,a7
200a6696:	00d316b3          	sll	a3,t1,a3
200a669a:	8e49                	or	a2,a2,a0
200a669c:	00d036b3          	snez	a3,a3
200a66a0:	011858b3          	srl	a7,a6,a7
200a66a4:	8e55                	or	a2,a2,a3
200a66a6:	41170733          	sub	a4,a4,a7
200a66aa:	40ce8633          	sub	a2,t4,a2
200a66ae:	00ceb6b3          	sltu	a3,t4,a2
200a66b2:	8f15                	sub	a4,a4,a3
200a66b4:	008006b7          	lui	a3,0x800
200a66b8:	00d77533          	and	a0,a4,a3
200a66bc:	24050563          	beqz	a0,200a6906 <__adddf3+0x2ea>
200a66c0:	16fd                	addi	a3,a3,-1 # 7fffff <_data_lma+0x7f513b>
200a66c2:	8f75                	and	a4,a4,a3
200a66c4:	26070f63          	beqz	a4,200a6942 <__adddf3+0x326>
200a66c8:	60071693          	clz	a3,a4
200a66cc:	16e1                	addi	a3,a3,-8
200a66ce:	02000513          	li	a0,32
200a66d2:	40d508b3          	sub	a7,a0,a3
200a66d6:	011658b3          	srl	a7,a2,a7
200a66da:	00d71733          	sll	a4,a4,a3
200a66de:	00e8e8b3          	or	a7,a7,a4
200a66e2:	00d61633          	sll	a2,a2,a3
200a66e6:	32f6c163          	blt	a3,a5,200a6a08 <__adddf3+0x3ec>
200a66ea:	8e9d                	sub	a3,a3,a5
200a66ec:	0685                	addi	a3,a3,1
200a66ee:	8d15                	sub	a0,a0,a3
200a66f0:	00a617b3          	sll	a5,a2,a0
200a66f4:	00d65733          	srl	a4,a2,a3
200a66f8:	00f037b3          	snez	a5,a5
200a66fc:	8fd9                	or	a5,a5,a4
200a66fe:	00a89533          	sll	a0,a7,a0
200a6702:	00f56633          	or	a2,a0,a5
200a6706:	00d8d733          	srl	a4,a7,a3
200a670a:	4781                	li	a5,0
200a670c:	00767693          	andi	a3,a2,7
200a6710:	ce81                	beqz	a3,200a6728 <__adddf3+0x10c>
200a6712:	00f67693          	andi	a3,a2,15
200a6716:	4511                	li	a0,4
200a6718:	00a68863          	beq	a3,a0,200a6728 <__adddf3+0x10c>
200a671c:	00460693          	addi	a3,a2,4 # 7f800004 <__freertos_irq_stack_topV5+0x5f700004>
200a6720:	00c6b633          	sltu	a2,a3,a2
200a6724:	9732                	add	a4,a4,a2
200a6726:	8636                	mv	a2,a3
200a6728:	008006b7          	lui	a3,0x800
200a672c:	8ef9                	and	a3,a3,a4
200a672e:	26068263          	beqz	a3,200a6992 <__adddf3+0x376>
200a6732:	0785                	addi	a5,a5,1
200a6734:	7ff00693          	li	a3,2047
200a6738:	1ad78a63          	beq	a5,a3,200a68ec <__adddf3+0x2d0>
200a673c:	820d                	srli	a2,a2,0x3
200a673e:	01d71893          	slli	a7,a4,0x1d
200a6742:	00971813          	slli	a6,a4,0x9
200a6746:	00c8e8b3          	or	a7,a7,a2
200a674a:	00c85813          	srli	a6,a6,0xc
200a674e:	7ff7f793          	andi	a5,a5,2047
200a6752:	07d2                	slli	a5,a5,0x14
200a6754:	0107e7b3          	or	a5,a5,a6
200a6758:	05fe                	slli	a1,a1,0x1f
200a675a:	8fcd                	or	a5,a5,a1
200a675c:	8546                	mv	a0,a7
200a675e:	85be                	mv	a1,a5
200a6760:	8082                	ret
200a6762:	12088063          	beqz	a7,200a6882 <__adddf3+0x266>
200a6766:	40fe08b3          	sub	a7,t3,a5
200a676a:	30079b63          	bnez	a5,200a6a80 <__adddf3+0x464>
200a676e:	01d767b3          	or	a5,a4,t4
200a6772:	28078463          	beqz	a5,200a69fa <__adddf3+0x3de>
200a6776:	fff88793          	addi	a5,a7,-1
200a677a:	4e078263          	beqz	a5,200a6c5e <__adddf3+0x642>
200a677e:	7ff00593          	li	a1,2047
200a6782:	44b88c63          	beq	a7,a1,200a6bda <__adddf3+0x5be>
200a6786:	03800593          	li	a1,56
200a678a:	4605                	li	a2,1
200a678c:	02f5c863          	blt	a1,a5,200a67bc <__adddf3+0x1a0>
200a6790:	88be                	mv	a7,a5
200a6792:	47fd                	li	a5,31
200a6794:	4717c663          	blt	a5,a7,200a6c00 <__adddf3+0x5e4>
200a6798:	02000793          	li	a5,32
200a679c:	411787b3          	sub	a5,a5,a7
200a67a0:	00f71633          	sll	a2,a4,a5
200a67a4:	011ed5b3          	srl	a1,t4,a7
200a67a8:	00fe97b3          	sll	a5,t4,a5
200a67ac:	8e4d                	or	a2,a2,a1
200a67ae:	00f037b3          	snez	a5,a5
200a67b2:	011758b3          	srl	a7,a4,a7
200a67b6:	8e5d                	or	a2,a2,a5
200a67b8:	41180833          	sub	a6,a6,a7
200a67bc:	40c30633          	sub	a2,t1,a2
200a67c0:	00c33333          	sltu	t1,t1,a2
200a67c4:	40680733          	sub	a4,a6,t1
200a67c8:	87f2                	mv	a5,t3
200a67ca:	85b6                	mv	a1,a3
200a67cc:	b5e5                	j	200a66b4 <__adddf3+0x98>
200a67ce:	15105163          	blez	a7,200a6910 <__adddf3+0x2f4>
200a67d2:	100e1163          	bnez	t3,200a68d4 <__adddf3+0x2b8>
200a67d6:	006866b3          	or	a3,a6,t1
200a67da:	22068363          	beqz	a3,200a6a00 <__adddf3+0x3e4>
200a67de:	fff88693          	addi	a3,a7,-1
200a67e2:	3a068a63          	beqz	a3,200a6b96 <__adddf3+0x57a>
200a67e6:	7ff00613          	li	a2,2047
200a67ea:	48c88663          	beq	a7,a2,200a6c76 <__adddf3+0x65a>
200a67ee:	03800513          	li	a0,56
200a67f2:	4605                	li	a2,1
200a67f4:	02d54963          	blt	a0,a3,200a6826 <__adddf3+0x20a>
200a67f8:	88b6                	mv	a7,a3
200a67fa:	46fd                	li	a3,31
200a67fc:	3316d063          	bge	a3,a7,200a6b1c <__adddf3+0x500>
200a6800:	fe088693          	addi	a3,a7,-32
200a6804:	02000613          	li	a2,32
200a6808:	00d856b3          	srl	a3,a6,a3
200a680c:	00c88a63          	beq	a7,a2,200a6820 <__adddf3+0x204>
200a6810:	04000613          	li	a2,64
200a6814:	41160633          	sub	a2,a2,a7
200a6818:	00c81633          	sll	a2,a6,a2
200a681c:	00c36333          	or	t1,t1,a2
200a6820:	00603633          	snez	a2,t1
200a6824:	8e55                	or	a2,a2,a3
200a6826:	01d606b3          	add	a3,a2,t4
200a682a:	00c6b533          	sltu	a0,a3,a2
200a682e:	972a                	add	a4,a4,a0
200a6830:	8636                	mv	a2,a3
200a6832:	008006b7          	lui	a3,0x800
200a6836:	8ef9                	and	a3,a3,a4
200a6838:	c6f9                	beqz	a3,200a6906 <__adddf3+0x2ea>
200a683a:	0785                	addi	a5,a5,1
200a683c:	7ff00693          	li	a3,2047
200a6840:	0ad78663          	beq	a5,a3,200a68ec <__adddf3+0x2d0>
200a6844:	00165693          	srli	a3,a2,0x1
200a6848:	8a05                	andi	a2,a2,1
200a684a:	01f71513          	slli	a0,a4,0x1f
200a684e:	8ed1                	or	a3,a3,a2
200a6850:	49771713          	bclri	a4,a4,0x17
200a6854:	00d56633          	or	a2,a0,a3
200a6858:	8305                	srli	a4,a4,0x1
200a685a:	bd4d                	j	200a670c <__adddf3+0xf0>
200a685c:	006866b3          	or	a3,a6,t1
200a6860:	1a068063          	beqz	a3,200a6a00 <__adddf3+0x3e4>
200a6864:	fff88693          	addi	a3,a7,-1
200a6868:	34068563          	beqz	a3,200a6bb2 <__adddf3+0x596>
200a686c:	7ff00613          	li	a2,2047
200a6870:	14c88a63          	beq	a7,a2,200a69c4 <__adddf3+0x3a8>
200a6874:	03800513          	li	a0,56
200a6878:	4605                	li	a2,1
200a687a:	e2d548e3          	blt	a0,a3,200a66aa <__adddf3+0x8e>
200a687e:	88b6                	mv	a7,a3
200a6880:	b501                	j	200a6680 <__adddf3+0x64>
200a6882:	00178893          	addi	a7,a5,1
200a6886:	7fe8f893          	andi	a7,a7,2046
200a688a:	1c089463          	bnez	a7,200a6a52 <__adddf3+0x436>
200a688e:	01d76e33          	or	t3,a4,t4
200a6892:	006868b3          	or	a7,a6,t1
200a6896:	2e079663          	bnez	a5,200a6b82 <__adddf3+0x566>
200a689a:	3a0e0563          	beqz	t3,200a6c44 <__adddf3+0x628>
200a689e:	3e088663          	beqz	a7,200a6c8a <__adddf3+0x66e>
200a68a2:	406e8633          	sub	a2,t4,t1
200a68a6:	00ceb533          	sltu	a0,t4,a2
200a68aa:	41070e33          	sub	t3,a4,a6
200a68ae:	40ae0e33          	sub	t3,t3,a0
200a68b2:	00800537          	lui	a0,0x800
200a68b6:	00ae7533          	and	a0,t3,a0
200a68ba:	42050e63          	beqz	a0,200a6cf6 <__adddf3+0x6da>
200a68be:	41d30eb3          	sub	t4,t1,t4
200a68c2:	40e80833          	sub	a6,a6,a4
200a68c6:	01d33333          	sltu	t1,t1,t4
200a68ca:	8676                	mv	a2,t4
200a68cc:	40680733          	sub	a4,a6,t1
200a68d0:	85b6                	mv	a1,a3
200a68d2:	bd2d                	j	200a670c <__adddf3+0xf0>
200a68d4:	7ff00693          	li	a3,2047
200a68d8:	0ed78663          	beq	a5,a3,200a69c4 <__adddf3+0x3a8>
200a68dc:	03800693          	li	a3,56
200a68e0:	4605                	li	a2,1
200a68e2:	29781813          	bseti	a6,a6,0x17
200a68e6:	f116dae3          	bge	a3,a7,200a67fa <__adddf3+0x1de>
200a68ea:	bf35                	j	200a6826 <__adddf3+0x20a>
200a68ec:	7ff00793          	li	a5,2047
200a68f0:	4801                	li	a6,0
200a68f2:	07d2                	slli	a5,a5,0x14
200a68f4:	0107e7b3          	or	a5,a5,a6
200a68f8:	05fe                	slli	a1,a1,0x1f
200a68fa:	4881                	li	a7,0
200a68fc:	8fcd                	or	a5,a5,a1
200a68fe:	8546                	mv	a0,a7
200a6900:	85be                	mv	a1,a5
200a6902:	8082                	ret
200a6904:	4785                	li	a5,1
200a6906:	00767513          	andi	a0,a2,7
200a690a:	e00514e3          	bnez	a0,200a6712 <__adddf3+0xf6>
200a690e:	aa3d                	j	200a6a4c <__adddf3+0x430>
200a6910:	10088063          	beqz	a7,200a6a10 <__adddf3+0x3f4>
200a6914:	40fe08b3          	sub	a7,t3,a5
200a6918:	1a079463          	bnez	a5,200a6ac0 <__adddf3+0x4a4>
200a691c:	01d767b3          	or	a5,a4,t4
200a6920:	36078f63          	beqz	a5,200a6c9e <__adddf3+0x682>
200a6924:	fff88693          	addi	a3,a7,-1
200a6928:	26068763          	beqz	a3,200a6b96 <__adddf3+0x57a>
200a692c:	7ff00793          	li	a5,2047
200a6930:	2af88f63          	beq	a7,a5,200a6bee <__adddf3+0x5d2>
200a6934:	03800613          	li	a2,56
200a6938:	4785                	li	a5,1
200a693a:	1cd64263          	blt	a2,a3,200a6afe <__adddf3+0x4e2>
200a693e:	88b6                	mv	a7,a3
200a6940:	aa59                	j	200a6ad6 <__adddf3+0x4ba>
200a6942:	60061893          	clz	a7,a2
200a6946:	457d                	li	a0,31
200a6948:	01888693          	addi	a3,a7,24
200a694c:	d8d551e3          	bge	a0,a3,200a66ce <__adddf3+0xb2>
200a6950:	18e1                	addi	a7,a7,-8
200a6952:	011618b3          	sll	a7,a2,a7
200a6956:	1af6cc63          	blt	a3,a5,200a6b0e <__adddf3+0x4f2>
200a695a:	40f68633          	sub	a2,a3,a5
200a695e:	00160693          	addi	a3,a2,1
200a6962:	3ad55b63          	bge	a0,a3,200a6d18 <__adddf3+0x6fc>
200a6966:	1605                	addi	a2,a2,-31
200a6968:	02000793          	li	a5,32
200a696c:	00c8d633          	srl	a2,a7,a2
200a6970:	00f68b63          	beq	a3,a5,200a6986 <__adddf3+0x36a>
200a6974:	04000793          	li	a5,64
200a6978:	8f95                	sub	a5,a5,a3
200a697a:	00f898b3          	sll	a7,a7,a5
200a697e:	011038b3          	snez	a7,a7
200a6982:	01166633          	or	a2,a2,a7
200a6986:	00767513          	andi	a0,a2,7
200a698a:	4781                	li	a5,0
200a698c:	d80513e3          	bnez	a0,200a6712 <__adddf3+0xf6>
200a6990:	a875                	j	200a6a4c <__adddf3+0x430>
200a6992:	00365693          	srli	a3,a2,0x3
200a6996:	01d71893          	slli	a7,a4,0x1d
200a699a:	7ff00613          	li	a2,2047
200a699e:	00d8e8b3          	or	a7,a7,a3
200a69a2:	00375813          	srli	a6,a4,0x3
200a69a6:	02c78863          	beq	a5,a2,200a69d6 <__adddf3+0x3ba>
200a69aa:	0832                	slli	a6,a6,0xc
200a69ac:	7ff7f793          	andi	a5,a5,2047
200a69b0:	00c85813          	srli	a6,a6,0xc
200a69b4:	07d2                	slli	a5,a5,0x14
200a69b6:	0107e7b3          	or	a5,a5,a6
200a69ba:	05fe                	slli	a1,a1,0x1f
200a69bc:	8fcd                	or	a5,a5,a1
200a69be:	8546                	mv	a0,a7
200a69c0:	85be                	mv	a1,a5
200a69c2:	8082                	ret
200a69c4:	050e                	slli	a0,a0,0x3
200a69c6:	00355893          	srli	a7,a0,0x3
200a69ca:	01d71793          	slli	a5,a4,0x1d
200a69ce:	00f8e8b3          	or	a7,a7,a5
200a69d2:	00375813          	srli	a6,a4,0x3
200a69d6:	0108e8b3          	or	a7,a7,a6
200a69da:	f00889e3          	beqz	a7,200a68ec <__adddf3+0x2d0>
200a69de:	7ff00793          	li	a5,2047
200a69e2:	00080837          	lui	a6,0x80
200a69e6:	4581                	li	a1,0
200a69e8:	07d2                	slli	a5,a5,0x14
200a69ea:	0107e7b3          	or	a5,a5,a6
200a69ee:	05fe                	slli	a1,a1,0x1f
200a69f0:	4881                	li	a7,0
200a69f2:	8fcd                	or	a5,a5,a1
200a69f4:	8546                	mv	a0,a7
200a69f6:	85be                	mv	a1,a5
200a69f8:	8082                	ret
200a69fa:	8e9a                	mv	t4,t1
200a69fc:	8742                	mv	a4,a6
200a69fe:	85b6                	mv	a1,a3
200a6a00:	003ed693          	srli	a3,t4,0x3
200a6a04:	87c6                	mv	a5,a7
200a6a06:	bf41                	j	200a6996 <__adddf3+0x37a>
200a6a08:	8f95                	sub	a5,a5,a3
200a6a0a:	49789713          	bclri	a4,a7,0x17
200a6a0e:	b9fd                	j	200a670c <__adddf3+0xf0>
200a6a10:	00178893          	addi	a7,a5,1
200a6a14:	7fe8f693          	andi	a3,a7,2046
200a6a18:	12069463          	bnez	a3,200a6b40 <__adddf3+0x524>
200a6a1c:	01d766b3          	or	a3,a4,t4
200a6a20:	20079463          	bnez	a5,200a6c28 <__adddf3+0x60c>
200a6a24:	28068363          	beqz	a3,200a6caa <__adddf3+0x68e>
200a6a28:	006866b3          	or	a3,a6,t1
200a6a2c:	28068863          	beqz	a3,200a6cbc <__adddf3+0x6a0>
200a6a30:	9376                	add	t1,t1,t4
200a6a32:	983a                	add	a6,a6,a4
200a6a34:	01d336b3          	sltu	a3,t1,t4
200a6a38:	00d80733          	add	a4,a6,a3
200a6a3c:	00800537          	lui	a0,0x800
200a6a40:	8d79                	and	a0,a0,a4
200a6a42:	861a                	mv	a2,t1
200a6a44:	c501                	beqz	a0,200a6a4c <__adddf3+0x430>
200a6a46:	4785                	li	a5,1
200a6a48:	49771713          	bclri	a4,a4,0x17
200a6a4c:	8eb2                	mv	t4,a2
200a6a4e:	88be                	mv	a7,a5
200a6a50:	bf45                	j	200a6a00 <__adddf3+0x3e4>
200a6a52:	406e8633          	sub	a2,t4,t1
200a6a56:	00ceb8b3          	sltu	a7,t4,a2
200a6a5a:	41070533          	sub	a0,a4,a6
200a6a5e:	41150533          	sub	a0,a0,a7
200a6a62:	008008b7          	lui	a7,0x800
200a6a66:	011578b3          	and	a7,a0,a7
200a6a6a:	10089163          	bnez	a7,200a6b6c <__adddf3+0x550>
200a6a6e:	00a668b3          	or	a7,a2,a0
200a6a72:	872a                	mv	a4,a0
200a6a74:	c40898e3          	bnez	a7,200a66c4 <__adddf3+0xa8>
200a6a78:	4581                	li	a1,0
200a6a7a:	4781                	li	a5,0
200a6a7c:	4801                	li	a6,0
200a6a7e:	b9d1                	j	200a6752 <__adddf3+0x136>
200a6a80:	7ff00793          	li	a5,2047
200a6a84:	14fe0b63          	beq	t3,a5,200a6bda <__adddf3+0x5be>
200a6a88:	03800793          	li	a5,56
200a6a8c:	4605                	li	a2,1
200a6a8e:	29771713          	bseti	a4,a4,0x17
200a6a92:	d117d0e3          	bge	a5,a7,200a6792 <__adddf3+0x176>
200a6a96:	b31d                	j	200a67bc <__adddf3+0x1a0>
200a6a98:	fe088693          	addi	a3,a7,-32 # 7fffe0 <_data_lma+0x7f511c>
200a6a9c:	02000613          	li	a2,32
200a6aa0:	00d856b3          	srl	a3,a6,a3
200a6aa4:	00c88a63          	beq	a7,a2,200a6ab8 <__adddf3+0x49c>
200a6aa8:	04000613          	li	a2,64
200a6aac:	41160633          	sub	a2,a2,a7
200a6ab0:	00c81633          	sll	a2,a6,a2
200a6ab4:	00c36333          	or	t1,t1,a2
200a6ab8:	00603633          	snez	a2,t1
200a6abc:	8e55                	or	a2,a2,a3
200a6abe:	b6f5                	j	200a66aa <__adddf3+0x8e>
200a6ac0:	7ff00793          	li	a5,2047
200a6ac4:	12fe0563          	beq	t3,a5,200a6bee <__adddf3+0x5d2>
200a6ac8:	03800693          	li	a3,56
200a6acc:	4785                	li	a5,1
200a6ace:	29771713          	bseti	a4,a4,0x17
200a6ad2:	0316c663          	blt	a3,a7,200a6afe <__adddf3+0x4e2>
200a6ad6:	47fd                	li	a5,31
200a6ad8:	1f17cb63          	blt	a5,a7,200a6cce <__adddf3+0x6b2>
200a6adc:	02000693          	li	a3,32
200a6ae0:	411686b3          	sub	a3,a3,a7
200a6ae4:	00d717b3          	sll	a5,a4,a3
200a6ae8:	011ed633          	srl	a2,t4,a7
200a6aec:	00de96b3          	sll	a3,t4,a3
200a6af0:	8fd1                	or	a5,a5,a2
200a6af2:	00d036b3          	snez	a3,a3
200a6af6:	011758b3          	srl	a7,a4,a7
200a6afa:	8fd5                	or	a5,a5,a3
200a6afc:	9846                	add	a6,a6,a7
200a6afe:	933e                	add	t1,t1,a5
200a6b00:	00f337b3          	sltu	a5,t1,a5
200a6b04:	01078733          	add	a4,a5,a6
200a6b08:	861a                	mv	a2,t1
200a6b0a:	87f2                	mv	a5,t3
200a6b0c:	b31d                	j	200a6832 <__adddf3+0x216>
200a6b0e:	49789813          	bclri	a6,a7,0x17
200a6b12:	8f95                	sub	a5,a5,a3
200a6b14:	08f6                	slli	a7,a7,0x1d
200a6b16:	00385813          	srli	a6,a6,0x3
200a6b1a:	bd41                	j	200a69aa <__adddf3+0x38e>
200a6b1c:	02000693          	li	a3,32
200a6b20:	411686b3          	sub	a3,a3,a7
200a6b24:	00d81633          	sll	a2,a6,a3
200a6b28:	01135533          	srl	a0,t1,a7
200a6b2c:	00d316b3          	sll	a3,t1,a3
200a6b30:	8e49                	or	a2,a2,a0
200a6b32:	00d036b3          	snez	a3,a3
200a6b36:	011858b3          	srl	a7,a6,a7
200a6b3a:	8e55                	or	a2,a2,a3
200a6b3c:	9746                	add	a4,a4,a7
200a6b3e:	b1e5                	j	200a6826 <__adddf3+0x20a>
200a6b40:	7ff00793          	li	a5,2047
200a6b44:	daf884e3          	beq	a7,a5,200a68ec <__adddf3+0x2d0>
200a6b48:	006e8533          	add	a0,t4,t1
200a6b4c:	010707b3          	add	a5,a4,a6
200a6b50:	01d536b3          	sltu	a3,a0,t4
200a6b54:	97b6                	add	a5,a5,a3
200a6b56:	8105                	srli	a0,a0,0x1
200a6b58:	01f79613          	slli	a2,a5,0x1f
200a6b5c:	8e49                	or	a2,a2,a0
200a6b5e:	891d                	andi	a0,a0,7
200a6b60:	0017d713          	srli	a4,a5,0x1
200a6b64:	87c6                	mv	a5,a7
200a6b66:	ba0516e3          	bnez	a0,200a6712 <__adddf3+0xf6>
200a6b6a:	b5cd                	j	200a6a4c <__adddf3+0x430>
200a6b6c:	41d30eb3          	sub	t4,t1,t4
200a6b70:	40e80833          	sub	a6,a6,a4
200a6b74:	01d33333          	sltu	t1,t1,t4
200a6b78:	8676                	mv	a2,t4
200a6b7a:	40680733          	sub	a4,a6,t1
200a6b7e:	85b6                	mv	a1,a3
200a6b80:	b691                	j	200a66c4 <__adddf3+0xa8>
200a6b82:	120e1163          	bnez	t3,200a6ca4 <__adddf3+0x688>
200a6b86:	16089e63          	bnez	a7,200a6d02 <__adddf3+0x6e6>
200a6b8a:	4581                	li	a1,0
200a6b8c:	7ff00793          	li	a5,2047
200a6b90:	00080837          	lui	a6,0x80
200a6b94:	be7d                	j	200a6752 <__adddf3+0x136>
200a6b96:	9376                	add	t1,t1,t4
200a6b98:	983a                	add	a6,a6,a4
200a6b9a:	01d336b3          	sltu	a3,t1,t4
200a6b9e:	00d80733          	add	a4,a6,a3
200a6ba2:	008007b7          	lui	a5,0x800
200a6ba6:	8ff9                	and	a5,a5,a4
200a6ba8:	861a                	mv	a2,t1
200a6baa:	d4078de3          	beqz	a5,200a6904 <__adddf3+0x2e8>
200a6bae:	4789                	li	a5,2
200a6bb0:	b951                	j	200a6844 <__adddf3+0x228>
200a6bb2:	406e8333          	sub	t1,t4,t1
200a6bb6:	41070833          	sub	a6,a4,a6
200a6bba:	006eb6b3          	sltu	a3,t4,t1
200a6bbe:	861a                	mv	a2,t1
200a6bc0:	40d80733          	sub	a4,a6,a3
200a6bc4:	4785                	li	a5,1
200a6bc6:	b4fd                	j	200a66b4 <__adddf3+0x98>
200a6bc8:	050e                	slli	a0,a0,0x3
200a6bca:	810d                	srli	a0,a0,0x3
200a6bcc:	01d71893          	slli	a7,a4,0x1d
200a6bd0:	011568b3          	or	a7,a0,a7
200a6bd4:	00375813          	srli	a6,a4,0x3
200a6bd8:	bbfd                	j	200a69d6 <__adddf3+0x3ba>
200a6bda:	060e                	slli	a2,a2,0x3
200a6bdc:	01d81793          	slli	a5,a6,0x1d
200a6be0:	820d                	srli	a2,a2,0x3
200a6be2:	00f668b3          	or	a7,a2,a5
200a6be6:	00385813          	srli	a6,a6,0x3
200a6bea:	85b6                	mv	a1,a3
200a6bec:	b3ed                	j	200a69d6 <__adddf3+0x3ba>
200a6bee:	060e                	slli	a2,a2,0x3
200a6bf0:	01d81793          	slli	a5,a6,0x1d
200a6bf4:	820d                	srli	a2,a2,0x3
200a6bf6:	00f668b3          	or	a7,a2,a5
200a6bfa:	00385813          	srli	a6,a6,0x3
200a6bfe:	bbe1                	j	200a69d6 <__adddf3+0x3ba>
200a6c00:	fe088793          	addi	a5,a7,-32
200a6c04:	02000613          	li	a2,32
200a6c08:	00f757b3          	srl	a5,a4,a5
200a6c0c:	00c88a63          	beq	a7,a2,200a6c20 <__adddf3+0x604>
200a6c10:	04000613          	li	a2,64
200a6c14:	41160633          	sub	a2,a2,a7
200a6c18:	00c71733          	sll	a4,a4,a2
200a6c1c:	00eeeeb3          	or	t4,t4,a4
200a6c20:	01d03633          	snez	a2,t4
200a6c24:	8e5d                	or	a2,a2,a5
200a6c26:	be59                	j	200a67bc <__adddf3+0x1a0>
200a6c28:	d2f9                	beqz	a3,200a6bee <__adddf3+0x5d2>
200a6c2a:	00686333          	or	t1,a6,t1
200a6c2e:	da0318e3          	bnez	t1,200a69de <__adddf3+0x3c2>
200a6c32:	050e                	slli	a0,a0,0x3
200a6c34:	810d                	srli	a0,a0,0x3
200a6c36:	01d71793          	slli	a5,a4,0x1d
200a6c3a:	00f568b3          	or	a7,a0,a5
200a6c3e:	00375813          	srli	a6,a4,0x3
200a6c42:	bb51                	j	200a69d6 <__adddf3+0x3ba>
200a6c44:	e2088ae3          	beqz	a7,200a6a78 <__adddf3+0x45c>
200a6c48:	00361713          	slli	a4,a2,0x3
200a6c4c:	01d81893          	slli	a7,a6,0x1d
200a6c50:	830d                	srli	a4,a4,0x3
200a6c52:	00e8e8b3          	or	a7,a7,a4
200a6c56:	00385813          	srli	a6,a6,0x3
200a6c5a:	85b6                	mv	a1,a3
200a6c5c:	b3b9                	j	200a69aa <__adddf3+0x38e>
200a6c5e:	41d30eb3          	sub	t4,t1,t4
200a6c62:	40e80833          	sub	a6,a6,a4
200a6c66:	01d33333          	sltu	t1,t1,t4
200a6c6a:	8676                	mv	a2,t4
200a6c6c:	40680733          	sub	a4,a6,t1
200a6c70:	85b6                	mv	a1,a3
200a6c72:	4785                	li	a5,1
200a6c74:	b481                	j	200a66b4 <__adddf3+0x98>
200a6c76:	00351793          	slli	a5,a0,0x3
200a6c7a:	01d71893          	slli	a7,a4,0x1d
200a6c7e:	838d                	srli	a5,a5,0x3
200a6c80:	00f8e8b3          	or	a7,a7,a5
200a6c84:	00375813          	srli	a6,a4,0x3
200a6c88:	b3b9                	j	200a69d6 <__adddf3+0x3ba>
200a6c8a:	00351693          	slli	a3,a0,0x3
200a6c8e:	01d71893          	slli	a7,a4,0x1d
200a6c92:	828d                	srli	a3,a3,0x3
200a6c94:	00d8e8b3          	or	a7,a7,a3
200a6c98:	00375813          	srli	a6,a4,0x3
200a6c9c:	b339                	j	200a69aa <__adddf3+0x38e>
200a6c9e:	8e9a                	mv	t4,t1
200a6ca0:	8742                	mv	a4,a6
200a6ca2:	bbb9                	j	200a6a00 <__adddf3+0x3e4>
200a6ca4:	f80887e3          	beqz	a7,200a6c32 <__adddf3+0x616>
200a6ca8:	bb1d                	j	200a69de <__adddf3+0x3c2>
200a6caa:	060e                	slli	a2,a2,0x3
200a6cac:	01d81713          	slli	a4,a6,0x1d
200a6cb0:	820d                	srli	a2,a2,0x3
200a6cb2:	00e668b3          	or	a7,a2,a4
200a6cb6:	00385813          	srli	a6,a6,0x3
200a6cba:	b9c5                	j	200a69aa <__adddf3+0x38e>
200a6cbc:	050e                	slli	a0,a0,0x3
200a6cbe:	810d                	srli	a0,a0,0x3
200a6cc0:	01d71693          	slli	a3,a4,0x1d
200a6cc4:	00d568b3          	or	a7,a0,a3
200a6cc8:	00375813          	srli	a6,a4,0x3
200a6ccc:	b9f9                	j	200a69aa <__adddf3+0x38e>
200a6cce:	fe088693          	addi	a3,a7,-32
200a6cd2:	02000793          	li	a5,32
200a6cd6:	00d756b3          	srl	a3,a4,a3
200a6cda:	00f88a63          	beq	a7,a5,200a6cee <__adddf3+0x6d2>
200a6cde:	04000793          	li	a5,64
200a6ce2:	411787b3          	sub	a5,a5,a7
200a6ce6:	00f717b3          	sll	a5,a4,a5
200a6cea:	00feeeb3          	or	t4,t4,a5
200a6cee:	01d037b3          	snez	a5,t4
200a6cf2:	8fd5                	or	a5,a5,a3
200a6cf4:	b529                	j	200a6afe <__adddf3+0x4e2>
200a6cf6:	01c668b3          	or	a7,a2,t3
200a6cfa:	8772                	mv	a4,t3
200a6cfc:	d40898e3          	bnez	a7,200a6a4c <__adddf3+0x430>
200a6d00:	bba5                	j	200a6a78 <__adddf3+0x45c>
200a6d02:	00361793          	slli	a5,a2,0x3
200a6d06:	01d81893          	slli	a7,a6,0x1d
200a6d0a:	838d                	srli	a5,a5,0x3
200a6d0c:	00f8e8b3          	or	a7,a7,a5
200a6d10:	00385813          	srli	a6,a6,0x3
200a6d14:	85b6                	mv	a1,a3
200a6d16:	b1c1                	j	200a69d6 <__adddf3+0x3ba>
200a6d18:	02000513          	li	a0,32
200a6d1c:	8d15                	sub	a0,a0,a3
200a6d1e:	4781                	li	a5,0
200a6d20:	baf1                	j	200a66fc <__adddf3+0xe0>

200a6d22 <__divdf3>:
200a6d22:	1141                	addi	sp,sp,-16
200a6d24:	0145d713          	srli	a4,a1,0x14
200a6d28:	00c59793          	slli	a5,a1,0xc
200a6d2c:	c622                	sw	s0,12(sp)
200a6d2e:	c426                	sw	s1,8(sp)
200a6d30:	7ff77713          	andi	a4,a4,2047
200a6d34:	83b1                	srli	a5,a5,0xc
200a6d36:	81fd                	srli	a1,a1,0x1f
200a6d38:	10070263          	beqz	a4,200a6e3c <__divdf3+0x11a>
200a6d3c:	7ff00813          	li	a6,2047
200a6d40:	13070c63          	beq	a4,a6,200a6e78 <__divdf3+0x156>
200a6d44:	01d55893          	srli	a7,a0,0x1d
200a6d48:	078e                	slli	a5,a5,0x3
200a6d4a:	00f8e7b3          	or	a5,a7,a5
200a6d4e:	00351e13          	slli	t3,a0,0x3
200a6d52:	4301                	li	t1,0
200a6d54:	c0170513          	addi	a0,a4,-1023
200a6d58:	4f01                	li	t5,0
200a6d5a:	29779893          	bseti	a7,a5,0x17
200a6d5e:	0146d793          	srli	a5,a3,0x14
200a6d62:	00c69713          	slli	a4,a3,0xc
200a6d66:	7ff7f793          	andi	a5,a5,2047
200a6d6a:	8331                	srli	a4,a4,0xc
200a6d6c:	82fd                	srli	a3,a3,0x1f
200a6d6e:	cbd9                	beqz	a5,200a6e04 <__divdf3+0xe2>
200a6d70:	7ff00813          	li	a6,2047
200a6d74:	07078d63          	beq	a5,a6,200a6dee <__divdf3+0xcc>
200a6d78:	00371813          	slli	a6,a4,0x3
200a6d7c:	c0178793          	addi	a5,a5,-1023 # 7ffc01 <_data_lma+0x7f4d3d>
200a6d80:	01d65713          	srli	a4,a2,0x1d
200a6d84:	01076733          	or	a4,a4,a6
200a6d88:	00361e93          	slli	t4,a2,0x3
200a6d8c:	8d1d                	sub	a0,a0,a5
200a6d8e:	4f81                	li	t6,0
200a6d90:	29771713          	bseti	a4,a4,0x17
200a6d94:	463d                	li	a2,15
200a6d96:	00d5c833          	xor	a6,a1,a3
200a6d9a:	16666e63          	bltu	a2,t1,200a6f16 <__divdf3+0x1f4>
200a6d9e:	00004617          	auipc	a2,0x4
200a6da2:	d1a60613          	addi	a2,a2,-742 # 200aaab8 <init_jk+0xc>
200a6da6:	20c347b3          	sh2add	a5,t1,a2
200a6daa:	439c                	lw	a5,0(a5)
200a6dac:	97b2                	add	a5,a5,a2
200a6dae:	8782                	jr	a5
200a6db0:	8e9d                	sub	a3,a3,a5
200a6db2:	03800613          	li	a2,56
200a6db6:	3ed65b63          	bge	a2,a3,200a71ac <__divdf3+0x48a>
200a6dba:	4781                	li	a5,0
200a6dbc:	4681                	li	a3,0
200a6dbe:	4601                	li	a2,0
200a6dc0:	4432                	lw	s0,12(sp)
200a6dc2:	07d2                	slli	a5,a5,0x14
200a6dc4:	8fd5                	or	a5,a5,a3
200a6dc6:	087e                	slli	a6,a6,0x1f
200a6dc8:	0107e7b3          	or	a5,a5,a6
200a6dcc:	44a2                	lw	s1,8(sp)
200a6dce:	8532                	mv	a0,a2
200a6dd0:	85be                	mv	a1,a5
200a6dd2:	0141                	addi	sp,sp,16
200a6dd4:	8082                	ret
200a6dd6:	7ff00793          	li	a5,2047
200a6dda:	4681                	li	a3,0
200a6ddc:	4601                	li	a2,0
200a6dde:	b7cd                	j	200a6dc0 <__divdf3+0x9e>
200a6de0:	4801                	li	a6,0
200a6de2:	7ff00793          	li	a5,2047
200a6de6:	000806b7          	lui	a3,0x80
200a6dea:	4601                	li	a2,0
200a6dec:	bfd1                	j	200a6dc0 <__divdf3+0x9e>
200a6dee:	00c76eb3          	or	t4,a4,a2
200a6df2:	80150513          	addi	a0,a0,-2047 # 7ff801 <_data_lma+0x7f493d>
200a6df6:	100e9663          	bnez	t4,200a6f02 <__divdf3+0x1e0>
200a6dfa:	00236313          	ori	t1,t1,2
200a6dfe:	4701                	li	a4,0
200a6e00:	4f89                	li	t6,2
200a6e02:	bf49                	j	200a6d94 <__divdf3+0x72>
200a6e04:	00c76eb3          	or	t4,a4,a2
200a6e08:	0e0e8863          	beqz	t4,200a6ef8 <__divdf3+0x1d6>
200a6e0c:	34070d63          	beqz	a4,200a7166 <__divdf3+0x444>
200a6e10:	60071793          	clz	a5,a4
200a6e14:	ff578f93          	addi	t6,a5,-11
200a6e18:	4875                	li	a6,29
200a6e1a:	ff878e93          	addi	t4,a5,-8
200a6e1e:	41f80833          	sub	a6,a6,t6
200a6e22:	01d71733          	sll	a4,a4,t4
200a6e26:	01065833          	srl	a6,a2,a6
200a6e2a:	00e86733          	or	a4,a6,a4
200a6e2e:	01d61eb3          	sll	t4,a2,t4
200a6e32:	97aa                	add	a5,a5,a0
200a6e34:	3f378513          	addi	a0,a5,1011
200a6e38:	4f81                	li	t6,0
200a6e3a:	bfa9                	j	200a6d94 <__divdf3+0x72>
200a6e3c:	00a7e8b3          	or	a7,a5,a0
200a6e40:	0c088663          	beqz	a7,200a6f0c <__divdf3+0x1ea>
200a6e44:	30078263          	beqz	a5,200a7148 <__divdf3+0x426>
200a6e48:	60079813          	clz	a6,a5
200a6e4c:	ff580713          	addi	a4,a6,-11 # 7fff5 <_data_lma+0x75131>
200a6e50:	48f5                	li	a7,29
200a6e52:	ff880e13          	addi	t3,a6,-8
200a6e56:	40e888b3          	sub	a7,a7,a4
200a6e5a:	01c797b3          	sll	a5,a5,t3
200a6e5e:	011558b3          	srl	a7,a0,a7
200a6e62:	00f8e8b3          	or	a7,a7,a5
200a6e66:	01c51e33          	sll	t3,a0,t3
200a6e6a:	c0d00713          	li	a4,-1011
200a6e6e:	41070533          	sub	a0,a4,a6
200a6e72:	4301                	li	t1,0
200a6e74:	4f01                	li	t5,0
200a6e76:	b5e5                	j	200a6d5e <__divdf3+0x3c>
200a6e78:	00a7e8b3          	or	a7,a5,a0
200a6e7c:	06089763          	bnez	a7,200a6eea <__divdf3+0x1c8>
200a6e80:	4e01                	li	t3,0
200a6e82:	4321                	li	t1,8
200a6e84:	7ff00513          	li	a0,2047
200a6e88:	4f09                	li	t5,2
200a6e8a:	bdd1                	j	200a6d5e <__divdf3+0x3c>
200a6e8c:	8f7e                	mv	t5,t6
200a6e8e:	4789                	li	a5,2
200a6e90:	3cff0963          	beq	t5,a5,200a7262 <__divdf3+0x540>
200a6e94:	478d                	li	a5,3
200a6e96:	f4ff05e3          	beq	t5,a5,200a6de0 <__divdf3+0xbe>
200a6e9a:	4785                	li	a5,1
200a6e9c:	8836                	mv	a6,a3
200a6e9e:	f0ff0ee3          	beq	t5,a5,200a6dba <__divdf3+0x98>
200a6ea2:	3ff50793          	addi	a5,a0,1023
200a6ea6:	20f05863          	blez	a5,200a70b6 <__divdf3+0x394>
200a6eaa:	007ef693          	andi	a3,t4,7
200a6eae:	3a069063          	bnez	a3,200a724e <__divdf3+0x52c>
200a6eb2:	010006b7          	lui	a3,0x1000
200a6eb6:	8ef9                	and	a3,a3,a4
200a6eb8:	c689                	beqz	a3,200a6ec2 <__divdf3+0x1a0>
200a6eba:	40050793          	addi	a5,a0,1024
200a6ebe:	49871713          	bclri	a4,a4,0x18
200a6ec2:	7fe00693          	li	a3,2046
200a6ec6:	f0f6c8e3          	blt	a3,a5,200a6dd6 <__divdf3+0xb4>
200a6eca:	003ede93          	srli	t4,t4,0x3
200a6ece:	01d71613          	slli	a2,a4,0x1d
200a6ed2:	00971693          	slli	a3,a4,0x9
200a6ed6:	01d66633          	or	a2,a2,t4
200a6eda:	82b1                	srli	a3,a3,0xc
200a6edc:	7ff7f793          	andi	a5,a5,2047
200a6ee0:	b5c5                	j	200a6dc0 <__divdf3+0x9e>
200a6ee2:	86ae                	mv	a3,a1
200a6ee4:	8746                	mv	a4,a7
200a6ee6:	8ef2                	mv	t4,t3
200a6ee8:	b75d                	j	200a6e8e <__divdf3+0x16c>
200a6eea:	8e2a                	mv	t3,a0
200a6eec:	88be                	mv	a7,a5
200a6eee:	4331                	li	t1,12
200a6ef0:	7ff00513          	li	a0,2047
200a6ef4:	4f0d                	li	t5,3
200a6ef6:	b5a5                	j	200a6d5e <__divdf3+0x3c>
200a6ef8:	00136313          	ori	t1,t1,1
200a6efc:	4701                	li	a4,0
200a6efe:	4f85                	li	t6,1
200a6f00:	bd51                	j	200a6d94 <__divdf3+0x72>
200a6f02:	00336313          	ori	t1,t1,3
200a6f06:	8eb2                	mv	t4,a2
200a6f08:	4f8d                	li	t6,3
200a6f0a:	b569                	j	200a6d94 <__divdf3+0x72>
200a6f0c:	4e01                	li	t3,0
200a6f0e:	4311                	li	t1,4
200a6f10:	4501                	li	a0,0
200a6f12:	4f05                	li	t5,1
200a6f14:	b5a9                	j	200a6d5e <__divdf3+0x3c>
200a6f16:	21176f63          	bltu	a4,a7,200a7134 <__divdf3+0x412>
200a6f1a:	20e88b63          	beq	a7,a4,200a7130 <__divdf3+0x40e>
200a6f1e:	8f72                	mv	t5,t3
200a6f20:	157d                	addi	a0,a0,-1
200a6f22:	87c6                	mv	a5,a7
200a6f24:	4e01                	li	t3,0
200a6f26:	00871693          	slli	a3,a4,0x8
200a6f2a:	0106d893          	srli	a7,a3,0x10
200a6f2e:	0317d733          	divu	a4,a5,a7
200a6f32:	018ed613          	srli	a2,t4,0x18
200a6f36:	8e55                	or	a2,a2,a3
200a6f38:	008e9593          	slli	a1,t4,0x8
200a6f3c:	08064333          	zext.h	t1,a2
200a6f40:	010f5693          	srli	a3,t5,0x10
200a6f44:	0317f7b3          	remu	a5,a5,a7
200a6f48:	02e30eb3          	mul	t4,t1,a4
200a6f4c:	07c2                	slli	a5,a5,0x10
200a6f4e:	8fd5                	or	a5,a5,a3
200a6f50:	01d7f863          	bgeu	a5,t4,200a6f60 <__divdf3+0x23e>
200a6f54:	97b2                	add	a5,a5,a2
200a6f56:	fff70693          	addi	a3,a4,-1
200a6f5a:	24c7f463          	bgeu	a5,a2,200a71a2 <__divdf3+0x480>
200a6f5e:	8736                	mv	a4,a3
200a6f60:	41d787b3          	sub	a5,a5,t4
200a6f64:	0317deb3          	divu	t4,a5,a7
200a6f68:	080f46b3          	zext.h	a3,t5
200a6f6c:	0317f7b3          	remu	a5,a5,a7
200a6f70:	03d30433          	mul	s0,t1,t4
200a6f74:	07c2                	slli	a5,a5,0x10
200a6f76:	8edd                	or	a3,a3,a5
200a6f78:	0086f863          	bgeu	a3,s0,200a6f88 <__divdf3+0x266>
200a6f7c:	96b2                	add	a3,a3,a2
200a6f7e:	fffe8793          	addi	a5,t4,-1
200a6f82:	20c6fb63          	bgeu	a3,a2,200a7198 <__divdf3+0x476>
200a6f86:	8ebe                	mv	t4,a5
200a6f88:	0742                	slli	a4,a4,0x10
200a6f8a:	64c1                	lui	s1,0x10
200a6f8c:	01d76733          	or	a4,a4,t4
200a6f90:	fff48f13          	addi	t5,s1,-1 # ffff <_data_lma+0x513b>
200a6f94:	01e77eb3          	and	t4,a4,t5
200a6f98:	01075293          	srli	t0,a4,0x10
200a6f9c:	0105df93          	srli	t6,a1,0x10
200a6fa0:	01e5ff33          	and	t5,a1,t5
200a6fa4:	03df03b3          	mul	t2,t5,t4
200a6fa8:	8e81                	sub	a3,a3,s0
200a6faa:	03df8eb3          	mul	t4,t6,t4
200a6fae:	0103d793          	srli	a5,t2,0x10
200a6fb2:	03e28433          	mul	s0,t0,t5
200a6fb6:	9ea2                	add	t4,t4,s0
200a6fb8:	97f6                	add	a5,a5,t4
200a6fba:	03f282b3          	mul	t0,t0,t6
200a6fbe:	0087f363          	bgeu	a5,s0,200a6fc4 <__divdf3+0x2a2>
200a6fc2:	92a6                	add	t0,t0,s1
200a6fc4:	6441                	lui	s0,0x10
200a6fc6:	147d                	addi	s0,s0,-1 # ffff <_data_lma+0x513b>
200a6fc8:	0107de93          	srli	t4,a5,0x10
200a6fcc:	8fe1                	and	a5,a5,s0
200a6fce:	07c2                	slli	a5,a5,0x10
200a6fd0:	0083f3b3          	and	t2,t2,s0
200a6fd4:	9e96                	add	t4,t4,t0
200a6fd6:	979e                	add	a5,a5,t2
200a6fd8:	13d6ea63          	bltu	a3,t4,200a710c <__divdf3+0x3ea>
200a6fdc:	13d68663          	beq	a3,t4,200a7108 <__divdf3+0x3e6>
200a6fe0:	40fe07b3          	sub	a5,t3,a5
200a6fe4:	41d686b3          	sub	a3,a3,t4
200a6fe8:	00fe3e33          	sltu	t3,t3,a5
200a6fec:	41c686b3          	sub	a3,a3,t3
200a6ff0:	24d60163          	beq	a2,a3,200a7232 <__divdf3+0x510>
200a6ff4:	0316deb3          	divu	t4,a3,a7
200a6ff8:	0107de13          	srli	t3,a5,0x10
200a6ffc:	0316f6b3          	remu	a3,a3,a7
200a7000:	03d302b3          	mul	t0,t1,t4
200a7004:	06c2                	slli	a3,a3,0x10
200a7006:	00de66b3          	or	a3,t3,a3
200a700a:	0056fb63          	bgeu	a3,t0,200a7020 <__divdf3+0x2fe>
200a700e:	96b2                	add	a3,a3,a2
200a7010:	fffe8e13          	addi	t3,t4,-1
200a7014:	24c6e563          	bltu	a3,a2,200a725e <__divdf3+0x53c>
200a7018:	2456f363          	bgeu	a3,t0,200a725e <__divdf3+0x53c>
200a701c:	1ef9                	addi	t4,t4,-2
200a701e:	96b2                	add	a3,a3,a2
200a7020:	405686b3          	sub	a3,a3,t0
200a7024:	0316de33          	divu	t3,a3,a7
200a7028:	0807c7b3          	zext.h	a5,a5
200a702c:	0316f6b3          	remu	a3,a3,a7
200a7030:	03c30333          	mul	t1,t1,t3
200a7034:	06c2                	slli	a3,a3,0x10
200a7036:	8fd5                	or	a5,a5,a3
200a7038:	0067fb63          	bgeu	a5,t1,200a704e <__divdf3+0x32c>
200a703c:	97b2                	add	a5,a5,a2
200a703e:	fffe0693          	addi	a3,t3,-1
200a7042:	20c7ec63          	bltu	a5,a2,200a725a <__divdf3+0x538>
200a7046:	2067fa63          	bgeu	a5,t1,200a725a <__divdf3+0x538>
200a704a:	1e79                	addi	t3,t3,-2
200a704c:	97b2                	add	a5,a5,a2
200a704e:	0ec2                	slli	t4,t4,0x10
200a7050:	01ceeeb3          	or	t4,t4,t3
200a7054:	010ed293          	srli	t0,t4,0x10
200a7058:	080ec6b3          	zext.h	a3,t4
200a705c:	03e28e33          	mul	t3,t0,t5
200a7060:	406787b3          	sub	a5,a5,t1
200a7064:	02df88b3          	mul	a7,t6,a3
200a7068:	03e68f33          	mul	t5,a3,t5
200a706c:	98f2                	add	a7,a7,t3
200a706e:	010f5693          	srli	a3,t5,0x10
200a7072:	96c6                	add	a3,a3,a7
200a7074:	025f8fb3          	mul	t6,t6,t0
200a7078:	01c6f463          	bgeu	a3,t3,200a7080 <__divdf3+0x35e>
200a707c:	68c1                	lui	a7,0x10
200a707e:	9fc6                	add	t6,t6,a7
200a7080:	6341                	lui	t1,0x10
200a7082:	137d                	addi	t1,t1,-1 # ffff <_data_lma+0x513b>
200a7084:	0106d893          	srli	a7,a3,0x10
200a7088:	0066f6b3          	and	a3,a3,t1
200a708c:	06c2                	slli	a3,a3,0x10
200a708e:	006f7f33          	and	t5,t5,t1
200a7092:	98fe                	add	a7,a7,t6
200a7094:	96fa                	add	a3,a3,t5
200a7096:	0f17f663          	bgeu	a5,a7,200a7182 <__divdf3+0x460>
200a709a:	97b2                	add	a5,a5,a2
200a709c:	fffe8e13          	addi	t3,t4,-1
200a70a0:	833e                	mv	t1,a5
200a70a2:	16c7e663          	bltu	a5,a2,200a720e <__divdf3+0x4ec>
200a70a6:	1d17e463          	bltu	a5,a7,200a726e <__divdf3+0x54c>
200a70aa:	1d178d63          	beq	a5,a7,200a7284 <__divdf3+0x562>
200a70ae:	8ef2                	mv	t4,t3
200a70b0:	001eee93          	ori	t4,t4,1
200a70b4:	b3fd                	j	200a6ea2 <__divdf3+0x180>
200a70b6:	4685                	li	a3,1
200a70b8:	ce079ce3          	bnez	a5,200a6db0 <__divdf3+0x8e>
200a70bc:	41e50513          	addi	a0,a0,1054
200a70c0:	00ae97b3          	sll	a5,t4,a0
200a70c4:	00f037b3          	snez	a5,a5
200a70c8:	00a71533          	sll	a0,a4,a0
200a70cc:	8fc9                	or	a5,a5,a0
200a70ce:	00dedeb3          	srl	t4,t4,a3
200a70d2:	00feeeb3          	or	t4,t4,a5
200a70d6:	007ef793          	andi	a5,t4,7
200a70da:	00d75733          	srl	a4,a4,a3
200a70de:	cf81                	beqz	a5,200a70f6 <__divdf3+0x3d4>
200a70e0:	00fef793          	andi	a5,t4,15
200a70e4:	4691                	li	a3,4
200a70e6:	00d78863          	beq	a5,a3,200a70f6 <__divdf3+0x3d4>
200a70ea:	004e8793          	addi	a5,t4,4
200a70ee:	01d7beb3          	sltu	t4,a5,t4
200a70f2:	9776                	add	a4,a4,t4
200a70f4:	8ebe                	mv	t4,a5
200a70f6:	008005b7          	lui	a1,0x800
200a70fa:	8df9                	and	a1,a1,a4
200a70fc:	4785                	li	a5,1
200a70fe:	4681                	li	a3,0
200a7100:	4601                	li	a2,0
200a7102:	ca059fe3          	bnez	a1,200a6dc0 <__divdf3+0x9e>
200a7106:	a8d5                	j	200a71fa <__divdf3+0x4d8>
200a7108:	ecfe7ce3          	bgeu	t3,a5,200a6fe0 <__divdf3+0x2be>
200a710c:	00be02b3          	add	t0,t3,a1
200a7110:	01c2b3b3          	sltu	t2,t0,t3
200a7114:	00c38e33          	add	t3,t2,a2
200a7118:	96f2                	add	a3,a3,t3
200a711a:	fff70413          	addi	s0,a4,-1
200a711e:	8e16                	mv	t3,t0
200a7120:	06d67663          	bgeu	a2,a3,200a718c <__divdf3+0x46a>
200a7124:	0fd6ef63          	bltu	a3,t4,200a7222 <__divdf3+0x500>
200a7128:	0ede8b63          	beq	t4,a3,200a721e <__divdf3+0x4fc>
200a712c:	8722                	mv	a4,s0
200a712e:	bd4d                	j	200a6fe0 <__divdf3+0x2be>
200a7130:	dfde67e3          	bltu	t3,t4,200a6f1e <__divdf3+0x1fc>
200a7134:	001e5693          	srli	a3,t3,0x1
200a7138:	01f89f13          	slli	t5,a7,0x1f
200a713c:	0018d793          	srli	a5,a7,0x1
200a7140:	00df6f33          	or	t5,t5,a3
200a7144:	0e7e                	slli	t3,t3,0x1f
200a7146:	b3c5                	j	200a6f26 <__divdf3+0x204>
200a7148:	60051893          	clz	a7,a0
200a714c:	4371                	li	t1,28
200a714e:	01588713          	addi	a4,a7,21 # 10015 <_data_lma+0x5151>
200a7152:	02088813          	addi	a6,a7,32
200a7156:	cee35de3          	bge	t1,a4,200a6e50 <__divdf3+0x12e>
200a715a:	ff888793          	addi	a5,a7,-8
200a715e:	00f518b3          	sll	a7,a0,a5
200a7162:	4e01                	li	t3,0
200a7164:	b319                	j	200a6e6a <__divdf3+0x148>
200a7166:	60061813          	clz	a6,a2
200a716a:	4ef1                	li	t4,28
200a716c:	01580f93          	addi	t6,a6,21
200a7170:	02080793          	addi	a5,a6,32
200a7174:	cbfed2e3          	bge	t4,t6,200a6e18 <__divdf3+0xf6>
200a7178:	1861                	addi	a6,a6,-8
200a717a:	4e81                	li	t4,0
200a717c:	01061733          	sll	a4,a2,a6
200a7180:	b94d                	j	200a6e32 <__divdf3+0x110>
200a7182:	f31797e3          	bne	a5,a7,200a70b0 <__divdf3+0x38e>
200a7186:	d0068ee3          	beqz	a3,200a6ea2 <__divdf3+0x180>
200a718a:	bf01                	j	200a709a <__divdf3+0x378>
200a718c:	fad610e3          	bne	a2,a3,200a712c <__divdf3+0x40a>
200a7190:	f8038ae3          	beqz	t2,200a7124 <__divdf3+0x402>
200a7194:	8722                	mv	a4,s0
200a7196:	b5a9                	j	200a6fe0 <__divdf3+0x2be>
200a7198:	de86f7e3          	bgeu	a3,s0,200a6f86 <__divdf3+0x264>
200a719c:	1ef9                	addi	t4,t4,-2
200a719e:	96b2                	add	a3,a3,a2
200a71a0:	b3e5                	j	200a6f88 <__divdf3+0x266>
200a71a2:	dbd7fee3          	bgeu	a5,t4,200a6f5e <__divdf3+0x23c>
200a71a6:	1779                	addi	a4,a4,-2
200a71a8:	97b2                	add	a5,a5,a2
200a71aa:	bb5d                	j	200a6f60 <__divdf3+0x23e>
200a71ac:	467d                	li	a2,31
200a71ae:	f0d657e3          	bge	a2,a3,200a70bc <__divdf3+0x39a>
200a71b2:	5605                	li	a2,-31
200a71b4:	40f607b3          	sub	a5,a2,a5
200a71b8:	02000613          	li	a2,32
200a71bc:	00f757b3          	srl	a5,a4,a5
200a71c0:	00c68863          	beq	a3,a2,200a71d0 <__divdf3+0x4ae>
200a71c4:	43e50513          	addi	a0,a0,1086
200a71c8:	00a71733          	sll	a4,a4,a0
200a71cc:	00eeeeb3          	or	t4,t4,a4
200a71d0:	01d03eb3          	snez	t4,t4
200a71d4:	00feeeb3          	or	t4,t4,a5
200a71d8:	007ef713          	andi	a4,t4,7
200a71dc:	4681                	li	a3,0
200a71de:	c315                	beqz	a4,200a7202 <__divdf3+0x4e0>
200a71e0:	00fef793          	andi	a5,t4,15
200a71e4:	4691                	li	a3,4
200a71e6:	4701                	li	a4,0
200a71e8:	00d78963          	beq	a5,a3,200a71fa <__divdf3+0x4d8>
200a71ec:	004e8793          	addi	a5,t4,4
200a71f0:	01d7beb3          	sltu	t4,a5,t4
200a71f4:	01d03733          	snez	a4,t4
200a71f8:	8ebe                	mv	t4,a5
200a71fa:	00971693          	slli	a3,a4,0x9
200a71fe:	82b1                	srli	a3,a3,0xc
200a7200:	0776                	slli	a4,a4,0x1d
200a7202:	003ede93          	srli	t4,t4,0x3
200a7206:	00eee633          	or	a2,t4,a4
200a720a:	4781                	li	a5,0
200a720c:	be55                	j	200a6dc0 <__divdf3+0x9e>
200a720e:	8ef2                	mv	t4,t3
200a7210:	eb1310e3          	bne	t1,a7,200a70b0 <__divdf3+0x38e>
200a7214:	c8b687e3          	beq	a3,a1,200a6ea2 <__divdf3+0x180>
200a7218:	001eee93          	ori	t4,t4,1
200a721c:	b159                	j	200a6ea2 <__divdf3+0x180>
200a721e:	f0f2f7e3          	bgeu	t0,a5,200a712c <__divdf3+0x40a>
200a7222:	92ae                	add	t0,t0,a1
200a7224:	00b2b3b3          	sltu	t2,t0,a1
200a7228:	93b2                	add	t2,t2,a2
200a722a:	1779                	addi	a4,a4,-2
200a722c:	8e16                	mv	t3,t0
200a722e:	969e                	add	a3,a3,t2
200a7230:	bb45                	j	200a6fe0 <__divdf3+0x2be>
200a7232:	c0200693          	li	a3,-1022
200a7236:	3ff50793          	addi	a5,a0,1023
200a723a:	5efd                	li	t4,-1
200a723c:	e6d54de3          	blt	a0,a3,200a70b6 <__divdf3+0x394>
200a7240:	004e8693          	addi	a3,t4,4
200a7244:	01d6beb3          	sltu	t4,a3,t4
200a7248:	9776                	add	a4,a4,t4
200a724a:	8eb6                	mv	t4,a3
200a724c:	b19d                	j	200a6eb2 <__divdf3+0x190>
200a724e:	00fef693          	andi	a3,t4,15
200a7252:	4611                	li	a2,4
200a7254:	c4c68fe3          	beq	a3,a2,200a6eb2 <__divdf3+0x190>
200a7258:	b7e5                	j	200a7240 <__divdf3+0x51e>
200a725a:	8e36                	mv	t3,a3
200a725c:	bbcd                	j	200a704e <__divdf3+0x32c>
200a725e:	8ef2                	mv	t4,t3
200a7260:	b3c1                	j	200a7020 <__divdf3+0x2fe>
200a7262:	8836                	mv	a6,a3
200a7264:	7ff00793          	li	a5,2047
200a7268:	4681                	li	a3,0
200a726a:	4601                	li	a2,0
200a726c:	be91                	j	200a6dc0 <__divdf3+0x9e>
200a726e:	00159e13          	slli	t3,a1,0x1
200a7272:	00be3333          	sltu	t1,t3,a1
200a7276:	9332                	add	t1,t1,a2
200a7278:	933e                	add	t1,t1,a5
200a727a:	1ef9                	addi	t4,t4,-2
200a727c:	85f2                	mv	a1,t3
200a727e:	f9130be3          	beq	t1,a7,200a7214 <__divdf3+0x4f2>
200a7282:	b53d                	j	200a70b0 <__divdf3+0x38e>
200a7284:	fed5e5e3          	bltu	a1,a3,200a726e <__divdf3+0x54c>
200a7288:	8ef2                	mv	t4,t3
200a728a:	f8b697e3          	bne	a3,a1,200a7218 <__divdf3+0x4f6>
200a728e:	b911                	j	200a6ea2 <__divdf3+0x180>

200a7290 <__gedf2>:
200a7290:	0145d813          	srli	a6,a1,0x14
200a7294:	001007b7          	lui	a5,0x100
200a7298:	17fd                	addi	a5,a5,-1 # fffff <_data_lma+0xf513b>
200a729a:	0146d893          	srli	a7,a3,0x14
200a729e:	7ff87813          	andi	a6,a6,2047
200a72a2:	7ff00e13          	li	t3,2047
200a72a6:	00b7f333          	and	t1,a5,a1
200a72aa:	872a                	mv	a4,a0
200a72ac:	8eaa                	mv	t4,a0
200a72ae:	81fd                	srli	a1,a1,0x1f
200a72b0:	8f32                	mv	t5,a2
200a72b2:	8ff5                	and	a5,a5,a3
200a72b4:	7ff8f893          	andi	a7,a7,2047
200a72b8:	01f6d513          	srli	a0,a3,0x1f
200a72bc:	03c80c63          	beq	a6,t3,200a72f4 <__gedf2+0x64>
200a72c0:	01c88d63          	beq	a7,t3,200a72da <__gedf2+0x4a>
200a72c4:	04081563          	bnez	a6,200a730e <__gedf2+0x7e>
200a72c8:	00e36733          	or	a4,t1,a4
200a72cc:	02089e63          	bnez	a7,200a7308 <__gedf2+0x78>
200a72d0:	8e5d                	or	a2,a2,a5
200a72d2:	c225                	beqz	a2,200a7332 <__gedf2+0xa2>
200a72d4:	eb35                	bnez	a4,200a7348 <__gedf2+0xb8>
200a72d6:	c51d                	beqz	a0,200a7304 <__gedf2+0x74>
200a72d8:	8082                	ret
200a72da:	8e5d                	or	a2,a2,a5
200a72dc:	e625                	bnez	a2,200a7344 <__gedf2+0xb4>
200a72de:	00081663          	bnez	a6,200a72ea <__gedf2+0x5a>
200a72e2:	00e36333          	or	t1,t1,a4
200a72e6:	fe0308e3          	beqz	t1,200a72d6 <__gedf2+0x46>
200a72ea:	00a59b63          	bne	a1,a0,200a7300 <__gedf2+0x70>
200a72ee:	c999                	beqz	a1,200a7304 <__gedf2+0x74>
200a72f0:	852e                	mv	a0,a1
200a72f2:	8082                	ret
200a72f4:	00e36333          	or	t1,t1,a4
200a72f8:	04031663          	bnez	t1,200a7344 <__gedf2+0xb4>
200a72fc:	03088e63          	beq	a7,a6,200a7338 <__gedf2+0xa8>
200a7300:	4505                	li	a0,1
200a7302:	d9f9                	beqz	a1,200a72d8 <__gedf2+0x48>
200a7304:	557d                	li	a0,-1
200a7306:	8082                	ret
200a7308:	f36d                	bnez	a4,200a72ea <__gedf2+0x5a>
200a730a:	f579                	bnez	a0,200a72d8 <__gedf2+0x48>
200a730c:	bfe5                	j	200a7304 <__gedf2+0x74>
200a730e:	fe0889e3          	beqz	a7,200a7300 <__gedf2+0x70>
200a7312:	fea597e3          	bne	a1,a0,200a7300 <__gedf2+0x70>
200a7316:	ff08c5e3          	blt	a7,a6,200a7300 <__gedf2+0x70>
200a731a:	fd184ae3          	blt	a6,a7,200a72ee <__gedf2+0x5e>
200a731e:	fe67e1e3          	bltu	a5,t1,200a7300 <__gedf2+0x70>
200a7322:	fcf316e3          	bne	t1,a5,200a72ee <__gedf2+0x5e>
200a7326:	fddf6de3          	bltu	t5,t4,200a7300 <__gedf2+0x70>
200a732a:	4501                	li	a0,0
200a732c:	fdeee1e3          	bltu	t4,t5,200a72ee <__gedf2+0x5e>
200a7330:	8082                	ret
200a7332:	4501                	li	a0,0
200a7334:	f771                	bnez	a4,200a7300 <__gedf2+0x70>
200a7336:	8082                	ret
200a7338:	8fd1                	or	a5,a5,a2
200a733a:	e789                	bnez	a5,200a7344 <__gedf2+0xb4>
200a733c:	fca592e3          	bne	a1,a0,200a7300 <__gedf2+0x70>
200a7340:	4501                	li	a0,0
200a7342:	8082                	ret
200a7344:	5579                	li	a0,-2
200a7346:	8082                	ret
200a7348:	fca58be3          	beq	a1,a0,200a731e <__gedf2+0x8e>
200a734c:	bf55                	j	200a7300 <__gedf2+0x70>

200a734e <__ledf2>:
200a734e:	0145d813          	srli	a6,a1,0x14
200a7352:	001007b7          	lui	a5,0x100
200a7356:	17fd                	addi	a5,a5,-1 # fffff <_data_lma+0xf513b>
200a7358:	0146d893          	srli	a7,a3,0x14
200a735c:	7ff87813          	andi	a6,a6,2047
200a7360:	7ff00313          	li	t1,2047
200a7364:	00b7fe33          	and	t3,a5,a1
200a7368:	872a                	mv	a4,a0
200a736a:	8eaa                	mv	t4,a0
200a736c:	81fd                	srli	a1,a1,0x1f
200a736e:	8f32                	mv	t5,a2
200a7370:	8ff5                	and	a5,a5,a3
200a7372:	7ff8f893          	andi	a7,a7,2047
200a7376:	01f6d513          	srli	a0,a3,0x1f
200a737a:	02680d63          	beq	a6,t1,200a73b4 <__ledf2+0x66>
200a737e:	00688d63          	beq	a7,t1,200a7398 <__ledf2+0x4a>
200a7382:	04081363          	bnez	a6,200a73c8 <__ledf2+0x7a>
200a7386:	00ee6733          	or	a4,t3,a4
200a738a:	06089363          	bnez	a7,200a73f0 <__ledf2+0xa2>
200a738e:	8e5d                	or	a2,a2,a5
200a7390:	c23d                	beqz	a2,200a73f6 <__ledf2+0xa8>
200a7392:	eb2d                	bnez	a4,200a7404 <__ledf2+0xb6>
200a7394:	cd11                	beqz	a0,200a73b0 <__ledf2+0x62>
200a7396:	8082                	ret
200a7398:	8e5d                	or	a2,a2,a5
200a739a:	e60d                	bnez	a2,200a73c4 <__ledf2+0x76>
200a739c:	00081663          	bnez	a6,200a73a8 <__ledf2+0x5a>
200a73a0:	00ee6e33          	or	t3,t3,a4
200a73a4:	fe0e08e3          	beqz	t3,200a7394 <__ledf2+0x46>
200a73a8:	04a58163          	beq	a1,a0,200a73ea <__ledf2+0x9c>
200a73ac:	4505                	li	a0,1
200a73ae:	d5e5                	beqz	a1,200a7396 <__ledf2+0x48>
200a73b0:	557d                	li	a0,-1
200a73b2:	8082                	ret
200a73b4:	00ee6e33          	or	t3,t3,a4
200a73b8:	000e1663          	bnez	t3,200a73c4 <__ledf2+0x76>
200a73bc:	ff0898e3          	bne	a7,a6,200a73ac <__ledf2+0x5e>
200a73c0:	8fd1                	or	a5,a5,a2
200a73c2:	cf8d                	beqz	a5,200a73fc <__ledf2+0xae>
200a73c4:	4509                	li	a0,2
200a73c6:	8082                	ret
200a73c8:	fe0882e3          	beqz	a7,200a73ac <__ledf2+0x5e>
200a73cc:	fea590e3          	bne	a1,a0,200a73ac <__ledf2+0x5e>
200a73d0:	fd08cee3          	blt	a7,a6,200a73ac <__ledf2+0x5e>
200a73d4:	01184b63          	blt	a6,a7,200a73ea <__ledf2+0x9c>
200a73d8:	fdc7eae3          	bltu	a5,t3,200a73ac <__ledf2+0x5e>
200a73dc:	00fe1763          	bne	t3,a5,200a73ea <__ledf2+0x9c>
200a73e0:	fddf66e3          	bltu	t5,t4,200a73ac <__ledf2+0x5e>
200a73e4:	4501                	li	a0,0
200a73e6:	fbeef8e3          	bgeu	t4,t5,200a7396 <__ledf2+0x48>
200a73ea:	d1f9                	beqz	a1,200a73b0 <__ledf2+0x62>
200a73ec:	852e                	mv	a0,a1
200a73ee:	8082                	ret
200a73f0:	ff45                	bnez	a4,200a73a8 <__ledf2+0x5a>
200a73f2:	f155                	bnez	a0,200a7396 <__ledf2+0x48>
200a73f4:	bf75                	j	200a73b0 <__ledf2+0x62>
200a73f6:	4501                	li	a0,0
200a73f8:	fb55                	bnez	a4,200a73ac <__ledf2+0x5e>
200a73fa:	8082                	ret
200a73fc:	faa598e3          	bne	a1,a0,200a73ac <__ledf2+0x5e>
200a7400:	4501                	li	a0,0
200a7402:	8082                	ret
200a7404:	fca58ae3          	beq	a1,a0,200a73d8 <__ledf2+0x8a>
200a7408:	b755                	j	200a73ac <__ledf2+0x5e>

200a740a <__muldf3>:
200a740a:	1141                	addi	sp,sp,-16
200a740c:	0145d793          	srli	a5,a1,0x14
200a7410:	00c59e93          	slli	t4,a1,0xc
200a7414:	c622                	sw	s0,12(sp)
200a7416:	c426                	sw	s1,8(sp)
200a7418:	c24a                	sw	s2,4(sp)
200a741a:	c04e                	sw	s3,0(sp)
200a741c:	7ff7f793          	andi	a5,a5,2047
200a7420:	00cede93          	srli	t4,t4,0xc
200a7424:	81fd                	srli	a1,a1,0x1f
200a7426:	14078963          	beqz	a5,200a7578 <__muldf3+0x16e>
200a742a:	7ff00713          	li	a4,2047
200a742e:	18e78263          	beq	a5,a4,200a75b2 <__muldf3+0x1a8>
200a7432:	0e8e                	slli	t4,t4,0x3
200a7434:	01d55713          	srli	a4,a0,0x1d
200a7438:	01d76eb3          	or	t4,a4,t4
200a743c:	00351293          	slli	t0,a0,0x3
200a7440:	c0178e13          	addi	t3,a5,-1023
200a7444:	4881                	li	a7,0
200a7446:	4481                	li	s1,0
200a7448:	297e9e93          	bseti	t4,t4,0x17
200a744c:	0146d793          	srli	a5,a3,0x14
200a7450:	00c69713          	slli	a4,a3,0xc
200a7454:	7ff7f793          	andi	a5,a5,2047
200a7458:	8432                	mv	s0,a2
200a745a:	00c75313          	srli	t1,a4,0xc
200a745e:	01f6d393          	srli	t2,a3,0x1f
200a7462:	cbf9                	beqz	a5,200a7538 <__muldf3+0x12e>
200a7464:	7ff00513          	li	a0,2047
200a7468:	06a78663          	beq	a5,a0,200a74d4 <__muldf3+0xca>
200a746c:	00331713          	slli	a4,t1,0x3
200a7470:	01d65513          	srli	a0,a2,0x1d
200a7474:	8f49                	or	a4,a4,a0
200a7476:	c0178693          	addi	a3,a5,-1023
200a747a:	01c68f33          	add	t5,a3,t3
200a747e:	29771313          	bseti	t1,a4,0x17
200a7482:	4729                	li	a4,10
200a7484:	00361413          	slli	s0,a2,0x3
200a7488:	4501                	li	a0,0
200a748a:	001f0e13          	addi	t3,t5,1
200a748e:	17174663          	blt	a4,a7,200a75fa <__muldf3+0x1f0>
200a7492:	0075c833          	xor	a6,a1,t2
200a7496:	8fc2                	mv	t6,a6
200a7498:	4589                	li	a1,2
200a749a:	0515cf63          	blt	a1,a7,200a74f8 <__muldf3+0xee>
200a749e:	fff88613          	addi	a2,a7,-1
200a74a2:	4885                	li	a7,1
200a74a4:	18c8eb63          	bltu	a7,a2,200a763a <__muldf3+0x230>
200a74a8:	10b50f63          	beq	a0,a1,200a75c6 <__muldf3+0x1bc>
200a74ac:	4785                	li	a5,1
200a74ae:	887e                	mv	a6,t6
200a74b0:	06f51663          	bne	a0,a5,200a751c <__muldf3+0x112>
200a74b4:	4781                	li	a5,0
200a74b6:	4681                	li	a3,0
200a74b8:	4701                	li	a4,0
200a74ba:	4432                	lw	s0,12(sp)
200a74bc:	07d2                	slli	a5,a5,0x14
200a74be:	8fd5                	or	a5,a5,a3
200a74c0:	087e                	slli	a6,a6,0x1f
200a74c2:	0107e7b3          	or	a5,a5,a6
200a74c6:	44a2                	lw	s1,8(sp)
200a74c8:	4912                	lw	s2,4(sp)
200a74ca:	4982                	lw	s3,0(sp)
200a74cc:	853a                	mv	a0,a4
200a74ce:	85be                	mv	a1,a5
200a74d0:	0141                	addi	sp,sp,16
200a74d2:	8082                	ret
200a74d4:	00c36633          	or	a2,t1,a2
200a74d8:	7ffe0f13          	addi	t5,t3,2047
200a74dc:	10060163          	beqz	a2,200a75de <__muldf3+0x1d4>
200a74e0:	0075c833          	xor	a6,a1,t2
200a74e4:	28b01693          	bseti	a3,zero,0xb
200a74e8:	0038e893          	ori	a7,a7,3
200a74ec:	4729                	li	a4,10
200a74ee:	8fc2                	mv	t6,a6
200a74f0:	9e36                	add	t3,t3,a3
200a74f2:	41174463          	blt	a4,a7,200a78fa <__muldf3+0x4f0>
200a74f6:	450d                	li	a0,3
200a74f8:	29101633          	bset	a2,zero,a7
200a74fc:	53067713          	andi	a4,a2,1328
200a7500:	c305                	beqz	a4,200a7520 <__muldf3+0x116>
200a7502:	4789                	li	a5,2
200a7504:	0cf48163          	beq	s1,a5,200a75c6 <__muldf3+0x1bc>
200a7508:	478d                	li	a5,3
200a750a:	12f48163          	beq	s1,a5,200a762c <__muldf3+0x222>
200a750e:	8526                	mv	a0,s1
200a7510:	4785                	li	a5,1
200a7512:	8376                	mv	t1,t4
200a7514:	8416                	mv	s0,t0
200a7516:	887e                	mv	a6,t6
200a7518:	f8f50ee3          	beq	a0,a5,200a74b4 <__muldf3+0xaa>
200a751c:	8f72                	mv	t5,t3
200a751e:	acbd                	j	200a779c <__muldf3+0x392>
200a7520:	24067593          	andi	a1,a2,576
200a7524:	e5dd                	bnez	a1,200a75d2 <__muldf3+0x1c8>
200a7526:	08867613          	andi	a2,a2,136
200a752a:	10060863          	beqz	a2,200a763a <__muldf3+0x230>
200a752e:	8f9e                	mv	t6,t2
200a7530:	8e9a                	mv	t4,t1
200a7532:	82a2                	mv	t0,s0
200a7534:	84aa                	mv	s1,a0
200a7536:	b7f1                	j	200a7502 <__muldf3+0xf8>
200a7538:	00c36733          	or	a4,t1,a2
200a753c:	cf61                	beqz	a4,200a7614 <__muldf3+0x20a>
200a753e:	30030f63          	beqz	t1,200a785c <__muldf3+0x452>
200a7542:	60031f13          	clz	t5,t1
200a7546:	ff5f0713          	addi	a4,t5,-11
200a754a:	4575                	li	a0,29
200a754c:	ff8f0793          	addi	a5,t5,-8
200a7550:	8d19                	sub	a0,a0,a4
200a7552:	00a65533          	srl	a0,a2,a0
200a7556:	00f31733          	sll	a4,t1,a5
200a755a:	00e56333          	or	t1,a0,a4
200a755e:	00f61433          	sll	s0,a2,a5
200a7562:	41ee0f33          	sub	t5,t3,t5
200a7566:	c0df0f13          	addi	t5,t5,-1011
200a756a:	4729                	li	a4,10
200a756c:	4501                	li	a0,0
200a756e:	001f0e13          	addi	t3,t5,1
200a7572:	f31750e3          	bge	a4,a7,200a7492 <__muldf3+0x88>
200a7576:	a051                	j	200a75fa <__muldf3+0x1f0>
200a7578:	00aee2b3          	or	t0,t4,a0
200a757c:	08028763          	beqz	t0,200a760a <__muldf3+0x200>
200a7580:	2c0e8063          	beqz	t4,200a7840 <__muldf3+0x436>
200a7584:	600e9813          	clz	a6,t4
200a7588:	ff580793          	addi	a5,a6,-11
200a758c:	4775                	li	a4,29
200a758e:	ff880293          	addi	t0,a6,-8
200a7592:	8f1d                	sub	a4,a4,a5
200a7594:	005e9eb3          	sll	t4,t4,t0
200a7598:	00e55733          	srl	a4,a0,a4
200a759c:	01d76eb3          	or	t4,a4,t4
200a75a0:	005512b3          	sll	t0,a0,t0
200a75a4:	c0d00e13          	li	t3,-1011
200a75a8:	410e0e33          	sub	t3,t3,a6
200a75ac:	4881                	li	a7,0
200a75ae:	4481                	li	s1,0
200a75b0:	bd71                	j	200a744c <__muldf3+0x42>
200a75b2:	00aee2b3          	or	t0,t4,a0
200a75b6:	04029463          	bnez	t0,200a75fe <__muldf3+0x1f4>
200a75ba:	4e81                	li	t4,0
200a75bc:	48a1                	li	a7,8
200a75be:	7ff00e13          	li	t3,2047
200a75c2:	4489                	li	s1,2
200a75c4:	b561                	j	200a744c <__muldf3+0x42>
200a75c6:	887e                	mv	a6,t6
200a75c8:	7ff00793          	li	a5,2047
200a75cc:	4681                	li	a3,0
200a75ce:	4701                	li	a4,0
200a75d0:	b5ed                	j	200a74ba <__muldf3+0xb0>
200a75d2:	4801                	li	a6,0
200a75d4:	7ff00793          	li	a5,2047
200a75d8:	000806b7          	lui	a3,0x80
200a75dc:	bdf9                	j	200a74ba <__muldf3+0xb0>
200a75de:	28b01713          	bseti	a4,zero,0xb
200a75e2:	0028e893          	ori	a7,a7,2
200a75e6:	47a9                	li	a5,10
200a75e8:	9e3a                	add	t3,t3,a4
200a75ea:	2917dc63          	bge	a5,a7,200a7882 <__muldf3+0x478>
200a75ee:	4401                	li	s0,0
200a75f0:	47b9                	li	a5,14
200a75f2:	4509                	li	a0,2
200a75f4:	472d                	li	a4,11
200a75f6:	30e78063          	beq	a5,a4,200a78f6 <__muldf3+0x4ec>
200a75fa:	8fae                	mv	t6,a1
200a75fc:	b719                	j	200a7502 <__muldf3+0xf8>
200a75fe:	82aa                	mv	t0,a0
200a7600:	48b1                	li	a7,12
200a7602:	7ff00e13          	li	t3,2047
200a7606:	448d                	li	s1,3
200a7608:	b591                	j	200a744c <__muldf3+0x42>
200a760a:	4e81                	li	t4,0
200a760c:	4891                	li	a7,4
200a760e:	4e01                	li	t3,0
200a7610:	4485                	li	s1,1
200a7612:	bd2d                	j	200a744c <__muldf3+0x42>
200a7614:	8f72                	mv	t5,t3
200a7616:	0018e893          	ori	a7,a7,1
200a761a:	4729                	li	a4,10
200a761c:	4301                	li	t1,0
200a761e:	4401                	li	s0,0
200a7620:	4505                	li	a0,1
200a7622:	001f0e13          	addi	t3,t5,1
200a7626:	e71756e3          	bge	a4,a7,200a7492 <__muldf3+0x88>
200a762a:	bfc1                	j	200a75fa <__muldf3+0x1f0>
200a762c:	4801                	li	a6,0
200a762e:	7ff00793          	li	a5,2047
200a7632:	000806b7          	lui	a3,0x80
200a7636:	4701                	li	a4,0
200a7638:	b549                	j	200a74ba <__muldf3+0xb0>
200a763a:	65c1                	lui	a1,0x10
200a763c:	fff58493          	addi	s1,a1,-1 # ffff <_data_lma+0x513b>
200a7640:	0092f7b3          	and	a5,t0,s1
200a7644:	0102d913          	srli	s2,t0,0x10
200a7648:	01045893          	srli	a7,s0,0x10
200a764c:	8ce1                	and	s1,s1,s0
200a764e:	02978733          	mul	a4,a5,s1
200a7652:	02990633          	mul	a2,s2,s1
200a7656:	01075513          	srli	a0,a4,0x10
200a765a:	02f886b3          	mul	a3,a7,a5
200a765e:	96b2                	add	a3,a3,a2
200a7660:	9536                	add	a0,a0,a3
200a7662:	03190fb3          	mul	t6,s2,a7
200a7666:	00c57363          	bgeu	a0,a2,200a766c <__muldf3+0x262>
200a766a:	9fae                	add	t6,t6,a1
200a766c:	6441                	lui	s0,0x10
200a766e:	fff40613          	addi	a2,s0,-1 # ffff <_data_lma+0x513b>
200a7672:	00c575b3          	and	a1,a0,a2
200a7676:	00c376b3          	and	a3,t1,a2
200a767a:	8f71                	and	a4,a4,a2
200a767c:	01035393          	srli	t2,t1,0x10
200a7680:	05c2                	slli	a1,a1,0x10
200a7682:	02d782b3          	mul	t0,a5,a3
200a7686:	95ba                	add	a1,a1,a4
200a7688:	8141                	srli	a0,a0,0x10
200a768a:	02d90733          	mul	a4,s2,a3
200a768e:	0102d613          	srli	a2,t0,0x10
200a7692:	02f387b3          	mul	a5,t2,a5
200a7696:	97ba                	add	a5,a5,a4
200a7698:	963e                	add	a2,a2,a5
200a769a:	027907b3          	mul	a5,s2,t2
200a769e:	00e67363          	bgeu	a2,a4,200a76a4 <__muldf3+0x29a>
200a76a2:	97a2                	add	a5,a5,s0
200a76a4:	69c1                	lui	s3,0x10
200a76a6:	fff98313          	addi	t1,s3,-1 # ffff <_data_lma+0x513b>
200a76aa:	00667733          	and	a4,a2,t1
200a76ae:	010ed413          	srli	s0,t4,0x10
200a76b2:	0062f2b3          	and	t0,t0,t1
200a76b6:	006efeb3          	and	t4,t4,t1
200a76ba:	0742                	slli	a4,a4,0x10
200a76bc:	9716                	add	a4,a4,t0
200a76be:	03d48933          	mul	s2,s1,t4
200a76c2:	8241                	srli	a2,a2,0x10
200a76c4:	963e                	add	a2,a2,a5
200a76c6:	953a                	add	a0,a0,a4
200a76c8:	03d882b3          	mul	t0,a7,t4
200a76cc:	01095793          	srli	a5,s2,0x10
200a76d0:	02940333          	mul	t1,s0,s1
200a76d4:	929a                	add	t0,t0,t1
200a76d6:	9796                	add	a5,a5,t0
200a76d8:	028888b3          	mul	a7,a7,s0
200a76dc:	0067f363          	bgeu	a5,t1,200a76e2 <__muldf3+0x2d8>
200a76e0:	98ce                	add	a7,a7,s3
200a76e2:	69c1                	lui	s3,0x10
200a76e4:	fff98313          	addi	t1,s3,-1 # ffff <_data_lma+0x513b>
200a76e8:	0067f4b3          	and	s1,a5,t1
200a76ec:	04c2                	slli	s1,s1,0x10
200a76ee:	00697333          	and	t1,s2,t1
200a76f2:	83c1                	srli	a5,a5,0x10
200a76f4:	97c6                	add	a5,a5,a7
200a76f6:	03d682b3          	mul	t0,a3,t4
200a76fa:	006488b3          	add	a7,s1,t1
200a76fe:	02d406b3          	mul	a3,s0,a3
200a7702:	0102d313          	srli	t1,t0,0x10
200a7706:	03d38eb3          	mul	t4,t2,t4
200a770a:	9eb6                	add	t4,t4,a3
200a770c:	9e9a                	add	t4,t4,t1
200a770e:	02838333          	mul	t1,t2,s0
200a7712:	00def363          	bgeu	t4,a3,200a7718 <__muldf3+0x30e>
200a7716:	934e                	add	t1,t1,s3
200a7718:	63c1                	lui	t2,0x10
200a771a:	13fd                	addi	t2,t2,-1 # ffff <_data_lma+0x513b>
200a771c:	007ef6b3          	and	a3,t4,t2
200a7720:	06c2                	slli	a3,a3,0x10
200a7722:	0072f2b3          	and	t0,t0,t2
200a7726:	957e                	add	a0,a0,t6
200a7728:	9696                	add	a3,a3,t0
200a772a:	9636                	add	a2,a2,a3
200a772c:	00e53733          	sltu	a4,a0,a4
200a7730:	9732                	add	a4,a4,a2
200a7732:	98aa                	add	a7,a7,a0
200a7734:	97ba                	add	a5,a5,a4
200a7736:	00a8b533          	sltu	a0,a7,a0
200a773a:	953e                	add	a0,a0,a5
200a773c:	00d636b3          	sltu	a3,a2,a3
200a7740:	00c73633          	sltu	a2,a4,a2
200a7744:	8ed1                	or	a3,a3,a2
200a7746:	00e7b733          	sltu	a4,a5,a4
200a774a:	010ed613          	srli	a2,t4,0x10
200a774e:	00f537b3          	sltu	a5,a0,a5
200a7752:	96b2                	add	a3,a3,a2
200a7754:	8f5d                	or	a4,a4,a5
200a7756:	9736                	add	a4,a4,a3
200a7758:	971a                	add	a4,a4,t1
200a775a:	00989793          	slli	a5,a7,0x9
200a775e:	0726                	slli	a4,a4,0x9
200a7760:	01755693          	srli	a3,a0,0x17
200a7764:	8fcd                	or	a5,a5,a1
200a7766:	00d76333          	or	t1,a4,a3
200a776a:	00f037b3          	snez	a5,a5
200a776e:	0178d713          	srli	a4,a7,0x17
200a7772:	8fd9                	or	a5,a5,a4
200a7774:	01000737          	lui	a4,0x1000
200a7778:	0526                	slli	a0,a0,0x9
200a777a:	00e37733          	and	a4,t1,a4
200a777e:	00a7e433          	or	s0,a5,a0
200a7782:	cf09                	beqz	a4,200a779c <__muldf3+0x392>
200a7784:	00145713          	srli	a4,s0,0x1
200a7788:	00147793          	andi	a5,s0,1
200a778c:	01f31693          	slli	a3,t1,0x1f
200a7790:	8fd9                	or	a5,a5,a4
200a7792:	00d7e433          	or	s0,a5,a3
200a7796:	00135313          	srli	t1,t1,0x1
200a779a:	8f72                	mv	t5,t3
200a779c:	3fff0613          	addi	a2,t5,1023
200a77a0:	04c05863          	blez	a2,200a77f0 <__muldf3+0x3e6>
200a77a4:	00747793          	andi	a5,s0,7
200a77a8:	cf81                	beqz	a5,200a77c0 <__muldf3+0x3b6>
200a77aa:	00f47793          	andi	a5,s0,15
200a77ae:	4711                	li	a4,4
200a77b0:	00e78863          	beq	a5,a4,200a77c0 <__muldf3+0x3b6>
200a77b4:	00440713          	addi	a4,s0,4
200a77b8:	008737b3          	sltu	a5,a4,s0
200a77bc:	933e                	add	t1,t1,a5
200a77be:	843a                	mv	s0,a4
200a77c0:	010007b7          	lui	a5,0x1000
200a77c4:	00f377b3          	and	a5,t1,a5
200a77c8:	c789                	beqz	a5,200a77d2 <__muldf3+0x3c8>
200a77ca:	400f0613          	addi	a2,t5,1024
200a77ce:	49831313          	bclri	t1,t1,0x18
200a77d2:	7fe00793          	li	a5,2046
200a77d6:	0ac7c163          	blt	a5,a2,200a7878 <__muldf3+0x46e>
200a77da:	00345793          	srli	a5,s0,0x3
200a77de:	01d31713          	slli	a4,t1,0x1d
200a77e2:	00931693          	slli	a3,t1,0x9
200a77e6:	8f5d                	or	a4,a4,a5
200a77e8:	82b1                	srli	a3,a3,0xc
200a77ea:	7ff67793          	andi	a5,a2,2047
200a77ee:	b1f1                	j	200a74ba <__muldf3+0xb0>
200a77f0:	4705                	li	a4,1
200a77f2:	ee59                	bnez	a2,200a7890 <__muldf3+0x486>
200a77f4:	41ef0f13          	addi	t5,t5,1054
200a77f8:	01e41633          	sll	a2,s0,t5
200a77fc:	00c03633          	snez	a2,a2
200a7800:	01e31f33          	sll	t5,t1,t5
200a7804:	00e457b3          	srl	a5,s0,a4
200a7808:	01e66633          	or	a2,a2,t5
200a780c:	8e5d                	or	a2,a2,a5
200a780e:	00767793          	andi	a5,a2,7
200a7812:	00e355b3          	srl	a1,t1,a4
200a7816:	cf81                	beqz	a5,200a782e <__muldf3+0x424>
200a7818:	00f67793          	andi	a5,a2,15
200a781c:	4711                	li	a4,4
200a781e:	00e78863          	beq	a5,a4,200a782e <__muldf3+0x424>
200a7822:	00460793          	addi	a5,a2,4
200a7826:	00c7b633          	sltu	a2,a5,a2
200a782a:	95b2                	add	a1,a1,a2
200a782c:	863e                	mv	a2,a5
200a782e:	00800537          	lui	a0,0x800
200a7832:	8d6d                	and	a0,a0,a1
200a7834:	4785                	li	a5,1
200a7836:	4681                	li	a3,0
200a7838:	4701                	li	a4,0
200a783a:	c80510e3          	bnez	a0,200a74ba <__muldf3+0xb0>
200a783e:	a05d                	j	200a78e4 <__muldf3+0x4da>
200a7840:	60051713          	clz	a4,a0
200a7844:	48f1                	li	a7,28
200a7846:	01570793          	addi	a5,a4,21 # 1000015 <_data_lma+0xff5151>
200a784a:	02070813          	addi	a6,a4,32
200a784e:	d2f8dfe3          	bge	a7,a5,200a758c <__muldf3+0x182>
200a7852:	1761                	addi	a4,a4,-8
200a7854:	4281                	li	t0,0
200a7856:	00e51eb3          	sll	t4,a0,a4
200a785a:	b3a9                	j	200a75a4 <__muldf3+0x19a>
200a785c:	60061793          	clz	a5,a2
200a7860:	46f1                	li	a3,28
200a7862:	01578713          	addi	a4,a5,21 # 1000015 <_data_lma+0xff5151>
200a7866:	02078f13          	addi	t5,a5,32
200a786a:	cee6d0e3          	bge	a3,a4,200a754a <__muldf3+0x140>
200a786e:	17e1                	addi	a5,a5,-8
200a7870:	4401                	li	s0,0
200a7872:	00f61333          	sll	t1,a2,a5
200a7876:	b1f5                	j	200a7562 <__muldf3+0x158>
200a7878:	7ff00793          	li	a5,2047
200a787c:	4681                	li	a3,0
200a787e:	4701                	li	a4,0
200a7880:	b92d                	j	200a74ba <__muldf3+0xb0>
200a7882:	0075c833          	xor	a6,a1,t2
200a7886:	8fc2                	mv	t6,a6
200a7888:	4301                	li	t1,0
200a788a:	4401                	li	s0,0
200a788c:	4509                	li	a0,2
200a788e:	b129                	j	200a7498 <__muldf3+0x8e>
200a7890:	8f11                	sub	a4,a4,a2
200a7892:	03800793          	li	a5,56
200a7896:	c0e7cfe3          	blt	a5,a4,200a74b4 <__muldf3+0xaa>
200a789a:	47fd                	li	a5,31
200a789c:	f4e7dce3          	bge	a5,a4,200a77f4 <__muldf3+0x3ea>
200a78a0:	5785                	li	a5,-31
200a78a2:	8f91                	sub	a5,a5,a2
200a78a4:	02000693          	li	a3,32
200a78a8:	00f357b3          	srl	a5,t1,a5
200a78ac:	00d70863          	beq	a4,a3,200a78bc <__muldf3+0x4b2>
200a78b0:	43ef0f13          	addi	t5,t5,1086
200a78b4:	01e31f33          	sll	t5,t1,t5
200a78b8:	01e46433          	or	s0,s0,t5
200a78bc:	00803633          	snez	a2,s0
200a78c0:	8e5d                	or	a2,a2,a5
200a78c2:	00767713          	andi	a4,a2,7
200a78c6:	4681                	li	a3,0
200a78c8:	c31d                	beqz	a4,200a78ee <__muldf3+0x4e4>
200a78ca:	00f67793          	andi	a5,a2,15
200a78ce:	4711                	li	a4,4
200a78d0:	4581                	li	a1,0
200a78d2:	00e78963          	beq	a5,a4,200a78e4 <__muldf3+0x4da>
200a78d6:	00460793          	addi	a5,a2,4
200a78da:	00c7b633          	sltu	a2,a5,a2
200a78de:	00c035b3          	snez	a1,a2
200a78e2:	863e                	mv	a2,a5
200a78e4:	00959693          	slli	a3,a1,0x9
200a78e8:	01d59713          	slli	a4,a1,0x1d
200a78ec:	82b1                	srli	a3,a3,0xc
200a78ee:	820d                	srli	a2,a2,0x3
200a78f0:	8f51                	or	a4,a4,a2
200a78f2:	4781                	li	a5,0
200a78f4:	b6d9                	j	200a74ba <__muldf3+0xb0>
200a78f6:	8332                	mv	t1,a2
200a78f8:	b91d                	j	200a752e <__muldf3+0x124>
200a78fa:	473d                	li	a4,15
200a78fc:	00e89763          	bne	a7,a4,200a790a <__muldf3+0x500>
200a7900:	4801                	li	a6,0
200a7902:	000806b7          	lui	a3,0x80
200a7906:	4701                	li	a4,0
200a7908:	be4d                	j	200a74ba <__muldf3+0xb0>
200a790a:	861a                	mv	a2,t1
200a790c:	47ad                	li	a5,11
200a790e:	450d                	li	a0,3
200a7910:	b1d5                	j	200a75f4 <__muldf3+0x1ea>

200a7912 <__subdf3>:
200a7912:	001007b7          	lui	a5,0x100
200a7916:	17fd                	addi	a5,a5,-1 # fffff <_data_lma+0xf513b>
200a7918:	00b7fe33          	and	t3,a5,a1
200a791c:	00d7f833          	and	a6,a5,a3
200a7920:	0146d313          	srli	t1,a3,0x14
200a7924:	0145d793          	srli	a5,a1,0x14
200a7928:	0e0e                	slli	t3,t3,0x3
200a792a:	01d55713          	srli	a4,a0,0x1d
200a792e:	080e                	slli	a6,a6,0x3
200a7930:	01d65893          	srli	a7,a2,0x1d
200a7934:	7ff37313          	andi	t1,t1,2047
200a7938:	7ff00e93          	li	t4,2047
200a793c:	01c76733          	or	a4,a4,t3
200a7940:	7ff7f793          	andi	a5,a5,2047
200a7944:	81fd                	srli	a1,a1,0x1f
200a7946:	00351f13          	slli	t5,a0,0x3
200a794a:	82fd                	srli	a3,a3,0x1f
200a794c:	0108e8b3          	or	a7,a7,a6
200a7950:	00361e13          	slli	t3,a2,0x3
200a7954:	19d30b63          	beq	t1,t4,200a7aea <__subdf3+0x1d8>
200a7958:	0016c813          	xori	a6,a3,1
200a795c:	406786b3          	sub	a3,a5,t1
200a7960:	11058063          	beq	a1,a6,200a7a60 <__subdf3+0x14e>
200a7964:	54d05c63          	blez	a3,200a7ebc <__subdf3+0x5aa>
200a7968:	1c030963          	beqz	t1,200a7b3a <__subdf3+0x228>
200a796c:	55d78063          	beq	a5,t4,200a7eac <__subdf3+0x59a>
200a7970:	03800513          	li	a0,56
200a7974:	4605                	li	a2,1
200a7976:	29789893          	bseti	a7,a7,0x17
200a797a:	02d54663          	blt	a0,a3,200a79a6 <__subdf3+0x94>
200a797e:	467d                	li	a2,31
200a7980:	3cd64b63          	blt	a2,a3,200a7d56 <__subdf3+0x444>
200a7984:	02000513          	li	a0,32
200a7988:	8d15                	sub	a0,a0,a3
200a798a:	00a89633          	sll	a2,a7,a0
200a798e:	00de5833          	srl	a6,t3,a3
200a7992:	00ae1533          	sll	a0,t3,a0
200a7996:	01066633          	or	a2,a2,a6
200a799a:	00a03533          	snez	a0,a0
200a799e:	00d8d6b3          	srl	a3,a7,a3
200a79a2:	8e49                	or	a2,a2,a0
200a79a4:	8f15                	sub	a4,a4,a3
200a79a6:	40cf0633          	sub	a2,t5,a2
200a79aa:	00cf3f33          	sltu	t5,t5,a2
200a79ae:	41e70733          	sub	a4,a4,t5
200a79b2:	008006b7          	lui	a3,0x800
200a79b6:	00d77533          	and	a0,a4,a3
200a79ba:	22050e63          	beqz	a0,200a7bf6 <__subdf3+0x2e4>
200a79be:	16fd                	addi	a3,a3,-1 # 7fffff <_data_lma+0x7f513b>
200a79c0:	8f75                	and	a4,a4,a3
200a79c2:	28070563          	beqz	a4,200a7c4c <__subdf3+0x33a>
200a79c6:	60071513          	clz	a0,a4
200a79ca:	1561                	addi	a0,a0,-8 # 7ffff8 <_data_lma+0x7f5134>
200a79cc:	02000813          	li	a6,32
200a79d0:	40a806b3          	sub	a3,a6,a0
200a79d4:	00d656b3          	srl	a3,a2,a3
200a79d8:	00a71733          	sll	a4,a4,a0
200a79dc:	8ed9                	or	a3,a3,a4
200a79de:	00a61633          	sll	a2,a2,a0
200a79e2:	30f54063          	blt	a0,a5,200a7ce2 <__subdf3+0x3d0>
200a79e6:	8d1d                	sub	a0,a0,a5
200a79e8:	0505                	addi	a0,a0,1
200a79ea:	40a80833          	sub	a6,a6,a0
200a79ee:	010617b3          	sll	a5,a2,a6
200a79f2:	00a65733          	srl	a4,a2,a0
200a79f6:	00f037b3          	snez	a5,a5
200a79fa:	8fd9                	or	a5,a5,a4
200a79fc:	01069833          	sll	a6,a3,a6
200a7a00:	00f86633          	or	a2,a6,a5
200a7a04:	00a6d733          	srl	a4,a3,a0
200a7a08:	4781                	li	a5,0
200a7a0a:	00767693          	andi	a3,a2,7
200a7a0e:	ce81                	beqz	a3,200a7a26 <__subdf3+0x114>
200a7a10:	00f67693          	andi	a3,a2,15
200a7a14:	4511                	li	a0,4
200a7a16:	00a68863          	beq	a3,a0,200a7a26 <__subdf3+0x114>
200a7a1a:	00460693          	addi	a3,a2,4
200a7a1e:	00c6b633          	sltu	a2,a3,a2
200a7a22:	9732                	add	a4,a4,a2
200a7a24:	8636                	mv	a2,a3
200a7a26:	008006b7          	lui	a3,0x800
200a7a2a:	8ef9                	and	a3,a3,a4
200a7a2c:	26068763          	beqz	a3,200a7c9a <__subdf3+0x388>
200a7a30:	0785                	addi	a5,a5,1
200a7a32:	7ff00693          	li	a3,2047
200a7a36:	1ad78263          	beq	a5,a3,200a7bda <__subdf3+0x2c8>
200a7a3a:	820d                	srli	a2,a2,0x3
200a7a3c:	01d71693          	slli	a3,a4,0x1d
200a7a40:	00971893          	slli	a7,a4,0x9
200a7a44:	8ed1                	or	a3,a3,a2
200a7a46:	00c8d893          	srli	a7,a7,0xc
200a7a4a:	7ff7f793          	andi	a5,a5,2047
200a7a4e:	8985                	andi	a1,a1,1
200a7a50:	07d2                	slli	a5,a5,0x14
200a7a52:	0117e7b3          	or	a5,a5,a7
200a7a56:	05fe                	slli	a1,a1,0x1f
200a7a58:	8fcd                	or	a5,a5,a1
200a7a5a:	8536                	mv	a0,a3
200a7a5c:	85be                	mv	a1,a5
200a7a5e:	8082                	ret
200a7a60:	5ad05963          	blez	a3,200a8012 <__subdf3+0x700>
200a7a64:	16031163          	bnez	t1,200a7bc6 <__subdf3+0x2b4>
200a7a68:	01c8e633          	or	a2,a7,t3
200a7a6c:	26060763          	beqz	a2,200a7cda <__subdf3+0x3c8>
200a7a70:	fff68613          	addi	a2,a3,-1 # 7fffff <_data_lma+0x7f513b>
200a7a74:	3e060a63          	beqz	a2,200a7e68 <__subdf3+0x556>
200a7a78:	47d68763          	beq	a3,t4,200a7ee6 <__subdf3+0x5d4>
200a7a7c:	03800693          	li	a3,56
200a7a80:	4505                	li	a0,1
200a7a82:	02c6c963          	blt	a3,a2,200a7ab4 <__subdf3+0x1a2>
200a7a86:	86b2                	mv	a3,a2
200a7a88:	467d                	li	a2,31
200a7a8a:	34d65c63          	bge	a2,a3,200a7de2 <__subdf3+0x4d0>
200a7a8e:	fe068613          	addi	a2,a3,-32
200a7a92:	02000513          	li	a0,32
200a7a96:	00c8d633          	srl	a2,a7,a2
200a7a9a:	00a68a63          	beq	a3,a0,200a7aae <__subdf3+0x19c>
200a7a9e:	04000513          	li	a0,64
200a7aa2:	40d506b3          	sub	a3,a0,a3
200a7aa6:	00d896b3          	sll	a3,a7,a3
200a7aaa:	00de6e33          	or	t3,t3,a3
200a7aae:	01c03533          	snez	a0,t3
200a7ab2:	8d51                	or	a0,a0,a2
200a7ab4:	01e50633          	add	a2,a0,t5
200a7ab8:	00a63533          	sltu	a0,a2,a0
200a7abc:	972a                	add	a4,a4,a0
200a7abe:	008006b7          	lui	a3,0x800
200a7ac2:	8ef9                	and	a3,a3,a4
200a7ac4:	12068963          	beqz	a3,200a7bf6 <__subdf3+0x2e4>
200a7ac8:	0785                	addi	a5,a5,1
200a7aca:	7ff00693          	li	a3,2047
200a7ace:	10d78663          	beq	a5,a3,200a7bda <__subdf3+0x2c8>
200a7ad2:	00165693          	srli	a3,a2,0x1
200a7ad6:	8a05                	andi	a2,a2,1
200a7ad8:	01f71513          	slli	a0,a4,0x1f
200a7adc:	8ed1                	or	a3,a3,a2
200a7ade:	49771713          	bclri	a4,a4,0x17
200a7ae2:	00d56633          	or	a2,a0,a3
200a7ae6:	8305                	srli	a4,a4,0x1
200a7ae8:	b70d                	j	200a7a0a <__subdf3+0xf8>
200a7aea:	01c8e833          	or	a6,a7,t3
200a7aee:	80178e93          	addi	t4,a5,-2047
200a7af2:	06081563          	bnez	a6,200a7b5c <__subdf3+0x24a>
200a7af6:	0016c813          	xori	a6,a3,1
200a7afa:	07058463          	beq	a1,a6,200a7b62 <__subdf3+0x250>
200a7afe:	100e8163          	beqz	t4,200a7c00 <__subdf3+0x2ee>
200a7b02:	1c078463          	beqz	a5,200a7cca <__subdf3+0x3b8>
200a7b06:	060e                	slli	a2,a2,0x3
200a7b08:	01d89793          	slli	a5,a7,0x1d
200a7b0c:	820d                	srli	a2,a2,0x3
200a7b0e:	00f666b3          	or	a3,a2,a5
200a7b12:	0038d893          	srli	a7,a7,0x3
200a7b16:	85c2                	mv	a1,a6
200a7b18:	0116e6b3          	or	a3,a3,a7
200a7b1c:	cedd                	beqz	a3,200a7bda <__subdf3+0x2c8>
200a7b1e:	7ff00793          	li	a5,2047
200a7b22:	000808b7          	lui	a7,0x80
200a7b26:	4581                	li	a1,0
200a7b28:	07d2                	slli	a5,a5,0x14
200a7b2a:	0117e7b3          	or	a5,a5,a7
200a7b2e:	05fe                	slli	a1,a1,0x1f
200a7b30:	4681                	li	a3,0
200a7b32:	8fcd                	or	a5,a5,a1
200a7b34:	8536                	mv	a0,a3
200a7b36:	85be                	mv	a1,a5
200a7b38:	8082                	ret
200a7b3a:	01c8e633          	or	a2,a7,t3
200a7b3e:	18060e63          	beqz	a2,200a7cda <__subdf3+0x3c8>
200a7b42:	fff68813          	addi	a6,a3,-1 # 7fffff <_data_lma+0x7f513b>
200a7b46:	34080863          	beqz	a6,200a7e96 <__subdf3+0x584>
200a7b4a:	33d68d63          	beq	a3,t4,200a7e84 <__subdf3+0x572>
200a7b4e:	03800693          	li	a3,56
200a7b52:	4605                	li	a2,1
200a7b54:	e506c9e3          	blt	a3,a6,200a79a6 <__subdf3+0x94>
200a7b58:	86c2                	mv	a3,a6
200a7b5a:	b515                	j	200a797e <__subdf3+0x6c>
200a7b5c:	8836                	mv	a6,a3
200a7b5e:	fad590e3          	bne	a1,a3,200a7afe <__subdf3+0x1ec>
200a7b62:	180e8463          	beqz	t4,200a7cea <__subdf3+0x3d8>
200a7b66:	26079563          	bnez	a5,200a7dd0 <__subdf3+0x4be>
200a7b6a:	7ff00693          	li	a3,2047
200a7b6e:	01e767b3          	or	a5,a4,t5
200a7b72:	3e078663          	beqz	a5,200a7f5e <__subdf3+0x64c>
200a7b76:	fff68513          	addi	a0,a3,-1
200a7b7a:	2e050763          	beqz	a0,200a7e68 <__subdf3+0x556>
200a7b7e:	7ff00793          	li	a5,2047
200a7b82:	24f68763          	beq	a3,a5,200a7dd0 <__subdf3+0x4be>
200a7b86:	03800693          	li	a3,56
200a7b8a:	4785                	li	a5,1
200a7b8c:	02a6c563          	blt	a3,a0,200a7bb6 <__subdf3+0x2a4>
200a7b90:	47fd                	li	a5,31
200a7b92:	40a7cf63          	blt	a5,a0,200a7fb0 <__subdf3+0x69e>
200a7b96:	02000693          	li	a3,32
200a7b9a:	8e89                	sub	a3,a3,a0
200a7b9c:	00d717b3          	sll	a5,a4,a3
200a7ba0:	00af5633          	srl	a2,t5,a0
200a7ba4:	00df16b3          	sll	a3,t5,a3
200a7ba8:	8fd1                	or	a5,a5,a2
200a7baa:	00d036b3          	snez	a3,a3
200a7bae:	00a75533          	srl	a0,a4,a0
200a7bb2:	8fd5                	or	a5,a5,a3
200a7bb4:	98aa                	add	a7,a7,a0
200a7bb6:	9e3e                	add	t3,t3,a5
200a7bb8:	00fe37b3          	sltu	a5,t3,a5
200a7bbc:	01178733          	add	a4,a5,a7
200a7bc0:	8672                	mv	a2,t3
200a7bc2:	879a                	mv	a5,t1
200a7bc4:	bded                	j	200a7abe <__subdf3+0x1ac>
200a7bc6:	2bd78f63          	beq	a5,t4,200a7e84 <__subdf3+0x572>
200a7bca:	03800613          	li	a2,56
200a7bce:	4505                	li	a0,1
200a7bd0:	29789893          	bseti	a7,a7,0x17
200a7bd4:	ead65ae3          	bge	a2,a3,200a7a88 <__subdf3+0x176>
200a7bd8:	bdf1                	j	200a7ab4 <__subdf3+0x1a2>
200a7bda:	7ff00793          	li	a5,2047
200a7bde:	4881                	li	a7,0
200a7be0:	8985                	andi	a1,a1,1
200a7be2:	07d2                	slli	a5,a5,0x14
200a7be4:	0117e7b3          	or	a5,a5,a7
200a7be8:	05fe                	slli	a1,a1,0x1f
200a7bea:	4681                	li	a3,0
200a7bec:	8fcd                	or	a5,a5,a1
200a7bee:	8536                	mv	a0,a3
200a7bf0:	85be                	mv	a1,a5
200a7bf2:	8082                	ret
200a7bf4:	4785                	li	a5,1
200a7bf6:	00767693          	andi	a3,a2,7
200a7bfa:	e0069be3          	bnez	a3,200a7a10 <__subdf3+0xfe>
200a7bfe:	a225                	j	200a7d26 <__subdf3+0x414>
200a7c00:	00178693          	addi	a3,a5,1
200a7c04:	7fe6f693          	andi	a3,a3,2046
200a7c08:	12069263          	bnez	a3,200a7d2c <__subdf3+0x41a>
200a7c0c:	01c8e6b3          	or	a3,a7,t3
200a7c10:	01e76333          	or	t1,a4,t5
200a7c14:	24079063          	bnez	a5,200a7e54 <__subdf3+0x542>
200a7c18:	30030e63          	beqz	t1,200a7f34 <__subdf3+0x622>
200a7c1c:	32068863          	beqz	a3,200a7f4c <__subdf3+0x63a>
200a7c20:	41cf0633          	sub	a2,t5,t3
200a7c24:	00cf36b3          	sltu	a3,t5,a2
200a7c28:	41170533          	sub	a0,a4,a7
200a7c2c:	8d15                	sub	a0,a0,a3
200a7c2e:	008006b7          	lui	a3,0x800
200a7c32:	8ee9                	and	a3,a3,a0
200a7c34:	3a068a63          	beqz	a3,200a7fe8 <__subdf3+0x6d6>
200a7c38:	41ee0633          	sub	a2,t3,t5
200a7c3c:	40e888b3          	sub	a7,a7,a4
200a7c40:	00ce3e33          	sltu	t3,t3,a2
200a7c44:	41c88733          	sub	a4,a7,t3
200a7c48:	85c2                	mv	a1,a6
200a7c4a:	b3c1                	j	200a7a0a <__subdf3+0xf8>
200a7c4c:	60061693          	clz	a3,a2
200a7c50:	487d                	li	a6,31
200a7c52:	01868513          	addi	a0,a3,24 # 800018 <_data_lma+0x7f5154>
200a7c56:	d6a85be3          	bge	a6,a0,200a79cc <__subdf3+0xba>
200a7c5a:	16e1                	addi	a3,a3,-8
200a7c5c:	00d616b3          	sll	a3,a2,a3
200a7c60:	1af54363          	blt	a0,a5,200a7e06 <__subdf3+0x4f4>
200a7c64:	40f50633          	sub	a2,a0,a5
200a7c68:	00160513          	addi	a0,a2,1
200a7c6c:	38a85d63          	bge	a6,a0,200a8006 <__subdf3+0x6f4>
200a7c70:	1605                	addi	a2,a2,-31
200a7c72:	02000793          	li	a5,32
200a7c76:	00c6d633          	srl	a2,a3,a2
200a7c7a:	00f50a63          	beq	a0,a5,200a7c8e <__subdf3+0x37c>
200a7c7e:	04000793          	li	a5,64
200a7c82:	8f89                	sub	a5,a5,a0
200a7c84:	00f696b3          	sll	a3,a3,a5
200a7c88:	00d036b3          	snez	a3,a3
200a7c8c:	8e55                	or	a2,a2,a3
200a7c8e:	00767693          	andi	a3,a2,7
200a7c92:	4781                	li	a5,0
200a7c94:	d6069ee3          	bnez	a3,200a7a10 <__subdf3+0xfe>
200a7c98:	a079                	j	200a7d26 <__subdf3+0x414>
200a7c9a:	820d                	srli	a2,a2,0x3
200a7c9c:	01d71693          	slli	a3,a4,0x1d
200a7ca0:	7ff00513          	li	a0,2047
200a7ca4:	8ed1                	or	a3,a3,a2
200a7ca6:	00375893          	srli	a7,a4,0x3
200a7caa:	e6a787e3          	beq	a5,a0,200a7b18 <__subdf3+0x206>
200a7cae:	08b2                	slli	a7,a7,0xc
200a7cb0:	7ff7f793          	andi	a5,a5,2047
200a7cb4:	00c8d893          	srli	a7,a7,0xc
200a7cb8:	8985                	andi	a1,a1,1
200a7cba:	07d2                	slli	a5,a5,0x14
200a7cbc:	0117e7b3          	or	a5,a5,a7
200a7cc0:	05fe                	slli	a1,a1,0x1f
200a7cc2:	8fcd                	or	a5,a5,a1
200a7cc4:	8536                	mv	a0,a3
200a7cc6:	85be                	mv	a1,a5
200a7cc8:	8082                	ret
200a7cca:	7ff00693          	li	a3,2047
200a7cce:	01e767b3          	or	a5,a4,t5
200a7cd2:	e7d5                	bnez	a5,200a7d7e <__subdf3+0x46c>
200a7cd4:	8746                	mv	a4,a7
200a7cd6:	8f72                	mv	t5,t3
200a7cd8:	85c2                	mv	a1,a6
200a7cda:	003f5613          	srli	a2,t5,0x3
200a7cde:	87b6                	mv	a5,a3
200a7ce0:	bf75                	j	200a7c9c <__subdf3+0x38a>
200a7ce2:	8f89                	sub	a5,a5,a0
200a7ce4:	49769713          	bclri	a4,a3,0x17
200a7ce8:	b30d                	j	200a7a0a <__subdf3+0xf8>
200a7cea:	00178813          	addi	a6,a5,1
200a7cee:	7fe87693          	andi	a3,a6,2046
200a7cf2:	12069163          	bnez	a3,200a7e14 <__subdf3+0x502>
200a7cf6:	01e766b3          	or	a3,a4,t5
200a7cfa:	1e079163          	bnez	a5,200a7edc <__subdf3+0x5ca>
200a7cfe:	26068e63          	beqz	a3,200a7f7a <__subdf3+0x668>
200a7d02:	01c8e6b3          	or	a3,a7,t3
200a7d06:	28068363          	beqz	a3,200a7f8c <__subdf3+0x67a>
200a7d0a:	9e7a                	add	t3,t3,t5
200a7d0c:	01ee3633          	sltu	a2,t3,t5
200a7d10:	98ba                	add	a7,a7,a4
200a7d12:	00c88733          	add	a4,a7,a2
200a7d16:	008006b7          	lui	a3,0x800
200a7d1a:	8ef9                	and	a3,a3,a4
200a7d1c:	8672                	mv	a2,t3
200a7d1e:	c681                	beqz	a3,200a7d26 <__subdf3+0x414>
200a7d20:	4785                	li	a5,1
200a7d22:	49771713          	bclri	a4,a4,0x17
200a7d26:	8f32                	mv	t5,a2
200a7d28:	86be                	mv	a3,a5
200a7d2a:	bf45                	j	200a7cda <__subdf3+0x3c8>
200a7d2c:	41cf0633          	sub	a2,t5,t3
200a7d30:	00cf36b3          	sltu	a3,t5,a2
200a7d34:	41170533          	sub	a0,a4,a7
200a7d38:	8d15                	sub	a0,a0,a3
200a7d3a:	008006b7          	lui	a3,0x800
200a7d3e:	8ee9                	and	a3,a3,a0
200a7d40:	10069063          	bnez	a3,200a7e40 <__subdf3+0x52e>
200a7d44:	00a666b3          	or	a3,a2,a0
200a7d48:	872a                	mv	a4,a0
200a7d4a:	c6069ce3          	bnez	a3,200a79c2 <__subdf3+0xb0>
200a7d4e:	4581                	li	a1,0
200a7d50:	4781                	li	a5,0
200a7d52:	4881                	li	a7,0
200a7d54:	b9f5                	j	200a7a50 <__subdf3+0x13e>
200a7d56:	fe068513          	addi	a0,a3,-32 # 7fffe0 <_data_lma+0x7f511c>
200a7d5a:	02000613          	li	a2,32
200a7d5e:	00a8d533          	srl	a0,a7,a0
200a7d62:	00c68a63          	beq	a3,a2,200a7d76 <__subdf3+0x464>
200a7d66:	04000613          	li	a2,64
200a7d6a:	40d606b3          	sub	a3,a2,a3
200a7d6e:	00d896b3          	sll	a3,a7,a3
200a7d72:	00de6e33          	or	t3,t3,a3
200a7d76:	01c03633          	snez	a2,t3
200a7d7a:	8e49                	or	a2,a2,a0
200a7d7c:	b12d                	j	200a79a6 <__subdf3+0x94>
200a7d7e:	fff68513          	addi	a0,a3,-1
200a7d82:	18050e63          	beqz	a0,200a7f1e <__subdf3+0x60c>
200a7d86:	7ff00793          	li	a5,2047
200a7d8a:	20f68963          	beq	a3,a5,200a7f9c <__subdf3+0x68a>
200a7d8e:	03800793          	li	a5,56
200a7d92:	85c2                	mv	a1,a6
200a7d94:	14a7c263          	blt	a5,a0,200a7ed8 <__subdf3+0x5c6>
200a7d98:	47fd                	li	a5,31
200a7d9a:	14a7cf63          	blt	a5,a0,200a7ef8 <__subdf3+0x5e6>
200a7d9e:	02000793          	li	a5,32
200a7da2:	8f89                	sub	a5,a5,a0
200a7da4:	00f71633          	sll	a2,a4,a5
200a7da8:	00af56b3          	srl	a3,t5,a0
200a7dac:	00ff17b3          	sll	a5,t5,a5
200a7db0:	8e55                	or	a2,a2,a3
200a7db2:	00f037b3          	snez	a5,a5
200a7db6:	00a75533          	srl	a0,a4,a0
200a7dba:	8e5d                	or	a2,a2,a5
200a7dbc:	40a888b3          	sub	a7,a7,a0
200a7dc0:	40ce0633          	sub	a2,t3,a2
200a7dc4:	00ce3e33          	sltu	t3,t3,a2
200a7dc8:	41c88733          	sub	a4,a7,t3
200a7dcc:	879a                	mv	a5,t1
200a7dce:	b6d5                	j	200a79b2 <__subdf3+0xa0>
200a7dd0:	060e                	slli	a2,a2,0x3
200a7dd2:	01d89793          	slli	a5,a7,0x1d
200a7dd6:	820d                	srli	a2,a2,0x3
200a7dd8:	00f666b3          	or	a3,a2,a5
200a7ddc:	0038d893          	srli	a7,a7,0x3
200a7de0:	bb25                	j	200a7b18 <__subdf3+0x206>
200a7de2:	02000613          	li	a2,32
200a7de6:	8e15                	sub	a2,a2,a3
200a7de8:	00c89533          	sll	a0,a7,a2
200a7dec:	00de5833          	srl	a6,t3,a3
200a7df0:	00ce1633          	sll	a2,t3,a2
200a7df4:	01056533          	or	a0,a0,a6
200a7df8:	00c03633          	snez	a2,a2
200a7dfc:	00d8d6b3          	srl	a3,a7,a3
200a7e00:	8d51                	or	a0,a0,a2
200a7e02:	9736                	add	a4,a4,a3
200a7e04:	b945                	j	200a7ab4 <__subdf3+0x1a2>
200a7e06:	49769893          	bclri	a7,a3,0x17
200a7e0a:	8f89                	sub	a5,a5,a0
200a7e0c:	06f6                	slli	a3,a3,0x1d
200a7e0e:	0038d893          	srli	a7,a7,0x3
200a7e12:	bd71                	j	200a7cae <__subdf3+0x39c>
200a7e14:	7ff00793          	li	a5,2047
200a7e18:	dcf801e3          	beq	a6,a5,200a7bda <__subdf3+0x2c8>
200a7e1c:	01cf06b3          	add	a3,t5,t3
200a7e20:	01e6b633          	sltu	a2,a3,t5
200a7e24:	011707b3          	add	a5,a4,a7
200a7e28:	97b2                	add	a5,a5,a2
200a7e2a:	8285                	srli	a3,a3,0x1
200a7e2c:	01f79613          	slli	a2,a5,0x1f
200a7e30:	8e55                	or	a2,a2,a3
200a7e32:	8a9d                	andi	a3,a3,7
200a7e34:	0017d713          	srli	a4,a5,0x1
200a7e38:	87c2                	mv	a5,a6
200a7e3a:	bc069be3          	bnez	a3,200a7a10 <__subdf3+0xfe>
200a7e3e:	b5e5                	j	200a7d26 <__subdf3+0x414>
200a7e40:	41ee0633          	sub	a2,t3,t5
200a7e44:	40e888b3          	sub	a7,a7,a4
200a7e48:	00ce3e33          	sltu	t3,t3,a2
200a7e4c:	41c88733          	sub	a4,a7,t3
200a7e50:	85c2                	mv	a1,a6
200a7e52:	be85                	j	200a79c2 <__subdf3+0xb0>
200a7e54:	10031863          	bnez	t1,200a7f64 <__subdf3+0x652>
200a7e58:	18069e63          	bnez	a3,200a7ff4 <__subdf3+0x6e2>
200a7e5c:	4581                	li	a1,0
200a7e5e:	7ff00793          	li	a5,2047
200a7e62:	000808b7          	lui	a7,0x80
200a7e66:	b6ed                	j	200a7a50 <__subdf3+0x13e>
200a7e68:	9e7a                	add	t3,t3,t5
200a7e6a:	98ba                	add	a7,a7,a4
200a7e6c:	01ee3f33          	sltu	t5,t3,t5
200a7e70:	01e88733          	add	a4,a7,t5
200a7e74:	008007b7          	lui	a5,0x800
200a7e78:	8ff9                	and	a5,a5,a4
200a7e7a:	8672                	mv	a2,t3
200a7e7c:	d6078ce3          	beqz	a5,200a7bf4 <__subdf3+0x2e2>
200a7e80:	4789                	li	a5,2
200a7e82:	b981                	j	200a7ad2 <__subdf3+0x1c0>
200a7e84:	050e                	slli	a0,a0,0x3
200a7e86:	00355693          	srli	a3,a0,0x3
200a7e8a:	01d71793          	slli	a5,a4,0x1d
200a7e8e:	8edd                	or	a3,a3,a5
200a7e90:	00375893          	srli	a7,a4,0x3
200a7e94:	b151                	j	200a7b18 <__subdf3+0x206>
200a7e96:	41cf0e33          	sub	t3,t5,t3
200a7e9a:	411708b3          	sub	a7,a4,a7
200a7e9e:	01cf3f33          	sltu	t5,t5,t3
200a7ea2:	8672                	mv	a2,t3
200a7ea4:	41e88733          	sub	a4,a7,t5
200a7ea8:	4785                	li	a5,1
200a7eaa:	b621                	j	200a79b2 <__subdf3+0xa0>
200a7eac:	050e                	slli	a0,a0,0x3
200a7eae:	01d71693          	slli	a3,a4,0x1d
200a7eb2:	810d                	srli	a0,a0,0x3
200a7eb4:	8ec9                	or	a3,a3,a0
200a7eb6:	00375893          	srli	a7,a4,0x3
200a7eba:	b9b9                	j	200a7b18 <__subdf3+0x206>
200a7ebc:	d40682e3          	beqz	a3,200a7c00 <__subdf3+0x2ee>
200a7ec0:	40f30533          	sub	a0,t1,a5
200a7ec4:	86aa                	mv	a3,a0
200a7ec6:	e00784e3          	beqz	a5,200a7cce <__subdf3+0x3bc>
200a7eca:	03800793          	li	a5,56
200a7ece:	85c2                	mv	a1,a6
200a7ed0:	29771713          	bseti	a4,a4,0x17
200a7ed4:	eca7d2e3          	bge	a5,a0,200a7d98 <__subdf3+0x486>
200a7ed8:	4605                	li	a2,1
200a7eda:	b5dd                	j	200a7dc0 <__subdf3+0x4ae>
200a7edc:	ceed                	beqz	a3,200a7fd6 <__subdf3+0x6c4>
200a7ede:	01c8ee33          	or	t3,a7,t3
200a7ee2:	c20e1ee3          	bnez	t3,200a7b1e <__subdf3+0x20c>
200a7ee6:	050e                	slli	a0,a0,0x3
200a7ee8:	810d                	srli	a0,a0,0x3
200a7eea:	01d71793          	slli	a5,a4,0x1d
200a7eee:	00f566b3          	or	a3,a0,a5
200a7ef2:	00375893          	srli	a7,a4,0x3
200a7ef6:	b10d                	j	200a7b18 <__subdf3+0x206>
200a7ef8:	fe050793          	addi	a5,a0,-32
200a7efc:	02000693          	li	a3,32
200a7f00:	00f757b3          	srl	a5,a4,a5
200a7f04:	00d50963          	beq	a0,a3,200a7f16 <__subdf3+0x604>
200a7f08:	04000693          	li	a3,64
200a7f0c:	8e89                	sub	a3,a3,a0
200a7f0e:	00d71733          	sll	a4,a4,a3
200a7f12:	00ef6f33          	or	t5,t5,a4
200a7f16:	01e03633          	snez	a2,t5
200a7f1a:	8e5d                	or	a2,a2,a5
200a7f1c:	b555                	j	200a7dc0 <__subdf3+0x4ae>
200a7f1e:	41ee0633          	sub	a2,t3,t5
200a7f22:	40e888b3          	sub	a7,a7,a4
200a7f26:	00ce3e33          	sltu	t3,t3,a2
200a7f2a:	41c88733          	sub	a4,a7,t3
200a7f2e:	85c2                	mv	a1,a6
200a7f30:	4785                	li	a5,1
200a7f32:	b441                	j	200a79b2 <__subdf3+0xa0>
200a7f34:	e0068de3          	beqz	a3,200a7d4e <__subdf3+0x43c>
200a7f38:	060e                	slli	a2,a2,0x3
200a7f3a:	01d89693          	slli	a3,a7,0x1d
200a7f3e:	00365713          	srli	a4,a2,0x3
200a7f42:	8ed9                	or	a3,a3,a4
200a7f44:	0038d893          	srli	a7,a7,0x3
200a7f48:	85c2                	mv	a1,a6
200a7f4a:	b395                	j	200a7cae <__subdf3+0x39c>
200a7f4c:	050e                	slli	a0,a0,0x3
200a7f4e:	01d71693          	slli	a3,a4,0x1d
200a7f52:	00355613          	srli	a2,a0,0x3
200a7f56:	8ed1                	or	a3,a3,a2
200a7f58:	00375893          	srli	a7,a4,0x3
200a7f5c:	bb89                	j	200a7cae <__subdf3+0x39c>
200a7f5e:	8746                	mv	a4,a7
200a7f60:	8f72                	mv	t5,t3
200a7f62:	bba5                	j	200a7cda <__subdf3+0x3c8>
200a7f64:	ba069de3          	bnez	a3,200a7b1e <__subdf3+0x20c>
200a7f68:	050e                	slli	a0,a0,0x3
200a7f6a:	01d71693          	slli	a3,a4,0x1d
200a7f6e:	00355793          	srli	a5,a0,0x3
200a7f72:	8edd                	or	a3,a3,a5
200a7f74:	00375893          	srli	a7,a4,0x3
200a7f78:	b645                	j	200a7b18 <__subdf3+0x206>
200a7f7a:	060e                	slli	a2,a2,0x3
200a7f7c:	01d89713          	slli	a4,a7,0x1d
200a7f80:	820d                	srli	a2,a2,0x3
200a7f82:	00e666b3          	or	a3,a2,a4
200a7f86:	0038d893          	srli	a7,a7,0x3
200a7f8a:	b315                	j	200a7cae <__subdf3+0x39c>
200a7f8c:	050e                	slli	a0,a0,0x3
200a7f8e:	810d                	srli	a0,a0,0x3
200a7f90:	01d71693          	slli	a3,a4,0x1d
200a7f94:	8ec9                	or	a3,a3,a0
200a7f96:	00375893          	srli	a7,a4,0x3
200a7f9a:	bb11                	j	200a7cae <__subdf3+0x39c>
200a7f9c:	060e                	slli	a2,a2,0x3
200a7f9e:	01d89693          	slli	a3,a7,0x1d
200a7fa2:	00365793          	srli	a5,a2,0x3
200a7fa6:	8edd                	or	a3,a3,a5
200a7fa8:	0038d893          	srli	a7,a7,0x3
200a7fac:	85c2                	mv	a1,a6
200a7fae:	b6ad                	j	200a7b18 <__subdf3+0x206>
200a7fb0:	fe050693          	addi	a3,a0,-32
200a7fb4:	02000793          	li	a5,32
200a7fb8:	00d756b3          	srl	a3,a4,a3
200a7fbc:	00f50963          	beq	a0,a5,200a7fce <__subdf3+0x6bc>
200a7fc0:	04000793          	li	a5,64
200a7fc4:	8f89                	sub	a5,a5,a0
200a7fc6:	00f717b3          	sll	a5,a4,a5
200a7fca:	00ff6f33          	or	t5,t5,a5
200a7fce:	01e037b3          	snez	a5,t5
200a7fd2:	8fd5                	or	a5,a5,a3
200a7fd4:	b6cd                	j	200a7bb6 <__subdf3+0x2a4>
200a7fd6:	060e                	slli	a2,a2,0x3
200a7fd8:	01d89693          	slli	a3,a7,0x1d
200a7fdc:	00365793          	srli	a5,a2,0x3
200a7fe0:	8edd                	or	a3,a3,a5
200a7fe2:	0038d893          	srli	a7,a7,0x3
200a7fe6:	be0d                	j	200a7b18 <__subdf3+0x206>
200a7fe8:	00a666b3          	or	a3,a2,a0
200a7fec:	872a                	mv	a4,a0
200a7fee:	d2069ce3          	bnez	a3,200a7d26 <__subdf3+0x414>
200a7ff2:	bbb1                	j	200a7d4e <__subdf3+0x43c>
200a7ff4:	060e                	slli	a2,a2,0x3
200a7ff6:	01d89693          	slli	a3,a7,0x1d
200a7ffa:	820d                	srli	a2,a2,0x3
200a7ffc:	8ed1                	or	a3,a3,a2
200a7ffe:	0038d893          	srli	a7,a7,0x3
200a8002:	85c2                	mv	a1,a6
200a8004:	be11                	j	200a7b18 <__subdf3+0x206>
200a8006:	02000813          	li	a6,32
200a800a:	40a80833          	sub	a6,a6,a0
200a800e:	4781                	li	a5,0
200a8010:	b2ed                	j	200a79fa <__subdf3+0xe8>
200a8012:	cc068ce3          	beqz	a3,200a7cea <__subdf3+0x3d8>
200a8016:	40f30533          	sub	a0,t1,a5
200a801a:	e399                	bnez	a5,200a8020 <__subdf3+0x70e>
200a801c:	86aa                	mv	a3,a0
200a801e:	be81                	j	200a7b6e <__subdf3+0x25c>
200a8020:	03800693          	li	a3,56
200a8024:	4785                	li	a5,1
200a8026:	29771713          	bseti	a4,a4,0x17
200a802a:	b6a6d3e3          	bge	a3,a0,200a7b90 <__subdf3+0x27e>
200a802e:	b661                	j	200a7bb6 <__subdf3+0x2a4>

200a8030 <__fixunsdfsi>:
200a8030:	0145d793          	srli	a5,a1,0x14
200a8034:	00c59713          	slli	a4,a1,0xc
200a8038:	7ff7f793          	andi	a5,a5,2047
200a803c:	3fe00613          	li	a2,1022
200a8040:	86aa                	mv	a3,a0
200a8042:	8331                	srli	a4,a4,0xc
200a8044:	81fd                	srli	a1,a1,0x1f
200a8046:	4501                	li	a0,0
200a8048:	00f65363          	bge	a2,a5,200a804e <__fixunsdfsi+0x1e>
200a804c:	c191                	beqz	a1,200a8050 <__fixunsdfsi+0x20>
200a804e:	8082                	ret
200a8050:	41e00613          	li	a2,1054
200a8054:	557d                	li	a0,-1
200a8056:	fef64ce3          	blt	a2,a5,200a804e <__fixunsdfsi+0x1e>
200a805a:	43300613          	li	a2,1075
200a805e:	8e1d                	sub	a2,a2,a5
200a8060:	45fd                	li	a1,31
200a8062:	29471713          	bseti	a4,a4,0x14
200a8066:	00c5ca63          	blt	a1,a2,200a807a <__fixunsdfsi+0x4a>
200a806a:	bed78793          	addi	a5,a5,-1043 # 7ffbed <_data_lma+0x7f4d29>
200a806e:	00f71733          	sll	a4,a4,a5
200a8072:	00c6d533          	srl	a0,a3,a2
200a8076:	8d59                	or	a0,a0,a4
200a8078:	8082                	ret
200a807a:	41300513          	li	a0,1043
200a807e:	8d1d                	sub	a0,a0,a5
200a8080:	00a75533          	srl	a0,a4,a0
200a8084:	8082                	ret

200a8086 <__floatsidf>:
200a8086:	c121                	beqz	a0,200a80c6 <__floatsidf+0x40>
200a8088:	40a00733          	neg	a4,a0
200a808c:	41e00793          	li	a5,1054
200a8090:	0ae56733          	max	a4,a0,a4
200a8094:	46a9                	li	a3,10
200a8096:	60071613          	clz	a2,a4
200a809a:	8f91                	sub	a5,a5,a2
200a809c:	817d                	srli	a0,a0,0x1f
200a809e:	7ff7f793          	andi	a5,a5,2047
200a80a2:	02c6cd63          	blt	a3,a2,200a80dc <__floatsidf+0x56>
200a80a6:	46ad                	li	a3,11
200a80a8:	8e91                	sub	a3,a3,a2
200a80aa:	00d756b3          	srl	a3,a4,a3
200a80ae:	06b2                	slli	a3,a3,0xc
200a80b0:	82b1                	srli	a3,a3,0xc
200a80b2:	07d2                	slli	a5,a5,0x14
200a80b4:	0655                	addi	a2,a2,21
200a80b6:	8fd5                	or	a5,a5,a3
200a80b8:	057e                	slli	a0,a0,0x1f
200a80ba:	8fc9                	or	a5,a5,a0
200a80bc:	00c71733          	sll	a4,a4,a2
200a80c0:	853a                	mv	a0,a4
200a80c2:	85be                	mv	a1,a5
200a80c4:	8082                	ret
200a80c6:	4781                	li	a5,0
200a80c8:	4681                	li	a3,0
200a80ca:	4501                	li	a0,0
200a80cc:	07d2                	slli	a5,a5,0x14
200a80ce:	8fd5                	or	a5,a5,a3
200a80d0:	057e                	slli	a0,a0,0x1f
200a80d2:	8fc9                	or	a5,a5,a0
200a80d4:	4701                	li	a4,0
200a80d6:	853a                	mv	a0,a4
200a80d8:	85be                	mv	a1,a5
200a80da:	8082                	ret
200a80dc:	1655                	addi	a2,a2,-11
200a80de:	00c716b3          	sll	a3,a4,a2
200a80e2:	06b2                	slli	a3,a3,0xc
200a80e4:	82b1                	srli	a3,a3,0xc
200a80e6:	07d2                	slli	a5,a5,0x14
200a80e8:	8fd5                	or	a5,a5,a3
200a80ea:	057e                	slli	a0,a0,0x1f
200a80ec:	8fc9                	or	a5,a5,a0
200a80ee:	4701                	li	a4,0
200a80f0:	853a                	mv	a0,a4
200a80f2:	85be                	mv	a1,a5
200a80f4:	8082                	ret

200a80f6 <__floatunsidf>:
200a80f6:	c90d                	beqz	a0,200a8128 <__floatunsidf+0x32>
200a80f8:	41e00793          	li	a5,1054
200a80fc:	60051713          	clz	a4,a0
200a8100:	46a9                	li	a3,10
200a8102:	8f99                	sub	a5,a5,a4
200a8104:	7ff7f793          	andi	a5,a5,2047
200a8108:	02e6c663          	blt	a3,a4,200a8134 <__floatunsidf+0x3e>
200a810c:	46ad                	li	a3,11
200a810e:	8e99                	sub	a3,a3,a4
200a8110:	00d556b3          	srl	a3,a0,a3
200a8114:	0755                	addi	a4,a4,21
200a8116:	06b2                	slli	a3,a3,0xc
200a8118:	00e51533          	sll	a0,a0,a4
200a811c:	07d2                	slli	a5,a5,0x14
200a811e:	00c6d713          	srli	a4,a3,0xc
200a8122:	8fd9                	or	a5,a5,a4
200a8124:	85be                	mv	a1,a5
200a8126:	8082                	ret
200a8128:	4781                	li	a5,0
200a812a:	4701                	li	a4,0
200a812c:	07d2                	slli	a5,a5,0x14
200a812e:	8fd9                	or	a5,a5,a4
200a8130:	85be                	mv	a1,a5
200a8132:	8082                	ret
200a8134:	1755                	addi	a4,a4,-11
200a8136:	00e51733          	sll	a4,a0,a4
200a813a:	0732                	slli	a4,a4,0xc
200a813c:	8331                	srli	a4,a4,0xc
200a813e:	07d2                	slli	a5,a5,0x14
200a8140:	8fd9                	or	a5,a5,a4
200a8142:	4501                	li	a0,0
200a8144:	85be                	mv	a1,a5
200a8146:	8082                	ret

200a8148 <__addsf3>:
200a8148:	00800737          	lui	a4,0x800
200a814c:	177d                	addi	a4,a4,-1 # 7fffff <_data_lma+0x7f513b>
200a814e:	01755693          	srli	a3,a0,0x17
200a8152:	0175d613          	srli	a2,a1,0x17
200a8156:	00a777b3          	and	a5,a4,a0
200a815a:	0ff6f313          	zext.b	t1,a3
200a815e:	8f6d                	and	a4,a4,a1
200a8160:	01f55813          	srli	a6,a0,0x1f
200a8164:	0ff67613          	zext.b	a2,a2
200a8168:	81fd                	srli	a1,a1,0x1f
200a816a:	88c2                	mv	a7,a6
200a816c:	078e                	slli	a5,a5,0x3
200a816e:	070e                	slli	a4,a4,0x3
200a8170:	40c306b3          	sub	a3,t1,a2
200a8174:	04b80163          	beq	a6,a1,200a81b6 <__addsf3+0x6e>
200a8178:	00d05f63          	blez	a3,200a8196 <__addsf3+0x4e>
200a817c:	ee21                	bnez	a2,200a81d4 <__addsf3+0x8c>
200a817e:	10070a63          	beqz	a4,200a8292 <__addsf3+0x14a>
200a8182:	fff68613          	addi	a2,a3,-1
200a8186:	2a060c63          	beqz	a2,200a843e <__addsf3+0x2f6>
200a818a:	0ff00593          	li	a1,255
200a818e:	16b68d63          	beq	a3,a1,200a8308 <__addsf3+0x1c0>
200a8192:	86b2                	mv	a3,a2
200a8194:	a0b1                	j	200a81e0 <__addsf3+0x98>
200a8196:	cad5                	beqz	a3,200a824a <__addsf3+0x102>
200a8198:	406606b3          	sub	a3,a2,t1
200a819c:	1c031c63          	bnez	t1,200a8374 <__addsf3+0x22c>
200a81a0:	c7fd                	beqz	a5,200a828e <__addsf3+0x146>
200a81a2:	fff68513          	addi	a0,a3,-1
200a81a6:	2c050763          	beqz	a0,200a8474 <__addsf3+0x32c>
200a81aa:	0ff00813          	li	a6,255
200a81ae:	15068b63          	beq	a3,a6,200a8304 <__addsf3+0x1bc>
200a81b2:	86aa                	mv	a3,a0
200a81b4:	a2f1                	j	200a8380 <__addsf3+0x238>
200a81b6:	14d05b63          	blez	a3,200a830c <__addsf3+0x1c4>
200a81ba:	ce5d                	beqz	a2,200a8278 <__addsf3+0x130>
200a81bc:	0ff00613          	li	a2,255
200a81c0:	14c30463          	beq	t1,a2,200a8308 <__addsf3+0x1c0>
200a81c4:	29a71713          	bseti	a4,a4,0x1a
200a81c8:	466d                	li	a2,27
200a81ca:	1ed65a63          	bge	a2,a3,200a83be <__addsf3+0x276>
200a81ce:	0785                	addi	a5,a5,1
200a81d0:	869a                	mv	a3,t1
200a81d2:	a081                	j	200a8212 <__addsf3+0xca>
200a81d4:	0ff00613          	li	a2,255
200a81d8:	12c30863          	beq	t1,a2,200a8308 <__addsf3+0x1c0>
200a81dc:	29a71713          	bseti	a4,a4,0x1a
200a81e0:	45ed                	li	a1,27
200a81e2:	4605                	li	a2,1
200a81e4:	00d5cd63          	blt	a1,a3,200a81fe <__addsf3+0xb6>
200a81e8:	02000613          	li	a2,32
200a81ec:	8e15                	sub	a2,a2,a3
200a81ee:	00c71633          	sll	a2,a4,a2
200a81f2:	00d756b3          	srl	a3,a4,a3
200a81f6:	00c03733          	snez	a4,a2
200a81fa:	00e6e633          	or	a2,a3,a4
200a81fe:	8f91                	sub	a5,a5,a2
200a8200:	04000737          	lui	a4,0x4000
200a8204:	00e7f6b3          	and	a3,a5,a4
200a8208:	eedd                	bnez	a3,200a82c6 <__addsf3+0x17e>
200a820a:	0077f713          	andi	a4,a5,7
200a820e:	869a                	mv	a3,t1
200a8210:	c349                	beqz	a4,200a8292 <__addsf3+0x14a>
200a8212:	00f7f713          	andi	a4,a5,15
200a8216:	4611                	li	a2,4
200a8218:	00c70363          	beq	a4,a2,200a821e <__addsf3+0xd6>
200a821c:	0791                	addi	a5,a5,4
200a821e:	04000737          	lui	a4,0x4000
200a8222:	8f7d                	and	a4,a4,a5
200a8224:	c73d                	beqz	a4,200a8292 <__addsf3+0x14a>
200a8226:	00168513          	addi	a0,a3,1
200a822a:	0ff00713          	li	a4,255
200a822e:	88c2                	mv	a7,a6
200a8230:	08e50263          	beq	a0,a4,200a82b4 <__addsf3+0x16c>
200a8234:	00679713          	slli	a4,a5,0x6
200a8238:	0ff57513          	zext.b	a0,a0
200a823c:	8325                	srli	a4,a4,0x9
200a823e:	055e                	slli	a0,a0,0x17
200a8240:	8d59                	or	a0,a0,a4
200a8242:	01f89793          	slli	a5,a7,0x1f
200a8246:	8d5d                	or	a0,a0,a5
200a8248:	8082                	ret
200a824a:	00130613          	addi	a2,t1,1
200a824e:	0fe67613          	andi	a2,a2,254
200a8252:	14061b63          	bnez	a2,200a83a8 <__addsf3+0x260>
200a8256:	0a031463          	bnez	t1,200a82fe <__addsf3+0x1b6>
200a825a:	20078963          	beqz	a5,200a846c <__addsf3+0x324>
200a825e:	10070263          	beqz	a4,200a8362 <__addsf3+0x21a>
200a8262:	40e78533          	sub	a0,a5,a4
200a8266:	04000637          	lui	a2,0x4000
200a826a:	8e69                	and	a2,a2,a0
200a826c:	22060663          	beqz	a2,200a8498 <__addsf3+0x350>
200a8270:	40f707b3          	sub	a5,a4,a5
200a8274:	882e                	mv	a6,a1
200a8276:	a041                	j	200a82f6 <__addsf3+0x1ae>
200a8278:	cf09                	beqz	a4,200a8292 <__addsf3+0x14a>
200a827a:	fff68613          	addi	a2,a3,-1
200a827e:	1a060863          	beqz	a2,200a842e <__addsf3+0x2e6>
200a8282:	0ff00593          	li	a1,255
200a8286:	08b68163          	beq	a3,a1,200a8308 <__addsf3+0x1c0>
200a828a:	86b2                	mv	a3,a2
200a828c:	bf35                	j	200a81c8 <__addsf3+0x80>
200a828e:	882e                	mv	a6,a1
200a8290:	87ba                	mv	a5,a4
200a8292:	0ff00713          	li	a4,255
200a8296:	838d                	srli	a5,a5,0x3
200a8298:	0ce69763          	bne	a3,a4,200a8366 <__addsf3+0x21e>
200a829c:	c3dd                	beqz	a5,200a8342 <__addsf3+0x1fa>
200a829e:	0ff00513          	li	a0,255
200a82a2:	4881                	li	a7,0
200a82a4:	00400737          	lui	a4,0x400
200a82a8:	055e                	slli	a0,a0,0x17
200a82aa:	8d59                	or	a0,a0,a4
200a82ac:	01f89793          	slli	a5,a7,0x1f
200a82b0:	8d5d                	or	a0,a0,a5
200a82b2:	8082                	ret
200a82b4:	0ff00513          	li	a0,255
200a82b8:	4701                	li	a4,0
200a82ba:	055e                	slli	a0,a0,0x17
200a82bc:	8d59                	or	a0,a0,a4
200a82be:	01f89793          	slli	a5,a7,0x1f
200a82c2:	8d5d                	or	a0,a0,a5
200a82c4:	8082                	ret
200a82c6:	177d                	addi	a4,a4,-1 # 3fffff <_data_lma+0x3f513b>
200a82c8:	00e7f633          	and	a2,a5,a4
200a82cc:	60061793          	clz	a5,a2
200a82d0:	17ed                	addi	a5,a5,-5
200a82d2:	00f61633          	sll	a2,a2,a5
200a82d6:	0667c163          	blt	a5,t1,200a8338 <__addsf3+0x1f0>
200a82da:	406786b3          	sub	a3,a5,t1
200a82de:	0685                	addi	a3,a3,1
200a82e0:	02000793          	li	a5,32
200a82e4:	8f95                	sub	a5,a5,a3
200a82e6:	00f617b3          	sll	a5,a2,a5
200a82ea:	00f037b3          	snez	a5,a5
200a82ee:	00d65633          	srl	a2,a2,a3
200a82f2:	8fd1                	or	a5,a5,a2
200a82f4:	4681                	li	a3,0
200a82f6:	0077f713          	andi	a4,a5,7
200a82fa:	ff01                	bnez	a4,200a8212 <__addsf3+0xca>
200a82fc:	b70d                	j	200a821e <__addsf3+0xd6>
200a82fe:	14079563          	bnez	a5,200a8448 <__addsf3+0x300>
200a8302:	df51                	beqz	a4,200a829e <__addsf3+0x156>
200a8304:	882e                	mv	a6,a1
200a8306:	87ba                	mv	a5,a4
200a8308:	838d                	srli	a5,a5,0x3
200a830a:	bf49                	j	200a829c <__addsf3+0x154>
200a830c:	c2a1                	beqz	a3,200a834c <__addsf3+0x204>
200a830e:	406606b3          	sub	a3,a2,t1
200a8312:	0e031663          	bnez	t1,200a83fe <__addsf3+0x2b6>
200a8316:	dfad                	beqz	a5,200a8290 <__addsf3+0x148>
200a8318:	fff68593          	addi	a1,a3,-1
200a831c:	10058963          	beqz	a1,200a842e <__addsf3+0x2e6>
200a8320:	0ff00513          	li	a0,255
200a8324:	fea681e3          	beq	a3,a0,200a8306 <__addsf3+0x1be>
200a8328:	86ae                	mv	a3,a1
200a832a:	45ed                	li	a1,27
200a832c:	12d5d263          	bge	a1,a3,200a8450 <__addsf3+0x308>
200a8330:	00170793          	addi	a5,a4,1
200a8334:	86b2                	mv	a3,a2
200a8336:	bdf1                	j	200a8212 <__addsf3+0xca>
200a8338:	40f306b3          	sub	a3,t1,a5
200a833c:	49a61793          	bclri	a5,a2,0x1a
200a8340:	bf5d                	j	200a82f6 <__addsf3+0x1ae>
200a8342:	88c2                	mv	a7,a6
200a8344:	0ff00513          	li	a0,255
200a8348:	4701                	li	a4,0
200a834a:	bdd5                	j	200a823e <__addsf3+0xf6>
200a834c:	00130693          	addi	a3,t1,1
200a8350:	0fe6f613          	andi	a2,a3,254
200a8354:	ee45                	bnez	a2,200a840c <__addsf3+0x2c4>
200a8356:	0e031763          	bnez	t1,200a8444 <__addsf3+0x2fc>
200a835a:	12078263          	beqz	a5,200a847e <__addsf3+0x336>
200a835e:	12071263          	bnez	a4,200a8482 <__addsf3+0x33a>
200a8362:	838d                	srli	a5,a5,0x3
200a8364:	4681                	li	a3,0
200a8366:	07a6                	slli	a5,a5,0x9
200a8368:	0097d713          	srli	a4,a5,0x9
200a836c:	0ff6f513          	zext.b	a0,a3
200a8370:	88c2                	mv	a7,a6
200a8372:	b5f1                	j	200a823e <__addsf3+0xf6>
200a8374:	0ff00513          	li	a0,255
200a8378:	f8a606e3          	beq	a2,a0,200a8304 <__addsf3+0x1bc>
200a837c:	29a79793          	bseti	a5,a5,0x1a
200a8380:	486d                	li	a6,27
200a8382:	4505                	li	a0,1
200a8384:	00d84d63          	blt	a6,a3,200a839e <__addsf3+0x256>
200a8388:	02000513          	li	a0,32
200a838c:	8d15                	sub	a0,a0,a3
200a838e:	00a79533          	sll	a0,a5,a0
200a8392:	00d7d6b3          	srl	a3,a5,a3
200a8396:	00a037b3          	snez	a5,a0
200a839a:	00f6e533          	or	a0,a3,a5
200a839e:	40a707b3          	sub	a5,a4,a0
200a83a2:	8332                	mv	t1,a2
200a83a4:	882e                	mv	a6,a1
200a83a6:	bda9                	j	200a8200 <__addsf3+0xb8>
200a83a8:	40e78633          	sub	a2,a5,a4
200a83ac:	040006b7          	lui	a3,0x4000
200a83b0:	8ef1                	and	a3,a3,a2
200a83b2:	eab5                	bnez	a3,200a8426 <__addsf3+0x2de>
200a83b4:	fe01                	bnez	a2,200a82cc <__addsf3+0x184>
200a83b6:	4881                	li	a7,0
200a83b8:	4501                	li	a0,0
200a83ba:	4701                	li	a4,0
200a83bc:	b549                	j	200a823e <__addsf3+0xf6>
200a83be:	02000613          	li	a2,32
200a83c2:	8e15                	sub	a2,a2,a3
200a83c4:	00c71633          	sll	a2,a4,a2
200a83c8:	00d75733          	srl	a4,a4,a3
200a83cc:	00c036b3          	snez	a3,a2
200a83d0:	8f55                	or	a4,a4,a3
200a83d2:	97ba                	add	a5,a5,a4
200a83d4:	04000737          	lui	a4,0x4000
200a83d8:	8f7d                	and	a4,a4,a5
200a83da:	e20708e3          	beqz	a4,200a820a <__addsf3+0xc2>
200a83de:	00130693          	addi	a3,t1,1
200a83e2:	0ff00513          	li	a0,255
200a83e6:	4701                	li	a4,0
200a83e8:	e4a68be3          	beq	a3,a0,200a823e <__addsf3+0xf6>
200a83ec:	7e000637          	lui	a2,0x7e000
200a83f0:	0017d713          	srli	a4,a5,0x1
200a83f4:	167d                	addi	a2,a2,-1 # 7dffffff <__freertos_irq_stack_topV5+0x5defffff>
200a83f6:	8b85                	andi	a5,a5,1
200a83f8:	8f71                	and	a4,a4,a2
200a83fa:	8fd9                	or	a5,a5,a4
200a83fc:	bded                	j	200a82f6 <__addsf3+0x1ae>
200a83fe:	0ff00593          	li	a1,255
200a8402:	f0b602e3          	beq	a2,a1,200a8306 <__addsf3+0x1be>
200a8406:	29a79793          	bseti	a5,a5,0x1a
200a840a:	b705                	j	200a832a <__addsf3+0x1e2>
200a840c:	0ff00613          	li	a2,255
200a8410:	eac682e3          	beq	a3,a2,200a82b4 <__addsf3+0x16c>
200a8414:	973e                	add	a4,a4,a5
200a8416:	00175793          	srli	a5,a4,0x1
200a841a:	0077f613          	andi	a2,a5,7
200a841e:	de061ae3          	bnez	a2,200a8212 <__addsf3+0xca>
200a8422:	838d                	srli	a5,a5,0x3
200a8424:	b789                	j	200a8366 <__addsf3+0x21e>
200a8426:	40f70633          	sub	a2,a4,a5
200a842a:	882e                	mv	a6,a1
200a842c:	b545                	j	200a82cc <__addsf3+0x184>
200a842e:	97ba                	add	a5,a5,a4
200a8430:	04000737          	lui	a4,0x4000
200a8434:	8f7d                	and	a4,a4,a5
200a8436:	4689                	li	a3,2
200a8438:	4305                	li	t1,1
200a843a:	fb4d                	bnez	a4,200a83ec <__addsf3+0x2a4>
200a843c:	b3f9                	j	200a820a <__addsf3+0xc2>
200a843e:	8f99                	sub	a5,a5,a4
200a8440:	4305                	li	t1,1
200a8442:	bb7d                	j	200a8200 <__addsf3+0xb8>
200a8444:	ec0781e3          	beqz	a5,200a8306 <__addsf3+0x1be>
200a8448:	e4071be3          	bnez	a4,200a829e <__addsf3+0x156>
200a844c:	838d                	srli	a5,a5,0x3
200a844e:	b5b9                	j	200a829c <__addsf3+0x154>
200a8450:	02000593          	li	a1,32
200a8454:	8d95                	sub	a1,a1,a3
200a8456:	00b795b3          	sll	a1,a5,a1
200a845a:	00d7d6b3          	srl	a3,a5,a3
200a845e:	00b037b3          	snez	a5,a1
200a8462:	8edd                	or	a3,a3,a5
200a8464:	00e687b3          	add	a5,a3,a4
200a8468:	8332                	mv	t1,a2
200a846a:	b7ad                	j	200a83d4 <__addsf3+0x28c>
200a846c:	d729                	beqz	a4,200a83b6 <__addsf3+0x26e>
200a846e:	882e                	mv	a6,a1
200a8470:	87ba                	mv	a5,a4
200a8472:	bdc5                	j	200a8362 <__addsf3+0x21a>
200a8474:	40f707b3          	sub	a5,a4,a5
200a8478:	882e                	mv	a6,a1
200a847a:	4305                	li	t1,1
200a847c:	b351                	j	200a8200 <__addsf3+0xb8>
200a847e:	87ba                	mv	a5,a4
200a8480:	b5cd                	j	200a8362 <__addsf3+0x21a>
200a8482:	97ba                	add	a5,a5,a4
200a8484:	04000637          	lui	a2,0x4000
200a8488:	8e7d                	and	a2,a2,a5
200a848a:	4681                	li	a3,0
200a848c:	da59                	beqz	a2,200a8422 <__addsf3+0x2da>
200a848e:	49a79793          	bclri	a5,a5,0x1a
200a8492:	4685                	li	a3,1
200a8494:	838d                	srli	a5,a5,0x3
200a8496:	bdc1                	j	200a8366 <__addsf3+0x21e>
200a8498:	87aa                	mv	a5,a0
200a849a:	dd11                	beqz	a0,200a83b6 <__addsf3+0x26e>
200a849c:	838d                	srli	a5,a5,0x3
200a849e:	b5e1                	j	200a8366 <__addsf3+0x21e>

200a84a0 <__divsf3>:
200a84a0:	01755793          	srli	a5,a0,0x17
200a84a4:	00951893          	slli	a7,a0,0x9
200a84a8:	0ff7f793          	zext.b	a5,a5
200a84ac:	0098d893          	srli	a7,a7,0x9
200a84b0:	817d                	srli	a0,a0,0x1f
200a84b2:	cbf1                	beqz	a5,200a8586 <__divsf3+0xe6>
200a84b4:	0ff00713          	li	a4,255
200a84b8:	0ce78d63          	beq	a5,a4,200a8592 <__divsf3+0xf2>
200a84bc:	088e                	slli	a7,a7,0x3
200a84be:	f8178613          	addi	a2,a5,-127
200a84c2:	4701                	li	a4,0
200a84c4:	4e01                	li	t3,0
200a84c6:	29a89893          	bseti	a7,a7,0x1a
200a84ca:	0175d793          	srli	a5,a1,0x17
200a84ce:	00959693          	slli	a3,a1,0x9
200a84d2:	0ff7f793          	zext.b	a5,a5
200a84d6:	82a5                	srli	a3,a3,0x9
200a84d8:	81fd                	srli	a1,a1,0x1f
200a84da:	c7c9                	beqz	a5,200a8564 <__divsf3+0xc4>
200a84dc:	0ff00813          	li	a6,255
200a84e0:	0d078063          	beq	a5,a6,200a85a0 <__divsf3+0x100>
200a84e4:	068e                	slli	a3,a3,0x3
200a84e6:	f8178793          	addi	a5,a5,-127
200a84ea:	4e81                	li	t4,0
200a84ec:	29a69693          	bseti	a3,a3,0x1a
200a84f0:	433d                	li	t1,15
200a84f2:	00b54833          	xor	a6,a0,a1
200a84f6:	8e1d                	sub	a2,a2,a5
200a84f8:	1ae36663          	bltu	t1,a4,200a86a4 <__divsf3+0x204>
200a84fc:	00002317          	auipc	t1,0x2
200a8500:	5fc30313          	addi	t1,t1,1532 # 200aaaf8 <init_jk+0x4c>
200a8504:	20674733          	sh2add	a4,a4,t1
200a8508:	431c                	lw	a5,0(a4)
200a850a:	979a                	add	a5,a5,t1
200a850c:	8782                	jr	a5
200a850e:	0ff00793          	li	a5,255
200a8512:	4701                	li	a4,0
200a8514:	01779513          	slli	a0,a5,0x17
200a8518:	8d59                	or	a0,a0,a4
200a851a:	087e                	slli	a6,a6,0x1f
200a851c:	01056533          	or	a0,a0,a6
200a8520:	8082                	ret
200a8522:	478d                	li	a5,3
200a8524:	02fe0463          	beq	t3,a5,200a854c <__divsf3+0xac>
200a8528:	4785                	li	a5,1
200a852a:	0efe1b63          	bne	t3,a5,200a8620 <__divsf3+0x180>
200a852e:	882a                	mv	a6,a0
200a8530:	4781                	li	a5,0
200a8532:	4701                	li	a4,0
200a8534:	01779513          	slli	a0,a5,0x17
200a8538:	8d59                	or	a0,a0,a4
200a853a:	087e                	slli	a6,a6,0x1f
200a853c:	01056533          	or	a0,a0,a6
200a8540:	8082                	ret
200a8542:	478d                	li	a5,3
200a8544:	852e                	mv	a0,a1
200a8546:	88b6                	mv	a7,a3
200a8548:	0cfe9c63          	bne	t4,a5,200a8620 <__divsf3+0x180>
200a854c:	0ff00793          	li	a5,255
200a8550:	00400737          	lui	a4,0x400
200a8554:	01779513          	slli	a0,a5,0x17
200a8558:	4801                	li	a6,0
200a855a:	8d59                	or	a0,a0,a4
200a855c:	087e                	slli	a6,a6,0x1f
200a855e:	01056533          	or	a0,a0,a6
200a8562:	8082                	ret
200a8564:	eac1                	bnez	a3,200a85f4 <__divsf3+0x154>
200a8566:	00176713          	ori	a4,a4,1
200a856a:	47b5                	li	a5,13
200a856c:	00b54833          	xor	a6,a0,a1
200a8570:	f8e7efe3          	bltu	a5,a4,200a850e <__divsf3+0x6e>
200a8574:	00002697          	auipc	a3,0x2
200a8578:	5c468693          	addi	a3,a3,1476 # 200aab38 <init_jk+0x8c>
200a857c:	20d74733          	sh2add	a4,a4,a3
200a8580:	431c                	lw	a5,0(a4)
200a8582:	97b6                	add	a5,a5,a3
200a8584:	8782                	jr	a5
200a8586:	04089a63          	bnez	a7,200a85da <__divsf3+0x13a>
200a858a:	4711                	li	a4,4
200a858c:	4601                	li	a2,0
200a858e:	4e05                	li	t3,1
200a8590:	bf2d                	j	200a84ca <__divsf3+0x2a>
200a8592:	02089f63          	bnez	a7,200a85d0 <__divsf3+0x130>
200a8596:	4721                	li	a4,8
200a8598:	0ff00613          	li	a2,255
200a859c:	4e09                	li	t3,2
200a859e:	b735                	j	200a84ca <__divsf3+0x2a>
200a85a0:	e295                	bnez	a3,200a85c4 <__divsf3+0x124>
200a85a2:	00276713          	ori	a4,a4,2
200a85a6:	1775                	addi	a4,a4,-3 # 3ffffd <_data_lma+0x3f5139>
200a85a8:	46ad                	li	a3,11
200a85aa:	00b54833          	xor	a6,a0,a1
200a85ae:	f8e6e1e3          	bltu	a3,a4,200a8530 <__divsf3+0x90>
200a85b2:	00002697          	auipc	a3,0x2
200a85b6:	5be68693          	addi	a3,a3,1470 # 200aab70 <init_jk+0xc4>
200a85ba:	20d74733          	sh2add	a4,a4,a3
200a85be:	4318                	lw	a4,0(a4)
200a85c0:	9736                	add	a4,a4,a3
200a85c2:	8702                	jr	a4
200a85c4:	00376713          	ori	a4,a4,3
200a85c8:	0ff00793          	li	a5,255
200a85cc:	4e8d                	li	t4,3
200a85ce:	b70d                	j	200a84f0 <__divsf3+0x50>
200a85d0:	4731                	li	a4,12
200a85d2:	0ff00613          	li	a2,255
200a85d6:	4e0d                	li	t3,3
200a85d8:	bdcd                	j	200a84ca <__divsf3+0x2a>
200a85da:	60089713          	clz	a4,a7
200a85de:	ffb70793          	addi	a5,a4,-5
200a85e2:	00f898b3          	sll	a7,a7,a5
200a85e6:	f8a00793          	li	a5,-118
200a85ea:	40e78633          	sub	a2,a5,a4
200a85ee:	4e01                	li	t3,0
200a85f0:	4701                	li	a4,0
200a85f2:	bde1                	j	200a84ca <__divsf3+0x2a>
200a85f4:	60069813          	clz	a6,a3
200a85f8:	ffb80793          	addi	a5,a6,-5
200a85fc:	00f696b3          	sll	a3,a3,a5
200a8600:	f8a00793          	li	a5,-118
200a8604:	410787b3          	sub	a5,a5,a6
200a8608:	4e81                	li	t4,0
200a860a:	b5dd                	j	200a84f0 <__divsf3+0x50>
200a860c:	f0160613          	addi	a2,a2,-255 # 3ffff01 <_data_lma+0x3ff503d>
200a8610:	4789                	li	a5,2
200a8612:	f0fe18e3          	bne	t3,a5,200a8522 <__divsf3+0x82>
200a8616:	882a                	mv	a6,a0
200a8618:	0ff00793          	li	a5,255
200a861c:	4701                	li	a4,0
200a861e:	bddd                	j	200a8514 <__divsf3+0x74>
200a8620:	882a                	mv	a6,a0
200a8622:	07f60793          	addi	a5,a2,127
200a8626:	02f05e63          	blez	a5,200a8662 <__divsf3+0x1c2>
200a862a:	0078f713          	andi	a4,a7,7
200a862e:	c719                	beqz	a4,200a863c <__divsf3+0x19c>
200a8630:	00f8f713          	andi	a4,a7,15
200a8634:	4691                	li	a3,4
200a8636:	00d70363          	beq	a4,a3,200a863c <__divsf3+0x19c>
200a863a:	0891                	addi	a7,a7,4 # 80004 <_data_lma+0x75140>
200a863c:	08000737          	lui	a4,0x8000
200a8640:	00e8f733          	and	a4,a7,a4
200a8644:	c709                	beqz	a4,200a864e <__divsf3+0x1ae>
200a8646:	08060793          	addi	a5,a2,128
200a864a:	49b89893          	bclri	a7,a7,0x1b
200a864e:	0fe00713          	li	a4,254
200a8652:	eaf74ee3          	blt	a4,a5,200a850e <__divsf3+0x6e>
200a8656:	00689713          	slli	a4,a7,0x6
200a865a:	8325                	srli	a4,a4,0x9
200a865c:	0ff7f793          	zext.b	a5,a5
200a8660:	bd55                	j	200a8514 <__divsf3+0x74>
200a8662:	4685                	li	a3,1
200a8664:	c799                	beqz	a5,200a8672 <__divsf3+0x1d2>
200a8666:	8e9d                	sub	a3,a3,a5
200a8668:	45ed                	li	a1,27
200a866a:	4781                	li	a5,0
200a866c:	4701                	li	a4,0
200a866e:	ead5c3e3          	blt	a1,a3,200a8514 <__divsf3+0x74>
200a8672:	09e60713          	addi	a4,a2,158
200a8676:	00e89733          	sll	a4,a7,a4
200a867a:	00e03733          	snez	a4,a4
200a867e:	00d8d7b3          	srl	a5,a7,a3
200a8682:	8fd9                	or	a5,a5,a4
200a8684:	0077f713          	andi	a4,a5,7
200a8688:	c719                	beqz	a4,200a8696 <__divsf3+0x1f6>
200a868a:	00f7f713          	andi	a4,a5,15
200a868e:	4691                	li	a3,4
200a8690:	00d70363          	beq	a4,a3,200a8696 <__divsf3+0x1f6>
200a8694:	0791                	addi	a5,a5,4
200a8696:	04000737          	lui	a4,0x4000
200a869a:	8f7d                	and	a4,a4,a5
200a869c:	cb55                	beqz	a4,200a8750 <__divsf3+0x2b0>
200a869e:	4785                	li	a5,1
200a86a0:	4701                	li	a4,0
200a86a2:	bd8d                	j	200a8514 <__divsf3+0x74>
200a86a4:	6741                	lui	a4,0x10
200a86a6:	00569313          	slli	t1,a3,0x5
200a86aa:	177d                	addi	a4,a4,-1 # ffff <_data_lma+0x513b>
200a86ac:	01035593          	srli	a1,t1,0x10
200a86b0:	00e37733          	and	a4,t1,a4
200a86b4:	06d8f863          	bgeu	a7,a3,200a8724 <__divsf3+0x284>
200a86b8:	02b8d6b3          	divu	a3,a7,a1
200a86bc:	87c6                	mv	a5,a7
200a86be:	167d                	addi	a2,a2,-1
200a86c0:	4881                	li	a7,0
200a86c2:	02e68533          	mul	a0,a3,a4
200a86c6:	02b7f7b3          	remu	a5,a5,a1
200a86ca:	07c2                	slli	a5,a5,0x10
200a86cc:	0117e7b3          	or	a5,a5,a7
200a86d0:	00a7f863          	bgeu	a5,a0,200a86e0 <__divsf3+0x240>
200a86d4:	979a                	add	a5,a5,t1
200a86d6:	fff68893          	addi	a7,a3,-1
200a86da:	0667f663          	bgeu	a5,t1,200a8746 <__divsf3+0x2a6>
200a86de:	86c6                	mv	a3,a7
200a86e0:	8f89                	sub	a5,a5,a0
200a86e2:	02b7d533          	divu	a0,a5,a1
200a86e6:	02b7f7b3          	remu	a5,a5,a1
200a86ea:	02e50733          	mul	a4,a0,a4
200a86ee:	07c2                	slli	a5,a5,0x10
200a86f0:	02e7f263          	bgeu	a5,a4,200a8714 <__divsf3+0x274>
200a86f4:	006785b3          	add	a1,a5,t1
200a86f8:	00f5b8b3          	sltu	a7,a1,a5
200a86fc:	fff50e13          	addi	t3,a0,-1
200a8700:	87ae                	mv	a5,a1
200a8702:	00089863          	bnez	a7,200a8712 <__divsf3+0x272>
200a8706:	00e5f663          	bgeu	a1,a4,200a8712 <__divsf3+0x272>
200a870a:	1579                	addi	a0,a0,-2
200a870c:	006587b3          	add	a5,a1,t1
200a8710:	a011                	j	200a8714 <__divsf3+0x274>
200a8712:	8572                	mv	a0,t3
200a8714:	06c2                	slli	a3,a3,0x10
200a8716:	8f99                	sub	a5,a5,a4
200a8718:	8ec9                	or	a3,a3,a0
200a871a:	00f037b3          	snez	a5,a5
200a871e:	00f6e8b3          	or	a7,a3,a5
200a8722:	b701                	j	200a8622 <__divsf3+0x182>
200a8724:	0018d793          	srli	a5,a7,0x1
200a8728:	02b7d6b3          	divu	a3,a5,a1
200a872c:	08fe                	slli	a7,a7,0x1f
200a872e:	0108d893          	srli	a7,a7,0x10
200a8732:	02e68533          	mul	a0,a3,a4
200a8736:	bf41                	j	200a86c6 <__divsf3+0x226>
200a8738:	852e                	mv	a0,a1
200a873a:	882a                	mv	a6,a0
200a873c:	bbd5                	j	200a8530 <__divsf3+0x90>
200a873e:	4801                	li	a6,0
200a8740:	00400737          	lui	a4,0x400
200a8744:	bbc1                	j	200a8514 <__divsf3+0x74>
200a8746:	f8a7fce3          	bgeu	a5,a0,200a86de <__divsf3+0x23e>
200a874a:	16f9                	addi	a3,a3,-2
200a874c:	979a                	add	a5,a5,t1
200a874e:	bf49                	j	200a86e0 <__divsf3+0x240>
200a8750:	079a                	slli	a5,a5,0x6
200a8752:	0097d713          	srli	a4,a5,0x9
200a8756:	4781                	li	a5,0
200a8758:	bb75                	j	200a8514 <__divsf3+0x74>
200a875a:	852e                	mv	a0,a1
200a875c:	bd6d                	j	200a8616 <__divsf3+0x176>

200a875e <__eqsf2>:
200a875e:	01755693          	srli	a3,a0,0x17
200a8762:	00800737          	lui	a4,0x800
200a8766:	177d                	addi	a4,a4,-1 # 7fffff <_data_lma+0x7f513b>
200a8768:	0175d613          	srli	a2,a1,0x17
200a876c:	0ff6f693          	zext.b	a3,a3
200a8770:	0ff00813          	li	a6,255
200a8774:	00a778b3          	and	a7,a4,a0
200a8778:	01f55793          	srli	a5,a0,0x1f
200a877c:	8f6d                	and	a4,a4,a1
200a877e:	0ff67613          	zext.b	a2,a2
200a8782:	81fd                	srli	a1,a1,0x1f
200a8784:	4505                	li	a0,1
200a8786:	03068263          	beq	a3,a6,200a87aa <__eqsf2+0x4c>
200a878a:	01060763          	beq	a2,a6,200a8798 <__eqsf2+0x3a>
200a878e:	00c69463          	bne	a3,a2,200a8796 <__eqsf2+0x38>
200a8792:	00e88463          	beq	a7,a4,200a879a <__eqsf2+0x3c>
200a8796:	8082                	ret
200a8798:	8082                	ret
200a879a:	4501                	li	a0,0
200a879c:	feb78de3          	beq	a5,a1,200a8796 <__eqsf2+0x38>
200a87a0:	4505                	li	a0,1
200a87a2:	faf5                	bnez	a3,200a8796 <__eqsf2+0x38>
200a87a4:	01103533          	snez	a0,a7
200a87a8:	8082                	ret
200a87aa:	fed616e3          	bne	a2,a3,200a8796 <__eqsf2+0x38>
200a87ae:	00e8e8b3          	or	a7,a7,a4
200a87b2:	fe0892e3          	bnez	a7,200a8796 <__eqsf2+0x38>
200a87b6:	00b7c533          	xor	a0,a5,a1
200a87ba:	8082                	ret

200a87bc <__gesf2>:
200a87bc:	01755613          	srli	a2,a0,0x17
200a87c0:	00800737          	lui	a4,0x800
200a87c4:	177d                	addi	a4,a4,-1 # 7fffff <_data_lma+0x7f513b>
200a87c6:	0175d693          	srli	a3,a1,0x17
200a87ca:	0ff67613          	zext.b	a2,a2
200a87ce:	0ff00813          	li	a6,255
200a87d2:	00a778b3          	and	a7,a4,a0
200a87d6:	01f55793          	srli	a5,a0,0x1f
200a87da:	8f6d                	and	a4,a4,a1
200a87dc:	0ff6f513          	zext.b	a0,a3
200a87e0:	81fd                	srli	a1,a1,0x1f
200a87e2:	03060563          	beq	a2,a6,200a880c <__gesf2+0x50>
200a87e6:	01050a63          	beq	a0,a6,200a87fa <__gesf2+0x3e>
200a87ea:	ea05                	bnez	a2,200a881a <__gesf2+0x5e>
200a87ec:	e909                	bnez	a0,200a87fe <__gesf2+0x42>
200a87ee:	c339                	beqz	a4,200a8834 <__gesf2+0x78>
200a87f0:	04089e63          	bnez	a7,200a884c <__gesf2+0x90>
200a87f4:	c9a1                	beqz	a1,200a8844 <__gesf2+0x88>
200a87f6:	852e                	mv	a0,a1
200a87f8:	8082                	ret
200a87fa:	e739                	bnez	a4,200a8848 <__gesf2+0x8c>
200a87fc:	e219                	bnez	a2,200a8802 <__gesf2+0x46>
200a87fe:	fe088be3          	beqz	a7,200a87f4 <__gesf2+0x38>
200a8802:	00b79963          	bne	a5,a1,200a8814 <__gesf2+0x58>
200a8806:	cf9d                	beqz	a5,200a8844 <__gesf2+0x88>
200a8808:	853e                	mv	a0,a5
200a880a:	8082                	ret
200a880c:	02089e63          	bnez	a7,200a8848 <__gesf2+0x8c>
200a8810:	02c50563          	beq	a0,a2,200a883a <__gesf2+0x7e>
200a8814:	4505                	li	a0,1
200a8816:	e79d                	bnez	a5,200a8844 <__gesf2+0x88>
200a8818:	8082                	ret
200a881a:	dd6d                	beqz	a0,200a8814 <__gesf2+0x58>
200a881c:	feb79ce3          	bne	a5,a1,200a8814 <__gesf2+0x58>
200a8820:	fec54ae3          	blt	a0,a2,200a8814 <__gesf2+0x58>
200a8824:	fea641e3          	blt	a2,a0,200a8806 <__gesf2+0x4a>
200a8828:	ff1766e3          	bltu	a4,a7,200a8814 <__gesf2+0x58>
200a882c:	4501                	li	a0,0
200a882e:	fce8ece3          	bltu	a7,a4,200a8806 <__gesf2+0x4a>
200a8832:	8082                	ret
200a8834:	fe0890e3          	bnez	a7,200a8814 <__gesf2+0x58>
200a8838:	8082                	ret
200a883a:	e719                	bnez	a4,200a8848 <__gesf2+0x8c>
200a883c:	fcb79ce3          	bne	a5,a1,200a8814 <__gesf2+0x58>
200a8840:	4501                	li	a0,0
200a8842:	8082                	ret
200a8844:	557d                	li	a0,-1
200a8846:	8082                	ret
200a8848:	5579                	li	a0,-2
200a884a:	8082                	ret
200a884c:	fcb78ee3          	beq	a5,a1,200a8828 <__gesf2+0x6c>
200a8850:	b7d1                	j	200a8814 <__gesf2+0x58>

200a8852 <__lesf2>:
200a8852:	01755613          	srli	a2,a0,0x17
200a8856:	00800737          	lui	a4,0x800
200a885a:	177d                	addi	a4,a4,-1 # 7fffff <_data_lma+0x7f513b>
200a885c:	0175d693          	srli	a3,a1,0x17
200a8860:	0ff67613          	zext.b	a2,a2
200a8864:	0ff00813          	li	a6,255
200a8868:	00a778b3          	and	a7,a4,a0
200a886c:	01f55793          	srli	a5,a0,0x1f
200a8870:	8f6d                	and	a4,a4,a1
200a8872:	0ff6f513          	zext.b	a0,a3
200a8876:	81fd                	srli	a1,a1,0x1f
200a8878:	03060663          	beq	a2,a6,200a88a4 <__lesf2+0x52>
200a887c:	01050a63          	beq	a0,a6,200a8890 <__lesf2+0x3e>
200a8880:	ee05                	bnez	a2,200a88b8 <__lesf2+0x66>
200a8882:	e911                	bnez	a0,200a8896 <__lesf2+0x44>
200a8884:	cb29                	beqz	a4,200a88d6 <__lesf2+0x84>
200a8886:	04089f63          	bnez	a7,200a88e4 <__lesf2+0x92>
200a888a:	c9b9                	beqz	a1,200a88e0 <__lesf2+0x8e>
200a888c:	852e                	mv	a0,a1
200a888e:	8082                	ret
200a8890:	4509                	li	a0,2
200a8892:	eb01                	bnez	a4,200a88a2 <__lesf2+0x50>
200a8894:	e219                	bnez	a2,200a889a <__lesf2+0x48>
200a8896:	fe088ae3          	beqz	a7,200a888a <__lesf2+0x38>
200a889a:	02b78b63          	beq	a5,a1,200a88d0 <__lesf2+0x7e>
200a889e:	4505                	li	a0,1
200a88a0:	e3a1                	bnez	a5,200a88e0 <__lesf2+0x8e>
200a88a2:	8082                	ret
200a88a4:	02089c63          	bnez	a7,200a88dc <__lesf2+0x8a>
200a88a8:	fec51be3          	bne	a0,a2,200a889e <__lesf2+0x4c>
200a88ac:	4509                	li	a0,2
200a88ae:	fb75                	bnez	a4,200a88a2 <__lesf2+0x50>
200a88b0:	feb797e3          	bne	a5,a1,200a889e <__lesf2+0x4c>
200a88b4:	4501                	li	a0,0
200a88b6:	8082                	ret
200a88b8:	d17d                	beqz	a0,200a889e <__lesf2+0x4c>
200a88ba:	feb792e3          	bne	a5,a1,200a889e <__lesf2+0x4c>
200a88be:	fec540e3          	blt	a0,a2,200a889e <__lesf2+0x4c>
200a88c2:	00a64763          	blt	a2,a0,200a88d0 <__lesf2+0x7e>
200a88c6:	fd176ce3          	bltu	a4,a7,200a889e <__lesf2+0x4c>
200a88ca:	4501                	li	a0,0
200a88cc:	fce8fbe3          	bgeu	a7,a4,200a88a2 <__lesf2+0x50>
200a88d0:	cb81                	beqz	a5,200a88e0 <__lesf2+0x8e>
200a88d2:	853e                	mv	a0,a5
200a88d4:	8082                	ret
200a88d6:	fc0894e3          	bnez	a7,200a889e <__lesf2+0x4c>
200a88da:	8082                	ret
200a88dc:	4509                	li	a0,2
200a88de:	8082                	ret
200a88e0:	557d                	li	a0,-1
200a88e2:	8082                	ret
200a88e4:	feb781e3          	beq	a5,a1,200a88c6 <__lesf2+0x74>
200a88e8:	bf5d                	j	200a889e <__lesf2+0x4c>

200a88ea <__mulsf3>:
200a88ea:	01755793          	srli	a5,a0,0x17
200a88ee:	00951713          	slli	a4,a0,0x9
200a88f2:	0ff7f793          	zext.b	a5,a5
200a88f6:	00975893          	srli	a7,a4,0x9
200a88fa:	817d                	srli	a0,a0,0x1f
200a88fc:	10078563          	beqz	a5,200a8a06 <__mulsf3+0x11c>
200a8900:	0ff00713          	li	a4,255
200a8904:	10e78763          	beq	a5,a4,200a8a12 <__mulsf3+0x128>
200a8908:	088e                	slli	a7,a7,0x3
200a890a:	f8178693          	addi	a3,a5,-127
200a890e:	4701                	li	a4,0
200a8910:	4e81                	li	t4,0
200a8912:	29a89893          	bseti	a7,a7,0x1a
200a8916:	0175d793          	srli	a5,a1,0x17
200a891a:	00959813          	slli	a6,a1,0x9
200a891e:	0ff7f793          	zext.b	a5,a5
200a8922:	00985813          	srli	a6,a6,0x9
200a8926:	81fd                	srli	a1,a1,0x1f
200a8928:	c3f9                	beqz	a5,200a89ee <__mulsf3+0x104>
200a892a:	0ff00613          	li	a2,255
200a892e:	04c78863          	beq	a5,a2,200a897e <__mulsf3+0x94>
200a8932:	f8178793          	addi	a5,a5,-127
200a8936:	00d78e33          	add	t3,a5,a3
200a893a:	080e                	slli	a6,a6,0x3
200a893c:	47a9                	li	a5,10
200a893e:	4601                	li	a2,0
200a8940:	001e0693          	addi	a3,t3,1
200a8944:	29a81813          	bseti	a6,a6,0x1a
200a8948:	10e7c363          	blt	a5,a4,200a8a4e <__mulsf3+0x164>
200a894c:	00b54333          	xor	t1,a0,a1
200a8950:	4509                	li	a0,2
200a8952:	8f1a                	mv	t5,t1
200a8954:	04e54463          	blt	a0,a4,200a899c <__mulsf3+0xb2>
200a8958:	177d                	addi	a4,a4,-1
200a895a:	4585                	li	a1,1
200a895c:	12e5ee63          	bltu	a1,a4,200a8a98 <__mulsf3+0x1ae>
200a8960:	0ca60063          	beq	a2,a0,200a8a20 <__mulsf3+0x136>
200a8964:	4785                	li	a5,1
200a8966:	837a                	mv	t1,t5
200a8968:	04f61b63          	bne	a2,a5,200a89be <__mulsf3+0xd4>
200a896c:	4781                	li	a5,0
200a896e:	4601                	li	a2,0
200a8970:	01779513          	slli	a0,a5,0x17
200a8974:	8d51                	or	a0,a0,a2
200a8976:	01f31793          	slli	a5,t1,0x1f
200a897a:	8d5d                	or	a0,a0,a5
200a897c:	8082                	ret
200a897e:	0ff68e13          	addi	t3,a3,255
200a8982:	0a080a63          	beqz	a6,200a8a36 <__mulsf3+0x14c>
200a8986:	00b54333          	xor	t1,a0,a1
200a898a:	00376713          	ori	a4,a4,3
200a898e:	4629                	li	a2,10
200a8990:	8f1a                	mv	t5,t1
200a8992:	10068693          	addi	a3,a3,256
200a8996:	20e64463          	blt	a2,a4,200a8b9e <__mulsf3+0x2b4>
200a899a:	460d                	li	a2,3
200a899c:	28e01733          	bset	a4,zero,a4
200a89a0:	53077513          	andi	a0,a4,1328
200a89a4:	cd19                	beqz	a0,200a89c2 <__mulsf3+0xd8>
200a89a6:	4789                	li	a5,2
200a89a8:	06fe8c63          	beq	t4,a5,200a8a20 <__mulsf3+0x136>
200a89ac:	478d                	li	a5,3
200a89ae:	02fe8463          	beq	t4,a5,200a89d6 <__mulsf3+0xec>
200a89b2:	8676                	mv	a2,t4
200a89b4:	4785                	li	a5,1
200a89b6:	8846                	mv	a6,a7
200a89b8:	837a                	mv	t1,t5
200a89ba:	faf609e3          	beq	a2,a5,200a896c <__mulsf3+0x82>
200a89be:	8e36                	mv	t3,a3
200a89c0:	a2a9                	j	200a8b0a <__mulsf3+0x220>
200a89c2:	24077793          	andi	a5,a4,576
200a89c6:	eb81                	bnez	a5,200a89d6 <__mulsf3+0xec>
200a89c8:	08877713          	andi	a4,a4,136
200a89cc:	c771                	beqz	a4,200a8a98 <__mulsf3+0x1ae>
200a89ce:	8f2e                	mv	t5,a1
200a89d0:	88c2                	mv	a7,a6
200a89d2:	8eb2                	mv	t4,a2
200a89d4:	bfc9                	j	200a89a6 <__mulsf3+0xbc>
200a89d6:	0ff00793          	li	a5,255
200a89da:	4301                	li	t1,0
200a89dc:	00400637          	lui	a2,0x400
200a89e0:	01779513          	slli	a0,a5,0x17
200a89e4:	8d51                	or	a0,a0,a2
200a89e6:	01f31793          	slli	a5,t1,0x1f
200a89ea:	8d5d                	or	a0,a0,a5
200a89ec:	8082                	ret
200a89ee:	08081463          	bnez	a6,200a8a76 <__mulsf3+0x18c>
200a89f2:	8e36                	mv	t3,a3
200a89f4:	00176713          	ori	a4,a4,1
200a89f8:	47a9                	li	a5,10
200a89fa:	4605                	li	a2,1
200a89fc:	001e0693          	addi	a3,t3,1
200a8a00:	f4e7d6e3          	bge	a5,a4,200a894c <__mulsf3+0x62>
200a8a04:	a0a9                	j	200a8a4e <__mulsf3+0x164>
200a8a06:	04089b63          	bnez	a7,200a8a5c <__mulsf3+0x172>
200a8a0a:	4711                	li	a4,4
200a8a0c:	4681                	li	a3,0
200a8a0e:	4e85                	li	t4,1
200a8a10:	b719                	j	200a8916 <__mulsf3+0x2c>
200a8a12:	04089063          	bnez	a7,200a8a52 <__mulsf3+0x168>
200a8a16:	4721                	li	a4,8
200a8a18:	0ff00693          	li	a3,255
200a8a1c:	4e89                	li	t4,2
200a8a1e:	bde5                	j	200a8916 <__mulsf3+0x2c>
200a8a20:	0ff00793          	li	a5,255
200a8a24:	837a                	mv	t1,t5
200a8a26:	4601                	li	a2,0
200a8a28:	01779513          	slli	a0,a5,0x17
200a8a2c:	8d51                	or	a0,a0,a2
200a8a2e:	01f31793          	slli	a5,t1,0x1f
200a8a32:	8d5d                	or	a0,a0,a5
200a8a34:	8082                	ret
200a8a36:	00276713          	ori	a4,a4,2
200a8a3a:	47a9                	li	a5,10
200a8a3c:	10068693          	addi	a3,a3,256
200a8a40:	4339                	li	t1,14
200a8a42:	4609                	li	a2,2
200a8a44:	f0e7d4e3          	bge	a5,a4,200a894c <__mulsf3+0x62>
200a8a48:	47ad                	li	a5,11
200a8a4a:	f8f302e3          	beq	t1,a5,200a89ce <__mulsf3+0xe4>
200a8a4e:	8f2a                	mv	t5,a0
200a8a50:	bf99                	j	200a89a6 <__mulsf3+0xbc>
200a8a52:	4731                	li	a4,12
200a8a54:	0ff00693          	li	a3,255
200a8a58:	4e8d                	li	t4,3
200a8a5a:	bd75                	j	200a8916 <__mulsf3+0x2c>
200a8a5c:	60089713          	clz	a4,a7
200a8a60:	ffb70793          	addi	a5,a4,-5
200a8a64:	00f898b3          	sll	a7,a7,a5
200a8a68:	f8a00793          	li	a5,-118
200a8a6c:	40e786b3          	sub	a3,a5,a4
200a8a70:	4e81                	li	t4,0
200a8a72:	4701                	li	a4,0
200a8a74:	b54d                	j	200a8916 <__mulsf3+0x2c>
200a8a76:	60081793          	clz	a5,a6
200a8a7a:	ffb78613          	addi	a2,a5,-5
200a8a7e:	40f687b3          	sub	a5,a3,a5
200a8a82:	f8a78e13          	addi	t3,a5,-118
200a8a86:	47a9                	li	a5,10
200a8a88:	00c81833          	sll	a6,a6,a2
200a8a8c:	001e0693          	addi	a3,t3,1
200a8a90:	4601                	li	a2,0
200a8a92:	eae7dde3          	bge	a5,a4,200a894c <__mulsf3+0x62>
200a8a96:	bf65                	j	200a8a4e <__mulsf3+0x164>
200a8a98:	6ec1                	lui	t4,0x10
200a8a9a:	fffe8793          	addi	a5,t4,-1 # ffff <_data_lma+0x513b>
200a8a9e:	0108d593          	srli	a1,a7,0x10
200a8aa2:	01085513          	srli	a0,a6,0x10
200a8aa6:	00f8f8b3          	and	a7,a7,a5
200a8aaa:	00f877b3          	and	a5,a6,a5
200a8aae:	03178633          	mul	a2,a5,a7
200a8ab2:	02f587b3          	mul	a5,a1,a5
200a8ab6:	01065713          	srli	a4,a2,0x10
200a8aba:	031508b3          	mul	a7,a0,a7
200a8abe:	98be                	add	a7,a7,a5
200a8ac0:	9746                	add	a4,a4,a7
200a8ac2:	02a585b3          	mul	a1,a1,a0
200a8ac6:	00f77363          	bgeu	a4,a5,200a8acc <__mulsf3+0x1e2>
200a8aca:	95f6                	add	a1,a1,t4
200a8acc:	6541                	lui	a0,0x10
200a8ace:	157d                	addi	a0,a0,-1 # ffff <_data_lma+0x513b>
200a8ad0:	00a777b3          	and	a5,a4,a0
200a8ad4:	8e69                	and	a2,a2,a0
200a8ad6:	07c2                	slli	a5,a5,0x10
200a8ad8:	97b2                	add	a5,a5,a2
200a8ada:	00679613          	slli	a2,a5,0x6
200a8ade:	01075813          	srli	a6,a4,0x10
200a8ae2:	83e9                	srli	a5,a5,0x1a
200a8ae4:	00c03733          	snez	a4,a2
200a8ae8:	982e                	add	a6,a6,a1
200a8aea:	8fd9                	or	a5,a5,a4
200a8aec:	081a                	slli	a6,a6,0x6
200a8aee:	00f86833          	or	a6,a6,a5
200a8af2:	080007b7          	lui	a5,0x8000
200a8af6:	00f877b3          	and	a5,a6,a5
200a8afa:	cb81                	beqz	a5,200a8b0a <__mulsf3+0x220>
200a8afc:	00185793          	srli	a5,a6,0x1
200a8b00:	00187813          	andi	a6,a6,1
200a8b04:	0107e833          	or	a6,a5,a6
200a8b08:	8e36                	mv	t3,a3
200a8b0a:	07fe0793          	addi	a5,t3,127
200a8b0e:	02f05e63          	blez	a5,200a8b4a <__mulsf3+0x260>
200a8b12:	00787713          	andi	a4,a6,7
200a8b16:	c719                	beqz	a4,200a8b24 <__mulsf3+0x23a>
200a8b18:	00f87713          	andi	a4,a6,15
200a8b1c:	4691                	li	a3,4
200a8b1e:	00d70363          	beq	a4,a3,200a8b24 <__mulsf3+0x23a>
200a8b22:	0811                	addi	a6,a6,4
200a8b24:	08000737          	lui	a4,0x8000
200a8b28:	00e87733          	and	a4,a6,a4
200a8b2c:	c709                	beqz	a4,200a8b36 <__mulsf3+0x24c>
200a8b2e:	080e0793          	addi	a5,t3,128
200a8b32:	49b81813          	bclri	a6,a6,0x1b
200a8b36:	0fe00713          	li	a4,254
200a8b3a:	04f74963          	blt	a4,a5,200a8b8c <__mulsf3+0x2a2>
200a8b3e:	00681613          	slli	a2,a6,0x6
200a8b42:	8225                	srli	a2,a2,0x9
200a8b44:	0ff7f793          	zext.b	a5,a5
200a8b48:	b525                	j	200a8970 <__mulsf3+0x86>
200a8b4a:	4705                	li	a4,1
200a8b4c:	c799                	beqz	a5,200a8b5a <__mulsf3+0x270>
200a8b4e:	8f1d                	sub	a4,a4,a5
200a8b50:	46ed                	li	a3,27
200a8b52:	4781                	li	a5,0
200a8b54:	4601                	li	a2,0
200a8b56:	e0e6cde3          	blt	a3,a4,200a8970 <__mulsf3+0x86>
200a8b5a:	09ee0e13          	addi	t3,t3,158
200a8b5e:	01c81e33          	sll	t3,a6,t3
200a8b62:	00e857b3          	srl	a5,a6,a4
200a8b66:	01c03733          	snez	a4,t3
200a8b6a:	8fd9                	or	a5,a5,a4
200a8b6c:	0077f713          	andi	a4,a5,7
200a8b70:	c719                	beqz	a4,200a8b7e <__mulsf3+0x294>
200a8b72:	00f7f713          	andi	a4,a5,15
200a8b76:	4691                	li	a3,4
200a8b78:	00d70363          	beq	a4,a3,200a8b7e <__mulsf3+0x294>
200a8b7c:	0791                	addi	a5,a5,4 # 8000004 <_data_lma+0x7ff5140>
200a8b7e:	04000737          	lui	a4,0x4000
200a8b82:	8f7d                	and	a4,a4,a5
200a8b84:	cb01                	beqz	a4,200a8b94 <__mulsf3+0x2aa>
200a8b86:	4785                	li	a5,1
200a8b88:	4601                	li	a2,0
200a8b8a:	b3dd                	j	200a8970 <__mulsf3+0x86>
200a8b8c:	0ff00793          	li	a5,255
200a8b90:	4601                	li	a2,0
200a8b92:	bbf9                	j	200a8970 <__mulsf3+0x86>
200a8b94:	079a                	slli	a5,a5,0x6
200a8b96:	0097d613          	srli	a2,a5,0x9
200a8b9a:	4781                	li	a5,0
200a8b9c:	bbd1                	j	200a8970 <__mulsf3+0x86>
200a8b9e:	4e3d                	li	t3,15
200a8ba0:	4301                	li	t1,0
200a8ba2:	00400637          	lui	a2,0x400
200a8ba6:	ddc705e3          	beq	a4,t3,200a8970 <__mulsf3+0x86>
200a8baa:	432d                	li	t1,11
200a8bac:	460d                	li	a2,3
200a8bae:	bd69                	j	200a8a48 <__mulsf3+0x15e>

200a8bb0 <__subsf3>:
200a8bb0:	008007b7          	lui	a5,0x800
200a8bb4:	17fd                	addi	a5,a5,-1 # 7fffff <_data_lma+0x7f513b>
200a8bb6:	0175d613          	srli	a2,a1,0x17
200a8bba:	00a7f733          	and	a4,a5,a0
200a8bbe:	01755693          	srli	a3,a0,0x17
200a8bc2:	01f55893          	srli	a7,a0,0x1f
200a8bc6:	8fed                	and	a5,a5,a1
200a8bc8:	0ff67613          	zext.b	a2,a2
200a8bcc:	0ff00813          	li	a6,255
200a8bd0:	0ff6f513          	zext.b	a0,a3
200a8bd4:	8346                	mv	t1,a7
200a8bd6:	070e                	slli	a4,a4,0x3
200a8bd8:	81fd                	srli	a1,a1,0x1f
200a8bda:	00379693          	slli	a3,a5,0x3
200a8bde:	05060263          	beq	a2,a6,200a8c22 <__subsf3+0x72>
200a8be2:	0015c593          	xori	a1,a1,1
200a8be6:	40c507b3          	sub	a5,a0,a2
200a8bea:	00b88f63          	beq	a7,a1,200a8c08 <__subsf3+0x58>
200a8bee:	30f05863          	blez	a5,200a8efe <__subsf3+0x34e>
200a8bf2:	e635                	bnez	a2,200a8c5e <__subsf3+0xae>
200a8bf4:	14068c63          	beqz	a3,200a8d4c <__subsf3+0x19c>
200a8bf8:	fff78613          	addi	a2,a5,-1
200a8bfc:	2a060263          	beqz	a2,200a8ea0 <__subsf3+0x2f0>
200a8c00:	03078e63          	beq	a5,a6,200a8c3c <__subsf3+0x8c>
200a8c04:	87b2                	mv	a5,a2
200a8c06:	a085                	j	200a8c66 <__subsf3+0xb6>
200a8c08:	30f05663          	blez	a5,200a8f14 <__subsf3+0x364>
200a8c0c:	ca6d                	beqz	a2,200a8cfe <__subsf3+0x14e>
200a8c0e:	03050763          	beq	a0,a6,200a8c3c <__subsf3+0x8c>
200a8c12:	29a69693          	bseti	a3,a3,0x1a
200a8c16:	466d                	li	a2,27
200a8c18:	14f65063          	bge	a2,a5,200a8d58 <__subsf3+0x1a8>
200a8c1c:	0705                	addi	a4,a4,1 # 4000001 <_data_lma+0x3ff513d>
200a8c1e:	87aa                	mv	a5,a0
200a8c20:	a8ad                	j	200a8c9a <__subsf3+0xea>
200a8c22:	f0150793          	addi	a5,a0,-255
200a8c26:	e6cd                	bnez	a3,200a8cd0 <__subsf3+0x120>
200a8c28:	0015c593          	xori	a1,a1,1
200a8c2c:	0eb88263          	beq	a7,a1,200a8d10 <__subsf3+0x160>
200a8c30:	18078e63          	beqz	a5,200a8dcc <__subsf3+0x21c>
200a8c34:	10050763          	beqz	a0,200a8d42 <__subsf3+0x192>
200a8c38:	88ae                	mv	a7,a1
200a8c3a:	8736                	mv	a4,a3
200a8c3c:	830d                	srli	a4,a4,0x3
200a8c3e:	0018f313          	andi	t1,a7,1
200a8c42:	0ff00513          	li	a0,255
200a8c46:	cf3d                	beqz	a4,200a8cc4 <__subsf3+0x114>
200a8c48:	0ff00513          	li	a0,255
200a8c4c:	4301                	li	t1,0
200a8c4e:	00400737          	lui	a4,0x400
200a8c52:	055e                	slli	a0,a0,0x17
200a8c54:	8d59                	or	a0,a0,a4
200a8c56:	01f31793          	slli	a5,t1,0x1f
200a8c5a:	8d5d                	or	a0,a0,a5
200a8c5c:	8082                	ret
200a8c5e:	fd050fe3          	beq	a0,a6,200a8c3c <__subsf3+0x8c>
200a8c62:	29a69693          	bseti	a3,a3,0x1a
200a8c66:	45ed                	li	a1,27
200a8c68:	4605                	li	a2,1
200a8c6a:	00f5cd63          	blt	a1,a5,200a8c84 <__subsf3+0xd4>
200a8c6e:	02000613          	li	a2,32
200a8c72:	8e1d                	sub	a2,a2,a5
200a8c74:	00c69633          	sll	a2,a3,a2
200a8c78:	00f6d6b3          	srl	a3,a3,a5
200a8c7c:	00c037b3          	snez	a5,a2
200a8c80:	00f6e633          	or	a2,a3,a5
200a8c84:	8f11                	sub	a4,a4,a2
200a8c86:	040007b7          	lui	a5,0x4000
200a8c8a:	00f776b3          	and	a3,a4,a5
200a8c8e:	10069363          	bnez	a3,200a8d94 <__subsf3+0x1e4>
200a8c92:	00777693          	andi	a3,a4,7
200a8c96:	87aa                	mv	a5,a0
200a8c98:	cad5                	beqz	a3,200a8d4c <__subsf3+0x19c>
200a8c9a:	00f77693          	andi	a3,a4,15
200a8c9e:	4611                	li	a2,4
200a8ca0:	00c68363          	beq	a3,a2,200a8ca6 <__subsf3+0xf6>
200a8ca4:	0711                	addi	a4,a4,4 # 400004 <_data_lma+0x3f5140>
200a8ca6:	040006b7          	lui	a3,0x4000
200a8caa:	8ef9                	and	a3,a3,a4
200a8cac:	c2c5                	beqz	a3,200a8d4c <__subsf3+0x19c>
200a8cae:	0785                	addi	a5,a5,1 # 4000001 <_data_lma+0x3ff513d>
200a8cb0:	0ff00693          	li	a3,255
200a8cb4:	0018f313          	andi	t1,a7,1
200a8cb8:	0cd78563          	beq	a5,a3,200a8d82 <__subsf3+0x1d2>
200a8cbc:	071a                	slli	a4,a4,0x6
200a8cbe:	0ff7f513          	zext.b	a0,a5
200a8cc2:	8325                	srli	a4,a4,0x9
200a8cc4:	055e                	slli	a0,a0,0x17
200a8cc6:	8d59                	or	a0,a0,a4
200a8cc8:	01f31793          	slli	a5,t1,0x1f
200a8ccc:	8d5d                	or	a0,a0,a5
200a8cce:	8082                	ret
200a8cd0:	f6b890e3          	bne	a7,a1,200a8c30 <__subsf3+0x80>
200a8cd4:	c3b1                	beqz	a5,200a8d18 <__subsf3+0x168>
200a8cd6:	1c051363          	bnez	a0,200a8e9c <__subsf3+0x2ec>
200a8cda:	0ff00793          	li	a5,255
200a8cde:	c735                	beqz	a4,200a8d4a <__subsf3+0x19a>
200a8ce0:	fff78593          	addi	a1,a5,-1
200a8ce4:	12058863          	beqz	a1,200a8e14 <__subsf3+0x264>
200a8ce8:	0ff00513          	li	a0,255
200a8cec:	1aa78863          	beq	a5,a0,200a8e9c <__subsf3+0x2ec>
200a8cf0:	47ed                	li	a5,27
200a8cf2:	1ab7dd63          	bge	a5,a1,200a8eac <__subsf3+0x2fc>
200a8cf6:	00168713          	addi	a4,a3,1 # 4000001 <_data_lma+0x3ff513d>
200a8cfa:	87b2                	mv	a5,a2
200a8cfc:	bf79                	j	200a8c9a <__subsf3+0xea>
200a8cfe:	c6b9                	beqz	a3,200a8d4c <__subsf3+0x19c>
200a8d00:	fff78613          	addi	a2,a5,-1
200a8d04:	10060863          	beqz	a2,200a8e14 <__subsf3+0x264>
200a8d08:	f3078ae3          	beq	a5,a6,200a8c3c <__subsf3+0x8c>
200a8d0c:	87b2                	mv	a5,a2
200a8d0e:	b721                	j	200a8c16 <__subsf3+0x66>
200a8d10:	c781                	beqz	a5,200a8d18 <__subsf3+0x168>
200a8d12:	d561                	beqz	a0,200a8cda <__subsf3+0x12a>
200a8d14:	4701                	li	a4,0
200a8d16:	b71d                	j	200a8c3c <__subsf3+0x8c>
200a8d18:	00150793          	addi	a5,a0,1
200a8d1c:	0fe7f613          	andi	a2,a5,254
200a8d20:	14061863          	bnez	a2,200a8e70 <__subsf3+0x2c0>
200a8d24:	16051b63          	bnez	a0,200a8e9a <__subsf3+0x2ea>
200a8d28:	1a070963          	beqz	a4,200a8eda <__subsf3+0x32a>
200a8d2c:	1a069963          	bnez	a3,200a8ede <__subsf3+0x32e>
200a8d30:	830d                	srli	a4,a4,0x3
200a8d32:	4781                	li	a5,0
200a8d34:	0726                	slli	a4,a4,0x9
200a8d36:	8325                	srli	a4,a4,0x9
200a8d38:	0ff7f513          	zext.b	a0,a5
200a8d3c:	0018f313          	andi	t1,a7,1
200a8d40:	b751                	j	200a8cc4 <__subsf3+0x114>
200a8d42:	0ff00793          	li	a5,255
200a8d46:	eb65                	bnez	a4,200a8e36 <__subsf3+0x286>
200a8d48:	88ae                	mv	a7,a1
200a8d4a:	8736                	mv	a4,a3
200a8d4c:	0ff00693          	li	a3,255
200a8d50:	830d                	srli	a4,a4,0x3
200a8d52:	eed786e3          	beq	a5,a3,200a8c3e <__subsf3+0x8e>
200a8d56:	bff9                	j	200a8d34 <__subsf3+0x184>
200a8d58:	02000613          	li	a2,32
200a8d5c:	8e1d                	sub	a2,a2,a5
200a8d5e:	00c69633          	sll	a2,a3,a2
200a8d62:	00c03633          	snez	a2,a2
200a8d66:	00f6d6b3          	srl	a3,a3,a5
200a8d6a:	8ed1                	or	a3,a3,a2
200a8d6c:	9736                	add	a4,a4,a3
200a8d6e:	040007b7          	lui	a5,0x4000
200a8d72:	8ff9                	and	a5,a5,a4
200a8d74:	df99                	beqz	a5,200a8c92 <__subsf3+0xe2>
200a8d76:	00150793          	addi	a5,a0,1
200a8d7a:	0ff00693          	li	a3,255
200a8d7e:	0ad79363          	bne	a5,a3,200a8e24 <__subsf3+0x274>
200a8d82:	0ff00513          	li	a0,255
200a8d86:	4701                	li	a4,0
200a8d88:	055e                	slli	a0,a0,0x17
200a8d8a:	8d59                	or	a0,a0,a4
200a8d8c:	01f31793          	slli	a5,t1,0x1f
200a8d90:	8d5d                	or	a0,a0,a5
200a8d92:	8082                	ret
200a8d94:	17fd                	addi	a5,a5,-1 # 3ffffff <_data_lma+0x3ff513b>
200a8d96:	00f77633          	and	a2,a4,a5
200a8d9a:	60061793          	clz	a5,a2
200a8d9e:	17ed                	addi	a5,a5,-5
200a8da0:	00f61633          	sll	a2,a2,a5
200a8da4:	04a7c863          	blt	a5,a0,200a8df4 <__subsf3+0x244>
200a8da8:	8f89                	sub	a5,a5,a0
200a8daa:	0785                	addi	a5,a5,1
200a8dac:	02000713          	li	a4,32
200a8db0:	8f1d                	sub	a4,a4,a5
200a8db2:	00e61733          	sll	a4,a2,a4
200a8db6:	00e03733          	snez	a4,a4
200a8dba:	00f65633          	srl	a2,a2,a5
200a8dbe:	8f51                	or	a4,a4,a2
200a8dc0:	4781                	li	a5,0
200a8dc2:	00777693          	andi	a3,a4,7
200a8dc6:	ec069ae3          	bnez	a3,200a8c9a <__subsf3+0xea>
200a8dca:	bdf1                	j	200a8ca6 <__subsf3+0xf6>
200a8dcc:	00150793          	addi	a5,a0,1
200a8dd0:	0fe7f793          	andi	a5,a5,254
200a8dd4:	e78d                	bnez	a5,200a8dfe <__subsf3+0x24e>
200a8dd6:	e955                	bnez	a0,200a8e8a <__subsf3+0x2da>
200a8dd8:	cf6d                	beqz	a4,200a8ed2 <__subsf3+0x322>
200a8dda:	dab9                	beqz	a3,200a8d30 <__subsf3+0x180>
200a8ddc:	40d707b3          	sub	a5,a4,a3
200a8de0:	04000637          	lui	a2,0x4000
200a8de4:	8e7d                	and	a2,a2,a5
200a8de6:	10060763          	beqz	a2,200a8ef4 <__subsf3+0x344>
200a8dea:	40e68733          	sub	a4,a3,a4
200a8dee:	4781                	li	a5,0
200a8df0:	88ae                	mv	a7,a1
200a8df2:	bfc1                	j	200a8dc2 <__subsf3+0x212>
200a8df4:	40f507b3          	sub	a5,a0,a5
200a8df8:	49a61713          	bclri	a4,a2,0x1a
200a8dfc:	b7d9                	j	200a8dc2 <__subsf3+0x212>
200a8dfe:	40d70633          	sub	a2,a4,a3
200a8e02:	040007b7          	lui	a5,0x4000
200a8e06:	8ff1                	and	a5,a5,a2
200a8e08:	e7c9                	bnez	a5,200a8e92 <__subsf3+0x2e2>
200a8e0a:	fa41                	bnez	a2,200a8d9a <__subsf3+0x1ea>
200a8e0c:	4301                	li	t1,0
200a8e0e:	4501                	li	a0,0
200a8e10:	4701                	li	a4,0
200a8e12:	bd4d                	j	200a8cc4 <__subsf3+0x114>
200a8e14:	9736                	add	a4,a4,a3
200a8e16:	040006b7          	lui	a3,0x4000
200a8e1a:	8ef9                	and	a3,a3,a4
200a8e1c:	4789                	li	a5,2
200a8e1e:	4505                	li	a0,1
200a8e20:	e60689e3          	beqz	a3,200a8c92 <__subsf3+0xe2>
200a8e24:	7e000637          	lui	a2,0x7e000
200a8e28:	00175693          	srli	a3,a4,0x1
200a8e2c:	167d                	addi	a2,a2,-1 # 7dffffff <__freertos_irq_stack_topV5+0x5defffff>
200a8e2e:	8b05                	andi	a4,a4,1
200a8e30:	8ef1                	and	a3,a3,a2
200a8e32:	8f55                	or	a4,a4,a3
200a8e34:	b779                	j	200a8dc2 <__subsf3+0x212>
200a8e36:	fff78813          	addi	a6,a5,-1 # 3ffffff <_data_lma+0x3ff513b>
200a8e3a:	08080763          	beqz	a6,200a8ec8 <__subsf3+0x318>
200a8e3e:	0ff00513          	li	a0,255
200a8e42:	88ae                	mv	a7,a1
200a8e44:	04a78c63          	beq	a5,a0,200a8e9c <__subsf3+0x2ec>
200a8e48:	45ed                	li	a1,27
200a8e4a:	4785                	li	a5,1
200a8e4c:	0105ce63          	blt	a1,a6,200a8e68 <__subsf3+0x2b8>
200a8e50:	02000793          	li	a5,32
200a8e54:	410787b3          	sub	a5,a5,a6
200a8e58:	00f717b3          	sll	a5,a4,a5
200a8e5c:	01075833          	srl	a6,a4,a6
200a8e60:	00f037b3          	snez	a5,a5
200a8e64:	00f867b3          	or	a5,a6,a5
200a8e68:	40f68733          	sub	a4,a3,a5
200a8e6c:	8532                	mv	a0,a2
200a8e6e:	bd21                	j	200a8c86 <__subsf3+0xd6>
200a8e70:	0ff00613          	li	a2,255
200a8e74:	f0c787e3          	beq	a5,a2,200a8d82 <__subsf3+0x1d2>
200a8e78:	96ba                	add	a3,a3,a4
200a8e7a:	0016d713          	srli	a4,a3,0x1
200a8e7e:	00777613          	andi	a2,a4,7
200a8e82:	e0061ce3          	bnez	a2,200a8c9a <__subsf3+0xea>
200a8e86:	830d                	srli	a4,a4,0x3
200a8e88:	b575                	j	200a8d34 <__subsf3+0x184>
200a8e8a:	ef11                	bnez	a4,200a8ea6 <__subsf3+0x2f6>
200a8e8c:	da068ee3          	beqz	a3,200a8c48 <__subsf3+0x98>
200a8e90:	b365                	j	200a8c38 <__subsf3+0x88>
200a8e92:	40e68633          	sub	a2,a3,a4
200a8e96:	88ae                	mv	a7,a1
200a8e98:	b709                	j	200a8d9a <__subsf3+0x1ea>
200a8e9a:	e711                	bnez	a4,200a8ea6 <__subsf3+0x2f6>
200a8e9c:	8736                	mv	a4,a3
200a8e9e:	bb79                	j	200a8c3c <__subsf3+0x8c>
200a8ea0:	8f15                	sub	a4,a4,a3
200a8ea2:	4505                	li	a0,1
200a8ea4:	b3cd                	j	200a8c86 <__subsf3+0xd6>
200a8ea6:	d8068be3          	beqz	a3,200a8c3c <__subsf3+0x8c>
200a8eaa:	bb79                	j	200a8c48 <__subsf3+0x98>
200a8eac:	02000793          	li	a5,32
200a8eb0:	8f8d                	sub	a5,a5,a1
200a8eb2:	00f717b3          	sll	a5,a4,a5
200a8eb6:	00b755b3          	srl	a1,a4,a1
200a8eba:	00f037b3          	snez	a5,a5
200a8ebe:	8ddd                	or	a1,a1,a5
200a8ec0:	00d58733          	add	a4,a1,a3
200a8ec4:	8532                	mv	a0,a2
200a8ec6:	b565                	j	200a8d6e <__subsf3+0x1be>
200a8ec8:	40e68733          	sub	a4,a3,a4
200a8ecc:	88ae                	mv	a7,a1
200a8ece:	4505                	li	a0,1
200a8ed0:	bb5d                	j	200a8c86 <__subsf3+0xd6>
200a8ed2:	de8d                	beqz	a3,200a8e0c <__subsf3+0x25c>
200a8ed4:	88ae                	mv	a7,a1
200a8ed6:	8736                	mv	a4,a3
200a8ed8:	bda1                	j	200a8d30 <__subsf3+0x180>
200a8eda:	8736                	mv	a4,a3
200a8edc:	bd91                	j	200a8d30 <__subsf3+0x180>
200a8ede:	9736                	add	a4,a4,a3
200a8ee0:	04000637          	lui	a2,0x4000
200a8ee4:	8e79                	and	a2,a2,a4
200a8ee6:	4781                	li	a5,0
200a8ee8:	de59                	beqz	a2,200a8e86 <__subsf3+0x2d6>
200a8eea:	49a71713          	bclri	a4,a4,0x1a
200a8eee:	4785                	li	a5,1
200a8ef0:	830d                	srli	a4,a4,0x3
200a8ef2:	b589                	j	200a8d34 <__subsf3+0x184>
200a8ef4:	df81                	beqz	a5,200a8e0c <__subsf3+0x25c>
200a8ef6:	873e                	mv	a4,a5
200a8ef8:	830d                	srli	a4,a4,0x3
200a8efa:	4781                	li	a5,0
200a8efc:	bd25                	j	200a8d34 <__subsf3+0x184>
200a8efe:	ec0787e3          	beqz	a5,200a8dcc <__subsf3+0x21c>
200a8f02:	40a60833          	sub	a6,a2,a0
200a8f06:	87c2                	mv	a5,a6
200a8f08:	e2050fe3          	beqz	a0,200a8d46 <__subsf3+0x196>
200a8f0c:	88ae                	mv	a7,a1
200a8f0e:	29a71713          	bseti	a4,a4,0x1a
200a8f12:	bf1d                	j	200a8e48 <__subsf3+0x298>
200a8f14:	e00782e3          	beqz	a5,200a8d18 <__subsf3+0x168>
200a8f18:	40a605b3          	sub	a1,a2,a0
200a8f1c:	e119                	bnez	a0,200a8f22 <__subsf3+0x372>
200a8f1e:	87ae                	mv	a5,a1
200a8f20:	bb7d                	j	200a8cde <__subsf3+0x12e>
200a8f22:	29a71713          	bseti	a4,a4,0x1a
200a8f26:	b3e9                	j	200a8cf0 <__subsf3+0x140>

200a8f28 <__fixsfsi>:
200a8f28:	01755713          	srli	a4,a0,0x17
200a8f2c:	00951793          	slli	a5,a0,0x9
200a8f30:	0ff77713          	zext.b	a4,a4
200a8f34:	07e00613          	li	a2,126
200a8f38:	0097d693          	srli	a3,a5,0x9
200a8f3c:	01f55793          	srli	a5,a0,0x1f
200a8f40:	00e65b63          	bge	a2,a4,200a8f56 <__fixsfsi+0x2e>
200a8f44:	09d00613          	li	a2,157
200a8f48:	00e65963          	bge	a2,a4,200a8f5a <__fixsfsi+0x32>
200a8f4c:	80000537          	lui	a0,0x80000
200a8f50:	157d                	addi	a0,a0,-1 # 7fffffff <__freertos_irq_stack_topV5+0x5fefffff>
200a8f52:	953e                	add	a0,a0,a5
200a8f54:	8082                	ret
200a8f56:	4501                	li	a0,0
200a8f58:	8082                	ret
200a8f5a:	09500613          	li	a2,149
200a8f5e:	29769693          	bseti	a3,a3,0x17
200a8f62:	00e64d63          	blt	a2,a4,200a8f7c <__fixsfsi+0x54>
200a8f66:	09600613          	li	a2,150
200a8f6a:	40e60733          	sub	a4,a2,a4
200a8f6e:	00e6d6b3          	srl	a3,a3,a4
200a8f72:	40d00533          	neg	a0,a3
200a8f76:	f3ed                	bnez	a5,200a8f58 <__fixsfsi+0x30>
200a8f78:	8536                	mv	a0,a3
200a8f7a:	8082                	ret
200a8f7c:	f6a70713          	addi	a4,a4,-150
200a8f80:	00e696b3          	sll	a3,a3,a4
200a8f84:	b7fd                	j	200a8f72 <__fixsfsi+0x4a>

200a8f86 <__fixunssfsi>:
200a8f86:	01755713          	srli	a4,a0,0x17
200a8f8a:	00951793          	slli	a5,a0,0x9
200a8f8e:	0ff77713          	zext.b	a4,a4
200a8f92:	07e00613          	li	a2,126
200a8f96:	0097d693          	srli	a3,a5,0x9
200a8f9a:	01f55793          	srli	a5,a0,0x1f
200a8f9e:	4501                	li	a0,0
200a8fa0:	00e65363          	bge	a2,a4,200a8fa6 <__fixunssfsi+0x20>
200a8fa4:	c391                	beqz	a5,200a8fa8 <__fixunssfsi+0x22>
200a8fa6:	8082                	ret
200a8fa8:	09e00793          	li	a5,158
200a8fac:	557d                	li	a0,-1
200a8fae:	fee7cce3          	blt	a5,a4,200a8fa6 <__fixunssfsi+0x20>
200a8fb2:	09500613          	li	a2,149
200a8fb6:	29769793          	bseti	a5,a3,0x17
200a8fba:	00e65763          	bge	a2,a4,200a8fc8 <__fixunssfsi+0x42>
200a8fbe:	f6a70713          	addi	a4,a4,-150
200a8fc2:	00e79533          	sll	a0,a5,a4
200a8fc6:	8082                	ret
200a8fc8:	09600513          	li	a0,150
200a8fcc:	8d19                	sub	a0,a0,a4
200a8fce:	00a7d533          	srl	a0,a5,a0
200a8fd2:	8082                	ret

200a8fd4 <__floatsisf>:
200a8fd4:	cd1d                	beqz	a0,200a9012 <__floatsisf+0x3e>
200a8fd6:	40a006b3          	neg	a3,a0
200a8fda:	09e00793          	li	a5,158
200a8fde:	0ad566b3          	max	a3,a0,a3
200a8fe2:	09600613          	li	a2,150
200a8fe6:	60069593          	clz	a1,a3
200a8fea:	8f8d                	sub	a5,a5,a1
200a8fec:	01f55713          	srli	a4,a0,0x1f
200a8ff0:	02f64963          	blt	a2,a5,200a9022 <__floatsisf+0x4e>
200a8ff4:	4621                	li	a2,8
200a8ff6:	08c58a63          	beq	a1,a2,200a908a <__floatsisf+0xb6>
200a8ffa:	15e1                	addi	a1,a1,-8
200a8ffc:	00b696b3          	sll	a3,a3,a1
200a9000:	0ff7f513          	zext.b	a0,a5
200a9004:	06a6                	slli	a3,a3,0x9
200a9006:	82a5                	srli	a3,a3,0x9
200a9008:	055e                	slli	a0,a0,0x17
200a900a:	8d55                	or	a0,a0,a3
200a900c:	077e                	slli	a4,a4,0x1f
200a900e:	8d59                	or	a0,a0,a4
200a9010:	8082                	ret
200a9012:	4701                	li	a4,0
200a9014:	4501                	li	a0,0
200a9016:	4681                	li	a3,0
200a9018:	055e                	slli	a0,a0,0x17
200a901a:	8d55                	or	a0,a0,a3
200a901c:	077e                	slli	a4,a4,0x1f
200a901e:	8d59                	or	a0,a0,a4
200a9020:	8082                	ret
200a9022:	09900613          	li	a2,153
200a9026:	04f64663          	blt	a2,a5,200a9072 <__floatsisf+0x9e>
200a902a:	4615                	li	a2,5
200a902c:	ffb58513          	addi	a0,a1,-5
200a9030:	00c58463          	beq	a1,a2,200a9038 <__floatsisf+0x64>
200a9034:	00a696b3          	sll	a3,a3,a0
200a9038:	0076f513          	andi	a0,a3,7
200a903c:	49a69613          	bclri	a2,a3,0x1a
200a9040:	cd19                	beqz	a0,200a905e <__floatsisf+0x8a>
200a9042:	8abd                	andi	a3,a3,15
200a9044:	4511                	li	a0,4
200a9046:	00a68c63          	beq	a3,a0,200a905e <__floatsisf+0x8a>
200a904a:	0611                	addi	a2,a2,4 # 4000004 <_data_lma+0x3ff5140>
200a904c:	040006b7          	lui	a3,0x4000
200a9050:	8ef1                	and	a3,a3,a2
200a9052:	c691                	beqz	a3,200a905e <__floatsisf+0x8a>
200a9054:	09f00793          	li	a5,159
200a9058:	8f8d                	sub	a5,a5,a1
200a905a:	49a61613          	bclri	a2,a2,0x1a
200a905e:	00661693          	slli	a3,a2,0x6
200a9062:	0ff7f513          	zext.b	a0,a5
200a9066:	82a5                	srli	a3,a3,0x9
200a9068:	055e                	slli	a0,a0,0x17
200a906a:	8d55                	or	a0,a0,a3
200a906c:	077e                	slli	a4,a4,0x1f
200a906e:	8d59                	or	a0,a0,a4
200a9070:	8082                	ret
200a9072:	01b58613          	addi	a2,a1,27
200a9076:	4515                	li	a0,5
200a9078:	00c69633          	sll	a2,a3,a2
200a907c:	8d0d                	sub	a0,a0,a1
200a907e:	00a6d6b3          	srl	a3,a3,a0
200a9082:	00c03633          	snez	a2,a2
200a9086:	8ed1                	or	a3,a3,a2
200a9088:	bf45                	j	200a9038 <__floatsisf+0x64>
200a908a:	06a6                	slli	a3,a3,0x9
200a908c:	82a5                	srli	a3,a3,0x9
200a908e:	09600513          	li	a0,150
200a9092:	b759                	j	200a9018 <__floatsisf+0x44>

200a9094 <__floatunsisf>:
200a9094:	c51d                	beqz	a0,200a90c2 <__floatunsisf+0x2e>
200a9096:	09e00793          	li	a5,158
200a909a:	60051693          	clz	a3,a0
200a909e:	09600713          	li	a4,150
200a90a2:	8f95                	sub	a5,a5,a3
200a90a4:	02f74463          	blt	a4,a5,200a90cc <__floatunsisf+0x38>
200a90a8:	4721                	li	a4,8
200a90aa:	08e68363          	beq	a3,a4,200a9130 <__floatunsisf+0x9c>
200a90ae:	16e1                	addi	a3,a3,-8 # 3fffff8 <_data_lma+0x3ff5134>
200a90b0:	00d51733          	sll	a4,a0,a3
200a90b4:	0726                	slli	a4,a4,0x9
200a90b6:	0ff7f513          	zext.b	a0,a5
200a90ba:	8325                	srli	a4,a4,0x9
200a90bc:	055e                	slli	a0,a0,0x17
200a90be:	8d59                	or	a0,a0,a4
200a90c0:	8082                	ret
200a90c2:	4501                	li	a0,0
200a90c4:	4701                	li	a4,0
200a90c6:	055e                	slli	a0,a0,0x17
200a90c8:	8d59                	or	a0,a0,a4
200a90ca:	8082                	ret
200a90cc:	09900713          	li	a4,153
200a90d0:	04f74463          	blt	a4,a5,200a9118 <__floatunsisf+0x84>
200a90d4:	4715                	li	a4,5
200a90d6:	ffb68613          	addi	a2,a3,-5
200a90da:	00e68463          	beq	a3,a4,200a90e2 <__floatunsisf+0x4e>
200a90de:	00c51533          	sll	a0,a0,a2
200a90e2:	00757613          	andi	a2,a0,7
200a90e6:	49a51713          	bclri	a4,a0,0x1a
200a90ea:	c205                	beqz	a2,200a910a <__floatunsisf+0x76>
200a90ec:	893d                	andi	a0,a0,15
200a90ee:	4611                	li	a2,4
200a90f0:	00c50d63          	beq	a0,a2,200a910a <__floatunsisf+0x76>
200a90f4:	0711                	addi	a4,a4,4
200a90f6:	04000637          	lui	a2,0x4000
200a90fa:	8e79                	and	a2,a2,a4
200a90fc:	c619                	beqz	a2,200a910a <__floatunsisf+0x76>
200a90fe:	09f00513          	li	a0,159
200a9102:	40d507b3          	sub	a5,a0,a3
200a9106:	49a71713          	bclri	a4,a4,0x1a
200a910a:	0ff7f513          	zext.b	a0,a5
200a910e:	071a                	slli	a4,a4,0x6
200a9110:	8325                	srli	a4,a4,0x9
200a9112:	055e                	slli	a0,a0,0x17
200a9114:	8d59                	or	a0,a0,a4
200a9116:	8082                	ret
200a9118:	01b68713          	addi	a4,a3,27
200a911c:	4615                	li	a2,5
200a911e:	00e51733          	sll	a4,a0,a4
200a9122:	8e15                	sub	a2,a2,a3
200a9124:	00e03733          	snez	a4,a4
200a9128:	00c55533          	srl	a0,a0,a2
200a912c:	8d59                	or	a0,a0,a4
200a912e:	bf55                	j	200a90e2 <__floatunsisf+0x4e>
200a9130:	0526                	slli	a0,a0,0x9
200a9132:	00955713          	srli	a4,a0,0x9
200a9136:	09600513          	li	a0,150
200a913a:	b771                	j	200a90c6 <__floatunsisf+0x32>

200a913c <__truncdfsf2>:
200a913c:	0145d793          	srli	a5,a1,0x14
200a9140:	7ff7f793          	andi	a5,a5,2047
200a9144:	00c59693          	slli	a3,a1,0xc
200a9148:	00178613          	addi	a2,a5,1
200a914c:	82a5                	srli	a3,a3,0x9
200a914e:	01d55713          	srli	a4,a0,0x1d
200a9152:	7fe67613          	andi	a2,a2,2046
200a9156:	81fd                	srli	a1,a1,0x1f
200a9158:	8ed9                	or	a3,a3,a4
200a915a:	00351813          	slli	a6,a0,0x3
200a915e:	c205                	beqz	a2,200a917e <__truncdfsf2+0x42>
200a9160:	c8078613          	addi	a2,a5,-896
200a9164:	0fe00713          	li	a4,254
200a9168:	04c75463          	bge	a4,a2,200a91b0 <__truncdfsf2+0x74>
200a916c:	0ff00793          	li	a5,255
200a9170:	4701                	li	a4,0
200a9172:	07de                	slli	a5,a5,0x17
200a9174:	00e7e533          	or	a0,a5,a4
200a9178:	05fe                	slli	a1,a1,0x1f
200a917a:	8d4d                	or	a0,a0,a1
200a917c:	8082                	ret
200a917e:	0106e733          	or	a4,a3,a6
200a9182:	eb89                	bnez	a5,200a9194 <__truncdfsf2+0x58>
200a9184:	4801                	li	a6,0
200a9186:	cb2d                	beqz	a4,200a91f8 <__truncdfsf2+0xbc>
200a9188:	0826                	slli	a6,a6,0x9
200a918a:	00985713          	srli	a4,a6,0x9
200a918e:	0ff7f793          	zext.b	a5,a5
200a9192:	b7c5                	j	200a9172 <__truncdfsf2+0x36>
200a9194:	0ff00793          	li	a5,255
200a9198:	df69                	beqz	a4,200a9172 <__truncdfsf2+0x36>
200a919a:	0ff00793          	li	a5,255
200a919e:	00400737          	lui	a4,0x400
200a91a2:	07de                	slli	a5,a5,0x17
200a91a4:	4581                	li	a1,0
200a91a6:	00e7e533          	or	a0,a5,a4
200a91aa:	05fe                	slli	a1,a1,0x1f
200a91ac:	8d4d                	or	a0,a0,a1
200a91ae:	8082                	ret
200a91b0:	04c05c63          	blez	a2,200a9208 <__truncdfsf2+0xcc>
200a91b4:	00651713          	slli	a4,a0,0x6
200a91b8:	00e03733          	snez	a4,a4
200a91bc:	068e                	slli	a3,a3,0x3
200a91be:	01d85813          	srli	a6,a6,0x1d
200a91c2:	8f55                	or	a4,a4,a3
200a91c4:	01076733          	or	a4,a4,a6
200a91c8:	00777793          	andi	a5,a4,7
200a91cc:	cbe9                	beqz	a5,200a929e <__truncdfsf2+0x162>
200a91ce:	00f77793          	andi	a5,a4,15
200a91d2:	4691                	li	a3,4
200a91d4:	0cd78563          	beq	a5,a3,200a929e <__truncdfsf2+0x162>
200a91d8:	0711                	addi	a4,a4,4 # 400004 <_data_lma+0x3f5140>
200a91da:	040007b7          	lui	a5,0x4000
200a91de:	8ff9                	and	a5,a5,a4
200a91e0:	c7dd                	beqz	a5,200a928e <__truncdfsf2+0x152>
200a91e2:	00160793          	addi	a5,a2,1 # 4000001 <_data_lma+0x3ff513d>
200a91e6:	0ff7f793          	zext.b	a5,a5
200a91ea:	4701                	li	a4,0
200a91ec:	07de                	slli	a5,a5,0x17
200a91ee:	00e7e533          	or	a0,a5,a4
200a91f2:	05fe                	slli	a1,a1,0x1f
200a91f4:	8d4d                	or	a0,a0,a1
200a91f6:	8082                	ret
200a91f8:	4781                	li	a5,0
200a91fa:	4701                	li	a4,0
200a91fc:	07de                	slli	a5,a5,0x17
200a91fe:	00e7e533          	or	a0,a5,a4
200a9202:	05fe                	slli	a1,a1,0x1f
200a9204:	8d4d                	or	a0,a0,a1
200a9206:	8082                	ret
200a9208:	5725                	li	a4,-23
200a920a:	fee647e3          	blt	a2,a4,200a91f8 <__truncdfsf2+0xbc>
200a920e:	4579                	li	a0,30
200a9210:	8d11                	sub	a0,a0,a2
200a9212:	477d                	li	a4,31
200a9214:	29769693          	bseti	a3,a3,0x17
200a9218:	04a75063          	bge	a4,a0,200a9258 <__truncdfsf2+0x11c>
200a921c:	5779                	li	a4,-2
200a921e:	8f11                	sub	a4,a4,a2
200a9220:	02000613          	li	a2,32
200a9224:	00e6d733          	srl	a4,a3,a4
200a9228:	00c50863          	beq	a0,a2,200a9238 <__truncdfsf2+0xfc>
200a922c:	ca278793          	addi	a5,a5,-862 # 3fffca2 <_data_lma+0x3ff4dde>
200a9230:	00f696b3          	sll	a3,a3,a5
200a9234:	00d86833          	or	a6,a6,a3
200a9238:	01003833          	snez	a6,a6
200a923c:	00e86833          	or	a6,a6,a4
200a9240:	00787793          	andi	a5,a6,7
200a9244:	cba9                	beqz	a5,200a9296 <__truncdfsf2+0x15a>
200a9246:	00f87793          	andi	a5,a6,15
200a924a:	4711                	li	a4,4
200a924c:	02e79e63          	bne	a5,a4,200a9288 <__truncdfsf2+0x14c>
200a9250:	00385813          	srli	a6,a6,0x3
200a9254:	4781                	li	a5,0
200a9256:	bf0d                	j	200a9188 <__truncdfsf2+0x4c>
200a9258:	c8278793          	addi	a5,a5,-894
200a925c:	00f81733          	sll	a4,a6,a5
200a9260:	00f696b3          	sll	a3,a3,a5
200a9264:	00e03733          	snez	a4,a4
200a9268:	00a85833          	srl	a6,a6,a0
200a926c:	8f55                	or	a4,a4,a3
200a926e:	00e86733          	or	a4,a6,a4
200a9272:	00777793          	andi	a5,a4,7
200a9276:	4601                	li	a2,0
200a9278:	fbb9                	bnez	a5,200a91ce <__truncdfsf2+0x92>
200a927a:	008007b7          	lui	a5,0x800
200a927e:	17fd                	addi	a5,a5,-1 # 7fffff <_data_lma+0x7f513b>
200a9280:	830d                	srli	a4,a4,0x3
200a9282:	8f7d                	and	a4,a4,a5
200a9284:	4781                	li	a5,0
200a9286:	b5f5                	j	200a9172 <__truncdfsf2+0x36>
200a9288:	00480713          	addi	a4,a6,4
200a928c:	4601                	li	a2,0
200a928e:	00375813          	srli	a6,a4,0x3
200a9292:	87b2                	mv	a5,a2
200a9294:	bdd5                	j	200a9188 <__truncdfsf2+0x4c>
200a9296:	081a                	slli	a6,a6,0x6
200a9298:	00985713          	srli	a4,a6,0x9
200a929c:	bdd9                	j	200a9172 <__truncdfsf2+0x36>
200a929e:	071a                	slli	a4,a4,0x6
200a92a0:	8325                	srli	a4,a4,0x9
200a92a2:	0ff67793          	zext.b	a5,a2
200a92a6:	b5f1                	j	200a9172 <__truncdfsf2+0x36>

200a92a8 <iprintf>:
200a92a8:	715d                	addi	sp,sp,-80
200a92aa:	d422                	sw	s0,40(sp)
200a92ac:	d606                	sw	ra,44(sp)
200a92ae:	842a                	mv	s0,a0
200a92b0:	da2e                	sw	a1,52(sp)
200a92b2:	dc32                	sw	a2,56(sp)
200a92b4:	de36                	sw	a3,60(sp)
200a92b6:	c0ba                	sw	a4,64(sp)
200a92b8:	c2be                	sw	a5,68(sp)
200a92ba:	c4c2                	sw	a6,72(sp)
200a92bc:	c6c6                	sw	a7,76(sp)
200a92be:	8241a503          	lw	a0,-2012(gp) # 200c0404 <_impure_ptr>
200a92c2:	c511                	beqz	a0,200a92ce <iprintf+0x26>
200a92c4:	4d1c                	lw	a5,24(a0)
200a92c6:	e781                	bnez	a5,200a92ce <iprintf+0x26>
200a92c8:	c62a                	sw	a0,12(sp)
200a92ca:	20d5                	jal	200a93ae <__sinit>
200a92cc:	4532                	lw	a0,12(sp)
200a92ce:	450c                	lw	a1,8(a0)
200a92d0:	1854                	addi	a3,sp,52
200a92d2:	8622                	mv	a2,s0
200a92d4:	ce36                	sw	a3,28(sp)
200a92d6:	2905                	jal	200a9706 <_vfiprintf_r>
200a92d8:	50b2                	lw	ra,44(sp)
200a92da:	5422                	lw	s0,40(sp)
200a92dc:	6161                	addi	sp,sp,80
200a92de:	8082                	ret

200a92e0 <std>:
200a92e0:	1141                	addi	sp,sp,-16
200a92e2:	c422                	sw	s0,8(sp)
200a92e4:	c606                	sw	ra,12(sp)
200a92e6:	842a                	mv	s0,a0
200a92e8:	a54e                	sh	a1,12(a0)
200a92ea:	a572                	sh	a2,14(a0)
200a92ec:	00052023          	sw	zero,0(a0)
200a92f0:	00052223          	sw	zero,4(a0)
200a92f4:	00052423          	sw	zero,8(a0)
200a92f8:	06052223          	sw	zero,100(a0)
200a92fc:	00052823          	sw	zero,16(a0)
200a9300:	00052a23          	sw	zero,20(a0)
200a9304:	00052c23          	sw	zero,24(a0)
200a9308:	4621                	li	a2,8
200a930a:	4581                	li	a1,0
200a930c:	05c50513          	addi	a0,a0,92
200a9310:	b4cf70ef          	jal	ra,200a065c <memset>
200a9314:	00000797          	auipc	a5,0x0
200a9318:	6d878793          	addi	a5,a5,1752 # 200a99ec <__sread>
200a931c:	d05c                	sw	a5,36(s0)
200a931e:	00000797          	auipc	a5,0x0
200a9322:	6fa78793          	addi	a5,a5,1786 # 200a9a18 <__swrite>
200a9326:	d41c                	sw	a5,40(s0)
200a9328:	00000797          	auipc	a5,0x0
200a932c:	73678793          	addi	a5,a5,1846 # 200a9a5e <__sseek>
200a9330:	d45c                	sw	a5,44(s0)
200a9332:	00000797          	auipc	a5,0x0
200a9336:	75a78793          	addi	a5,a5,1882 # 200a9a8c <__sclose>
200a933a:	40b2                	lw	ra,12(sp)
200a933c:	d000                	sw	s0,32(s0)
200a933e:	d81c                	sw	a5,48(s0)
200a9340:	4422                	lw	s0,8(sp)
200a9342:	0141                	addi	sp,sp,16
200a9344:	8082                	ret

200a9346 <_cleanup_r>:
200a9346:	00001597          	auipc	a1,0x1
200a934a:	a8058593          	addi	a1,a1,-1408 # 200a9dc6 <_fflush_r>
200a934e:	a249                	j	200a94d0 <_fwalk_reent>

200a9350 <__sfmoreglue>:
200a9350:	1141                	addi	sp,sp,-16
200a9352:	c226                	sw	s1,4(sp)
200a9354:	06800793          	li	a5,104
200a9358:	fff58493          	addi	s1,a1,-1
200a935c:	02f484b3          	mul	s1,s1,a5
200a9360:	c04a                	sw	s2,0(sp)
200a9362:	892e                	mv	s2,a1
200a9364:	c422                	sw	s0,8(sp)
200a9366:	c606                	sw	ra,12(sp)
200a9368:	07448593          	addi	a1,s1,116
200a936c:	241d                	jal	200a9592 <_malloc_r>
200a936e:	842a                	mv	s0,a0
200a9370:	cd01                	beqz	a0,200a9388 <__sfmoreglue+0x38>
200a9372:	00052023          	sw	zero,0(a0)
200a9376:	01252223          	sw	s2,4(a0)
200a937a:	0531                	addi	a0,a0,12
200a937c:	c408                	sw	a0,8(s0)
200a937e:	06848613          	addi	a2,s1,104
200a9382:	4581                	li	a1,0
200a9384:	ad8f70ef          	jal	ra,200a065c <memset>
200a9388:	40b2                	lw	ra,12(sp)
200a938a:	8522                	mv	a0,s0
200a938c:	4422                	lw	s0,8(sp)
200a938e:	4492                	lw	s1,4(sp)
200a9390:	4902                	lw	s2,0(sp)
200a9392:	0141                	addi	sp,sp,16
200a9394:	8082                	ret

200a9396 <__sfp_lock_acquire>:
200a9396:	a3c18513          	addi	a0,gp,-1476 # 200c061c <__lock___sfp_recursive_mutex>
200a939a:	a245                	j	200a953a <__retarget_lock_acquire_recursive>

200a939c <__sfp_lock_release>:
200a939c:	a3c18513          	addi	a0,gp,-1476 # 200c061c <__lock___sfp_recursive_mutex>
200a93a0:	aa71                	j	200a953c <__retarget_lock_release_recursive>

200a93a2 <__sinit_lock_acquire>:
200a93a2:	a4018513          	addi	a0,gp,-1472 # 200c0620 <__lock___sinit_recursive_mutex>
200a93a6:	aa51                	j	200a953a <__retarget_lock_acquire_recursive>

200a93a8 <__sinit_lock_release>:
200a93a8:	a4018513          	addi	a0,gp,-1472 # 200c0620 <__lock___sinit_recursive_mutex>
200a93ac:	aa41                	j	200a953c <__retarget_lock_release_recursive>

200a93ae <__sinit>:
200a93ae:	1141                	addi	sp,sp,-16
200a93b0:	c422                	sw	s0,8(sp)
200a93b2:	c606                	sw	ra,12(sp)
200a93b4:	842a                	mv	s0,a0
200a93b6:	fedff0ef          	jal	ra,200a93a2 <__sinit_lock_acquire>
200a93ba:	4c1c                	lw	a5,24(s0)
200a93bc:	c791                	beqz	a5,200a93c8 <__sinit+0x1a>
200a93be:	4422                	lw	s0,8(sp)
200a93c0:	40b2                	lw	ra,12(sp)
200a93c2:	0141                	addi	sp,sp,16
200a93c4:	fe5ff06f          	j	200a93a8 <__sinit_lock_release>
200a93c8:	00000797          	auipc	a5,0x0
200a93cc:	f7e78793          	addi	a5,a5,-130 # 200a9346 <_cleanup_r>
200a93d0:	d41c                	sw	a5,40(s0)
200a93d2:	04042423          	sw	zero,72(s0)
200a93d6:	04042623          	sw	zero,76(s0)
200a93da:	04042823          	sw	zero,80(s0)
200a93de:	96c1a783          	lw	a5,-1684(gp) # 200c054c <_global_impure_ptr>
200a93e2:	00879463          	bne	a5,s0,200a93ea <__sinit+0x3c>
200a93e6:	4785                	li	a5,1
200a93e8:	cc1c                	sw	a5,24(s0)
200a93ea:	8522                	mv	a0,s0
200a93ec:	2815                	jal	200a9420 <__sfp>
200a93ee:	c048                	sw	a0,4(s0)
200a93f0:	8522                	mv	a0,s0
200a93f2:	203d                	jal	200a9420 <__sfp>
200a93f4:	c408                	sw	a0,8(s0)
200a93f6:	8522                	mv	a0,s0
200a93f8:	2025                	jal	200a9420 <__sfp>
200a93fa:	c448                	sw	a0,12(s0)
200a93fc:	4048                	lw	a0,4(s0)
200a93fe:	4601                	li	a2,0
200a9400:	4591                	li	a1,4
200a9402:	edfff0ef          	jal	ra,200a92e0 <std>
200a9406:	4408                	lw	a0,8(s0)
200a9408:	4605                	li	a2,1
200a940a:	45a5                	li	a1,9
200a940c:	ed5ff0ef          	jal	ra,200a92e0 <std>
200a9410:	4448                	lw	a0,12(s0)
200a9412:	4609                	li	a2,2
200a9414:	45c9                	li	a1,18
200a9416:	ecbff0ef          	jal	ra,200a92e0 <std>
200a941a:	4785                	li	a5,1
200a941c:	cc1c                	sw	a5,24(s0)
200a941e:	b745                	j	200a93be <__sinit+0x10>

200a9420 <__sfp>:
200a9420:	1141                	addi	sp,sp,-16
200a9422:	c226                	sw	s1,4(sp)
200a9424:	c04a                	sw	s2,0(sp)
200a9426:	c606                	sw	ra,12(sp)
200a9428:	c422                	sw	s0,8(sp)
200a942a:	892a                	mv	s2,a0
200a942c:	f6bff0ef          	jal	ra,200a9396 <__sfp_lock_acquire>
200a9430:	96c1a483          	lw	s1,-1684(gp) # 200c054c <_global_impure_ptr>
200a9434:	4c9c                	lw	a5,24(s1)
200a9436:	e781                	bnez	a5,200a943e <__sfp+0x1e>
200a9438:	8526                	mv	a0,s1
200a943a:	f75ff0ef          	jal	ra,200a93ae <__sinit>
200a943e:	04848493          	addi	s1,s1,72
200a9442:	4480                	lw	s0,8(s1)
200a9444:	40dc                	lw	a5,4(s1)
200a9446:	17fd                	addi	a5,a5,-1
200a9448:	0007d663          	bgez	a5,200a9454 <__sfp+0x34>
200a944c:	409c                	lw	a5,0(s1)
200a944e:	c7a5                	beqz	a5,200a94b6 <__sfp+0x96>
200a9450:	4084                	lw	s1,0(s1)
200a9452:	bfc5                	j	200a9442 <__sfp+0x22>
200a9454:	00c41703          	lh	a4,12(s0)
200a9458:	ef21                	bnez	a4,200a94b0 <__sfp+0x90>
200a945a:	77c1                	lui	a5,0xffff0
200a945c:	0785                	addi	a5,a5,1 # ffff0001 <__freertos_irq_stack_topV5+0xdfef0001>
200a945e:	c45c                	sw	a5,12(s0)
200a9460:	05840513          	addi	a0,s0,88
200a9464:	06042223          	sw	zero,100(s0)
200a9468:	28c1                	jal	200a9538 <__retarget_lock_init_recursive>
200a946a:	f33ff0ef          	jal	ra,200a939c <__sfp_lock_release>
200a946e:	4621                	li	a2,8
200a9470:	00042023          	sw	zero,0(s0)
200a9474:	00042423          	sw	zero,8(s0)
200a9478:	00042223          	sw	zero,4(s0)
200a947c:	00042823          	sw	zero,16(s0)
200a9480:	00042a23          	sw	zero,20(s0)
200a9484:	00042c23          	sw	zero,24(s0)
200a9488:	4581                	li	a1,0
200a948a:	05c40513          	addi	a0,s0,92
200a948e:	9cef70ef          	jal	ra,200a065c <memset>
200a9492:	02042a23          	sw	zero,52(s0)
200a9496:	02042c23          	sw	zero,56(s0)
200a949a:	04042423          	sw	zero,72(s0)
200a949e:	04042623          	sw	zero,76(s0)
200a94a2:	40b2                	lw	ra,12(sp)
200a94a4:	8522                	mv	a0,s0
200a94a6:	4422                	lw	s0,8(sp)
200a94a8:	4492                	lw	s1,4(sp)
200a94aa:	4902                	lw	s2,0(sp)
200a94ac:	0141                	addi	sp,sp,16
200a94ae:	8082                	ret
200a94b0:	06840413          	addi	s0,s0,104
200a94b4:	bf49                	j	200a9446 <__sfp+0x26>
200a94b6:	4591                	li	a1,4
200a94b8:	854a                	mv	a0,s2
200a94ba:	e97ff0ef          	jal	ra,200a9350 <__sfmoreglue>
200a94be:	c088                	sw	a0,0(s1)
200a94c0:	842a                	mv	s0,a0
200a94c2:	f559                	bnez	a0,200a9450 <__sfp+0x30>
200a94c4:	ed9ff0ef          	jal	ra,200a939c <__sfp_lock_release>
200a94c8:	47b1                	li	a5,12
200a94ca:	00f92023          	sw	a5,0(s2)
200a94ce:	bfd1                	j	200a94a2 <__sfp+0x82>

200a94d0 <_fwalk_reent>:
200a94d0:	7179                	addi	sp,sp,-48
200a94d2:	d422                	sw	s0,40(sp)
200a94d4:	d04a                	sw	s2,32(sp)
200a94d6:	ce4e                	sw	s3,28(sp)
200a94d8:	cc52                	sw	s4,24(sp)
200a94da:	c85a                	sw	s6,16(sp)
200a94dc:	c65e                	sw	s7,12(sp)
200a94de:	d606                	sw	ra,44(sp)
200a94e0:	d226                	sw	s1,36(sp)
200a94e2:	ca56                	sw	s5,20(sp)
200a94e4:	892a                	mv	s2,a0
200a94e6:	8a2e                	mv	s4,a1
200a94e8:	04850413          	addi	s0,a0,72
200a94ec:	4981                	li	s3,0
200a94ee:	4b05                	li	s6,1
200a94f0:	5bfd                	li	s7,-1
200a94f2:	4404                	lw	s1,8(s0)
200a94f4:	00442a83          	lw	s5,4(s0)
200a94f8:	1afd                	addi	s5,s5,-1
200a94fa:	020ad063          	bgez	s5,200a951a <_fwalk_reent+0x4a>
200a94fe:	4000                	lw	s0,0(s0)
200a9500:	f86d                	bnez	s0,200a94f2 <_fwalk_reent+0x22>
200a9502:	50b2                	lw	ra,44(sp)
200a9504:	5422                	lw	s0,40(sp)
200a9506:	5492                	lw	s1,36(sp)
200a9508:	5902                	lw	s2,32(sp)
200a950a:	4a62                	lw	s4,24(sp)
200a950c:	4ad2                	lw	s5,20(sp)
200a950e:	4b42                	lw	s6,16(sp)
200a9510:	4bb2                	lw	s7,12(sp)
200a9512:	854e                	mv	a0,s3
200a9514:	49f2                	lw	s3,28(sp)
200a9516:	6145                	addi	sp,sp,48
200a9518:	8082                	ret
200a951a:	24de                	lhu	a5,12(s1)
200a951c:	00fb7b63          	bgeu	s6,a5,200a9532 <_fwalk_reent+0x62>
200a9520:	00e49783          	lh	a5,14(s1)
200a9524:	01778763          	beq	a5,s7,200a9532 <_fwalk_reent+0x62>
200a9528:	85a6                	mv	a1,s1
200a952a:	854a                	mv	a0,s2
200a952c:	9a02                	jalr	s4
200a952e:	00a9e9b3          	or	s3,s3,a0
200a9532:	06848493          	addi	s1,s1,104
200a9536:	b7c9                	j	200a94f8 <_fwalk_reent+0x28>

200a9538 <__retarget_lock_init_recursive>:
200a9538:	8082                	ret

200a953a <__retarget_lock_acquire_recursive>:
200a953a:	8082                	ret

200a953c <__retarget_lock_release_recursive>:
200a953c:	8082                	ret

200a953e <sbrk_aligned>:
200a953e:	1141                	addi	sp,sp,-16
200a9540:	c04a                	sw	s2,0(sp)
200a9542:	a4418913          	addi	s2,gp,-1468 # 200c0624 <__malloc_sbrk_start>
200a9546:	00092783          	lw	a5,0(s2)
200a954a:	c422                	sw	s0,8(sp)
200a954c:	c226                	sw	s1,4(sp)
200a954e:	c606                	sw	ra,12(sp)
200a9550:	84aa                	mv	s1,a0
200a9552:	842e                	mv	s0,a1
200a9554:	e789                	bnez	a5,200a955e <sbrk_aligned+0x20>
200a9556:	4581                	li	a1,0
200a9558:	21b5                	jal	200a99c4 <_sbrk_r>
200a955a:	00a92023          	sw	a0,0(s2)
200a955e:	85a2                	mv	a1,s0
200a9560:	8526                	mv	a0,s1
200a9562:	218d                	jal	200a99c4 <_sbrk_r>
200a9564:	597d                	li	s2,-1
200a9566:	01251a63          	bne	a0,s2,200a957a <sbrk_aligned+0x3c>
200a956a:	547d                	li	s0,-1
200a956c:	40b2                	lw	ra,12(sp)
200a956e:	8522                	mv	a0,s0
200a9570:	4422                	lw	s0,8(sp)
200a9572:	4492                	lw	s1,4(sp)
200a9574:	4902                	lw	s2,0(sp)
200a9576:	0141                	addi	sp,sp,16
200a9578:	8082                	ret
200a957a:	00350413          	addi	s0,a0,3
200a957e:	9871                	andi	s0,s0,-4
200a9580:	fe8506e3          	beq	a0,s0,200a956c <sbrk_aligned+0x2e>
200a9584:	40a405b3          	sub	a1,s0,a0
200a9588:	8526                	mv	a0,s1
200a958a:	292d                	jal	200a99c4 <_sbrk_r>
200a958c:	ff2510e3          	bne	a0,s2,200a956c <sbrk_aligned+0x2e>
200a9590:	bfe9                	j	200a956a <sbrk_aligned+0x2c>

200a9592 <_malloc_r>:
200a9592:	1101                	addi	sp,sp,-32
200a9594:	ca26                	sw	s1,20(sp)
200a9596:	00358493          	addi	s1,a1,3
200a959a:	98f1                	andi	s1,s1,-4
200a959c:	c84a                	sw	s2,16(sp)
200a959e:	04a1                	addi	s1,s1,8
200a95a0:	47b1                	li	a5,12
200a95a2:	ce06                	sw	ra,28(sp)
200a95a4:	cc22                	sw	s0,24(sp)
200a95a6:	c64e                	sw	s3,12(sp)
200a95a8:	892a                	mv	s2,a0
200a95aa:	0af4f4b3          	maxu	s1,s1,a5
200a95ae:	0004c463          	bltz	s1,200a95b6 <_malloc_r+0x24>
200a95b2:	00b4fd63          	bgeu	s1,a1,200a95cc <_malloc_r+0x3a>
200a95b6:	47b1                	li	a5,12
200a95b8:	00f92023          	sw	a5,0(s2)
200a95bc:	4501                	li	a0,0
200a95be:	40f2                	lw	ra,28(sp)
200a95c0:	4462                	lw	s0,24(sp)
200a95c2:	44d2                	lw	s1,20(sp)
200a95c4:	4942                	lw	s2,16(sp)
200a95c6:	49b2                	lw	s3,12(sp)
200a95c8:	6105                	addi	sp,sp,32
200a95ca:	8082                	ret
200a95cc:	1b9000ef          	jal	ra,200a9f84 <__malloc_lock>
200a95d0:	a4818993          	addi	s3,gp,-1464 # 200c0628 <__malloc_free_list>
200a95d4:	0009a783          	lw	a5,0(s3)
200a95d8:	843e                	mv	s0,a5
200a95da:	e821                	bnez	s0,200a962a <_malloc_r+0x98>
200a95dc:	85a6                	mv	a1,s1
200a95de:	854a                	mv	a0,s2
200a95e0:	f5fff0ef          	jal	ra,200a953e <sbrk_aligned>
200a95e4:	57fd                	li	a5,-1
200a95e6:	842a                	mv	s0,a0
200a95e8:	0af51963          	bne	a0,a5,200a969a <_malloc_r+0x108>
200a95ec:	0009a403          	lw	s0,0(s3)
200a95f0:	87a2                	mv	a5,s0
200a95f2:	ebd1                	bnez	a5,200a9686 <_malloc_r+0xf4>
200a95f4:	00042983          	lw	s3,0(s0)
200a95f8:	4581                	li	a1,0
200a95fa:	854a                	mv	a0,s2
200a95fc:	99a2                	add	s3,s3,s0
200a95fe:	26d9                	jal	200a99c4 <_sbrk_r>
200a9600:	08a99663          	bne	s3,a0,200a968c <_malloc_r+0xfa>
200a9604:	401c                	lw	a5,0(s0)
200a9606:	048d                	addi	s1,s1,3
200a9608:	854a                	mv	a0,s2
200a960a:	8c9d                	sub	s1,s1,a5
200a960c:	98f1                	andi	s1,s1,-4
200a960e:	47b1                	li	a5,12
200a9610:	04a1                	addi	s1,s1,8
200a9612:	0af4f4b3          	maxu	s1,s1,a5
200a9616:	85a6                	mv	a1,s1
200a9618:	f27ff0ef          	jal	ra,200a953e <sbrk_aligned>
200a961c:	57fd                	li	a5,-1
200a961e:	06f50763          	beq	a0,a5,200a968c <_malloc_r+0xfa>
200a9622:	401c                	lw	a5,0(s0)
200a9624:	97a6                	add	a5,a5,s1
200a9626:	c01c                	sw	a5,0(s0)
200a9628:	a015                	j	200a964c <_malloc_r+0xba>
200a962a:	4014                	lw	a3,0(s0)
200a962c:	8e85                	sub	a3,a3,s1
200a962e:	0406c963          	bltz	a3,200a9680 <_malloc_r+0xee>
200a9632:	472d                	li	a4,11
200a9634:	02d77e63          	bgeu	a4,a3,200a9670 <_malloc_r+0xde>
200a9638:	c004                	sw	s1,0(s0)
200a963a:	00940733          	add	a4,s0,s1
200a963e:	02879763          	bne	a5,s0,200a966c <_malloc_r+0xda>
200a9642:	00e9a023          	sw	a4,0(s3)
200a9646:	405c                	lw	a5,4(s0)
200a9648:	c314                	sw	a3,0(a4)
200a964a:	c35c                	sw	a5,4(a4)
200a964c:	854a                	mv	a0,s2
200a964e:	13f000ef          	jal	ra,200a9f8c <__malloc_unlock>
200a9652:	00b40513          	addi	a0,s0,11
200a9656:	00440793          	addi	a5,s0,4
200a965a:	9961                	andi	a0,a0,-8
200a965c:	40f50733          	sub	a4,a0,a5
200a9660:	f4f50fe3          	beq	a0,a5,200a95be <_malloc_r+0x2c>
200a9664:	943a                	add	s0,s0,a4
200a9666:	8f89                	sub	a5,a5,a0
200a9668:	c01c                	sw	a5,0(s0)
200a966a:	bf91                	j	200a95be <_malloc_r+0x2c>
200a966c:	c3d8                	sw	a4,4(a5)
200a966e:	bfe1                	j	200a9646 <_malloc_r+0xb4>
200a9670:	4058                	lw	a4,4(s0)
200a9672:	00879563          	bne	a5,s0,200a967c <_malloc_r+0xea>
200a9676:	00e9a023          	sw	a4,0(s3)
200a967a:	bfc9                	j	200a964c <_malloc_r+0xba>
200a967c:	c3d8                	sw	a4,4(a5)
200a967e:	b7f9                	j	200a964c <_malloc_r+0xba>
200a9680:	87a2                	mv	a5,s0
200a9682:	4040                	lw	s0,4(s0)
200a9684:	bf99                	j	200a95da <_malloc_r+0x48>
200a9686:	843e                	mv	s0,a5
200a9688:	43dc                	lw	a5,4(a5)
200a968a:	b7a5                	j	200a95f2 <_malloc_r+0x60>
200a968c:	47b1                	li	a5,12
200a968e:	00f92023          	sw	a5,0(s2)
200a9692:	854a                	mv	a0,s2
200a9694:	0f9000ef          	jal	ra,200a9f8c <__malloc_unlock>
200a9698:	b715                	j	200a95bc <_malloc_r+0x2a>
200a969a:	c104                	sw	s1,0(a0)
200a969c:	bf45                	j	200a964c <_malloc_r+0xba>

200a969e <__sfputc_r>:
200a969e:	461c                	lw	a5,8(a2)
200a96a0:	17fd                	addi	a5,a5,-1
200a96a2:	c61c                	sw	a5,8(a2)
200a96a4:	0007d963          	bgez	a5,200a96b6 <__sfputc_r+0x18>
200a96a8:	4e18                	lw	a4,24(a2)
200a96aa:	00e7c563          	blt	a5,a4,200a96b4 <__sfputc_r+0x16>
200a96ae:	47a9                	li	a5,10
200a96b0:	00f59363          	bne	a1,a5,200a96b6 <__sfputc_r+0x18>
200a96b4:	aef9                	j	200a9a92 <__swbuf_r>
200a96b6:	421c                	lw	a5,0(a2)
200a96b8:	852e                	mv	a0,a1
200a96ba:	00178713          	addi	a4,a5,1
200a96be:	c218                	sw	a4,0(a2)
200a96c0:	a38c                	sb	a1,0(a5)
200a96c2:	8082                	ret

200a96c4 <__sfputs_r>:
200a96c4:	1101                	addi	sp,sp,-32
200a96c6:	cc22                	sw	s0,24(sp)
200a96c8:	ca26                	sw	s1,20(sp)
200a96ca:	c84a                	sw	s2,16(sp)
200a96cc:	c64e                	sw	s3,12(sp)
200a96ce:	c452                	sw	s4,8(sp)
200a96d0:	ce06                	sw	ra,28(sp)
200a96d2:	892a                	mv	s2,a0
200a96d4:	89ae                	mv	s3,a1
200a96d6:	8432                	mv	s0,a2
200a96d8:	00d604b3          	add	s1,a2,a3
200a96dc:	5a7d                	li	s4,-1
200a96de:	00941463          	bne	s0,s1,200a96e6 <__sfputs_r+0x22>
200a96e2:	4501                	li	a0,0
200a96e4:	a809                	j	200a96f6 <__sfputs_r+0x32>
200a96e6:	200c                	lbu	a1,0(s0)
200a96e8:	864e                	mv	a2,s3
200a96ea:	854a                	mv	a0,s2
200a96ec:	fb3ff0ef          	jal	ra,200a969e <__sfputc_r>
200a96f0:	0405                	addi	s0,s0,1
200a96f2:	ff4516e3          	bne	a0,s4,200a96de <__sfputs_r+0x1a>
200a96f6:	40f2                	lw	ra,28(sp)
200a96f8:	4462                	lw	s0,24(sp)
200a96fa:	44d2                	lw	s1,20(sp)
200a96fc:	4942                	lw	s2,16(sp)
200a96fe:	49b2                	lw	s3,12(sp)
200a9700:	4a22                	lw	s4,8(sp)
200a9702:	6105                	addi	sp,sp,32
200a9704:	8082                	ret

200a9706 <_vfiprintf_r>:
200a9706:	7135                	addi	sp,sp,-160
200a9708:	cd22                	sw	s0,152(sp)
200a970a:	cb26                	sw	s1,148(sp)
200a970c:	c94a                	sw	s2,144(sp)
200a970e:	c74e                	sw	s3,140(sp)
200a9710:	cf06                	sw	ra,156(sp)
200a9712:	c552                	sw	s4,136(sp)
200a9714:	c356                	sw	s5,132(sp)
200a9716:	c15a                	sw	s6,128(sp)
200a9718:	dede                	sw	s7,124(sp)
200a971a:	dce2                	sw	s8,120(sp)
200a971c:	89aa                	mv	s3,a0
200a971e:	842e                	mv	s0,a1
200a9720:	8932                	mv	s2,a2
200a9722:	84b6                	mv	s1,a3
200a9724:	c509                	beqz	a0,200a972e <_vfiprintf_r+0x28>
200a9726:	4d1c                	lw	a5,24(a0)
200a9728:	e399                	bnez	a5,200a972e <_vfiprintf_r+0x28>
200a972a:	c85ff0ef          	jal	ra,200a93ae <__sinit>
200a972e:	00001797          	auipc	a5,0x1
200a9732:	5b278793          	addi	a5,a5,1458 # 200aace0 <__sf_fake_stdin>
200a9736:	04f41763          	bne	s0,a5,200a9784 <_vfiprintf_r+0x7e>
200a973a:	0049a403          	lw	s0,4(s3)
200a973e:	507c                	lw	a5,100(s0)
200a9740:	8b85                	andi	a5,a5,1
200a9742:	eb81                	bnez	a5,200a9752 <_vfiprintf_r+0x4c>
200a9744:	245e                	lhu	a5,12(s0)
200a9746:	2007f793          	andi	a5,a5,512
200a974a:	e781                	bnez	a5,200a9752 <_vfiprintf_r+0x4c>
200a974c:	4c28                	lw	a0,88(s0)
200a974e:	dedff0ef          	jal	ra,200a953a <__retarget_lock_acquire_recursive>
200a9752:	245e                	lhu	a5,12(s0)
200a9754:	8ba1                	andi	a5,a5,8
200a9756:	c399                	beqz	a5,200a975c <_vfiprintf_r+0x56>
200a9758:	481c                	lw	a5,16(s0)
200a975a:	efb9                	bnez	a5,200a97b8 <_vfiprintf_r+0xb2>
200a975c:	85a2                	mv	a1,s0
200a975e:	854e                	mv	a0,s3
200a9760:	2931                	jal	200a9b7c <__swsetup_r>
200a9762:	c939                	beqz	a0,200a97b8 <_vfiprintf_r+0xb2>
200a9764:	507c                	lw	a5,100(s0)
200a9766:	8b85                	andi	a5,a5,1
200a9768:	c3a1                	beqz	a5,200a97a8 <_vfiprintf_r+0xa2>
200a976a:	557d                	li	a0,-1
200a976c:	40fa                	lw	ra,156(sp)
200a976e:	446a                	lw	s0,152(sp)
200a9770:	44da                	lw	s1,148(sp)
200a9772:	494a                	lw	s2,144(sp)
200a9774:	49ba                	lw	s3,140(sp)
200a9776:	4a2a                	lw	s4,136(sp)
200a9778:	4a9a                	lw	s5,132(sp)
200a977a:	4b0a                	lw	s6,128(sp)
200a977c:	5bf6                	lw	s7,124(sp)
200a977e:	5c66                	lw	s8,120(sp)
200a9780:	610d                	addi	sp,sp,160
200a9782:	8082                	ret
200a9784:	00001797          	auipc	a5,0x1
200a9788:	53c78793          	addi	a5,a5,1340 # 200aacc0 <__sf_fake_stdout>
200a978c:	00f41563          	bne	s0,a5,200a9796 <_vfiprintf_r+0x90>
200a9790:	0089a403          	lw	s0,8(s3)
200a9794:	b76d                	j	200a973e <_vfiprintf_r+0x38>
200a9796:	00001797          	auipc	a5,0x1
200a979a:	50a78793          	addi	a5,a5,1290 # 200aaca0 <__sf_fake_stderr>
200a979e:	faf410e3          	bne	s0,a5,200a973e <_vfiprintf_r+0x38>
200a97a2:	00c9a403          	lw	s0,12(s3)
200a97a6:	bf61                	j	200a973e <_vfiprintf_r+0x38>
200a97a8:	245e                	lhu	a5,12(s0)
200a97aa:	2007f793          	andi	a5,a5,512
200a97ae:	ffd5                	bnez	a5,200a976a <_vfiprintf_r+0x64>
200a97b0:	4c28                	lw	a0,88(s0)
200a97b2:	d8bff0ef          	jal	ra,200a953c <__retarget_lock_release_recursive>
200a97b6:	bf55                	j	200a976a <_vfiprintf_r+0x64>
200a97b8:	02000793          	li	a5,32
200a97bc:	02f104a3          	sb	a5,41(sp)
200a97c0:	03000793          	li	a5,48
200a97c4:	d202                	sw	zero,36(sp)
200a97c6:	02f10523          	sb	a5,42(sp)
200a97ca:	c626                	sw	s1,12(sp)
200a97cc:	02500b93          	li	s7,37
200a97d0:	00001a97          	auipc	s5,0x1
200a97d4:	530a8a93          	addi	s5,s5,1328 # 200aad00 <__sf_fake_stdin+0x20>
200a97d8:	4b29                	li	s6,10
200a97da:	84ca                	mv	s1,s2
200a97dc:	209c                	lbu	a5,0(s1)
200a97de:	c399                	beqz	a5,200a97e4 <_vfiprintf_r+0xde>
200a97e0:	09779b63          	bne	a5,s7,200a9876 <_vfiprintf_r+0x170>
200a97e4:	41248c33          	sub	s8,s1,s2
200a97e8:	01248e63          	beq	s1,s2,200a9804 <_vfiprintf_r+0xfe>
200a97ec:	86e2                	mv	a3,s8
200a97ee:	864a                	mv	a2,s2
200a97f0:	85a2                	mv	a1,s0
200a97f2:	854e                	mv	a0,s3
200a97f4:	ed1ff0ef          	jal	ra,200a96c4 <__sfputs_r>
200a97f8:	57fd                	li	a5,-1
200a97fa:	18f50963          	beq	a0,a5,200a998c <_vfiprintf_r+0x286>
200a97fe:	5792                	lw	a5,36(sp)
200a9800:	97e2                	add	a5,a5,s8
200a9802:	d23e                	sw	a5,36(sp)
200a9804:	209c                	lbu	a5,0(s1)
200a9806:	18078363          	beqz	a5,200a998c <_vfiprintf_r+0x286>
200a980a:	57fd                	li	a5,-1
200a980c:	00148913          	addi	s2,s1,1
200a9810:	c802                	sw	zero,16(sp)
200a9812:	ce02                	sw	zero,28(sp)
200a9814:	ca3e                	sw	a5,20(sp)
200a9816:	cc02                	sw	zero,24(sp)
200a9818:	040109a3          	sb	zero,83(sp)
200a981c:	d482                	sw	zero,104(sp)
200a981e:	00094583          	lbu	a1,0(s2)
200a9822:	4615                	li	a2,5
200a9824:	8556                	mv	a0,s5
200a9826:	746000ef          	jal	ra,200a9f6c <memchr>
200a982a:	47c2                	lw	a5,16(sp)
200a982c:	00190493          	addi	s1,s2,1
200a9830:	e529                	bnez	a0,200a987a <_vfiprintf_r+0x174>
200a9832:	0107f713          	andi	a4,a5,16
200a9836:	c709                	beqz	a4,200a9840 <_vfiprintf_r+0x13a>
200a9838:	02000713          	li	a4,32
200a983c:	04e109a3          	sb	a4,83(sp)
200a9840:	0087f713          	andi	a4,a5,8
200a9844:	c709                	beqz	a4,200a984e <_vfiprintf_r+0x148>
200a9846:	02b00713          	li	a4,43
200a984a:	04e109a3          	sb	a4,83(sp)
200a984e:	00094683          	lbu	a3,0(s2)
200a9852:	02a00713          	li	a4,42
200a9856:	02e68963          	beq	a3,a4,200a9888 <_vfiprintf_r+0x182>
200a985a:	47f2                	lw	a5,28(sp)
200a985c:	84ca                	mv	s1,s2
200a985e:	4681                	li	a3,0
200a9860:	4625                	li	a2,9
200a9862:	2098                	lbu	a4,0(s1)
200a9864:	00148593          	addi	a1,s1,1
200a9868:	fd070713          	addi	a4,a4,-48
200a986c:	06e67263          	bgeu	a2,a4,200a98d0 <_vfiprintf_r+0x1ca>
200a9870:	c685                	beqz	a3,200a9898 <_vfiprintf_r+0x192>
200a9872:	ce3e                	sw	a5,28(sp)
200a9874:	a015                	j	200a9898 <_vfiprintf_r+0x192>
200a9876:	0485                	addi	s1,s1,1
200a9878:	b795                	j	200a97dc <_vfiprintf_r+0xd6>
200a987a:	41550533          	sub	a0,a0,s5
200a987e:	28a797b3          	bset	a5,a5,a0
200a9882:	8926                	mv	s2,s1
200a9884:	c83e                	sw	a5,16(sp)
200a9886:	bf61                	j	200a981e <_vfiprintf_r+0x118>
200a9888:	4732                	lw	a4,12(sp)
200a988a:	00470693          	addi	a3,a4,4
200a988e:	4318                	lw	a4,0(a4)
200a9890:	c636                	sw	a3,12(sp)
200a9892:	02074863          	bltz	a4,200a98c2 <_vfiprintf_r+0x1bc>
200a9896:	ce3a                	sw	a4,28(sp)
200a9898:	2098                	lbu	a4,0(s1)
200a989a:	02e00793          	li	a5,46
200a989e:	04f71c63          	bne	a4,a5,200a98f6 <_vfiprintf_r+0x1f0>
200a98a2:	3098                	lbu	a4,1(s1)
200a98a4:	02a00793          	li	a5,42
200a98a8:	02f71a63          	bne	a4,a5,200a98dc <_vfiprintf_r+0x1d6>
200a98ac:	47b2                	lw	a5,12(sp)
200a98ae:	0489                	addi	s1,s1,2
200a98b0:	00478713          	addi	a4,a5,4
200a98b4:	439c                	lw	a5,0(a5)
200a98b6:	c63a                	sw	a4,12(sp)
200a98b8:	577d                	li	a4,-1
200a98ba:	0ae7e7b3          	max	a5,a5,a4
200a98be:	ca3e                	sw	a5,20(sp)
200a98c0:	a81d                	j	200a98f6 <_vfiprintf_r+0x1f0>
200a98c2:	40e00733          	neg	a4,a4
200a98c6:	0027e793          	ori	a5,a5,2
200a98ca:	ce3a                	sw	a4,28(sp)
200a98cc:	c83e                	sw	a5,16(sp)
200a98ce:	b7e9                	j	200a9898 <_vfiprintf_r+0x192>
200a98d0:	036787b3          	mul	a5,a5,s6
200a98d4:	84ae                	mv	s1,a1
200a98d6:	4685                	li	a3,1
200a98d8:	97ba                	add	a5,a5,a4
200a98da:	b761                	j	200a9862 <_vfiprintf_r+0x15c>
200a98dc:	0485                	addi	s1,s1,1
200a98de:	ca02                	sw	zero,20(sp)
200a98e0:	4681                	li	a3,0
200a98e2:	4781                	li	a5,0
200a98e4:	4625                	li	a2,9
200a98e6:	2098                	lbu	a4,0(s1)
200a98e8:	00148593          	addi	a1,s1,1
200a98ec:	fd070713          	addi	a4,a4,-48
200a98f0:	06e67463          	bgeu	a2,a4,200a9958 <_vfiprintf_r+0x252>
200a98f4:	f6e9                	bnez	a3,200a98be <_vfiprintf_r+0x1b8>
200a98f6:	208c                	lbu	a1,0(s1)
200a98f8:	460d                	li	a2,3
200a98fa:	00001517          	auipc	a0,0x1
200a98fe:	40e50513          	addi	a0,a0,1038 # 200aad08 <__sf_fake_stdin+0x28>
200a9902:	66a000ef          	jal	ra,200a9f6c <memchr>
200a9906:	cd11                	beqz	a0,200a9922 <_vfiprintf_r+0x21c>
200a9908:	00001797          	auipc	a5,0x1
200a990c:	40078793          	addi	a5,a5,1024 # 200aad08 <__sf_fake_stdin+0x28>
200a9910:	8d1d                	sub	a0,a0,a5
200a9912:	47c2                	lw	a5,16(sp)
200a9914:	04000713          	li	a4,64
200a9918:	00a71733          	sll	a4,a4,a0
200a991c:	8fd9                	or	a5,a5,a4
200a991e:	0485                	addi	s1,s1,1
200a9920:	c83e                	sw	a5,16(sp)
200a9922:	208c                	lbu	a1,0(s1)
200a9924:	4619                	li	a2,6
200a9926:	00001517          	auipc	a0,0x1
200a992a:	3e650513          	addi	a0,a0,998 # 200aad0c <__sf_fake_stdin+0x2c>
200a992e:	00148913          	addi	s2,s1,1
200a9932:	02b10423          	sb	a1,40(sp)
200a9936:	636000ef          	jal	ra,200a9f6c <memchr>
200a993a:	c935                	beqz	a0,200a99ae <_vfiprintf_r+0x2a8>
200a993c:	00000793          	li	a5,0
200a9940:	e795                	bnez	a5,200a996c <_vfiprintf_r+0x266>
200a9942:	4742                	lw	a4,16(sp)
200a9944:	47b2                	lw	a5,12(sp)
200a9946:	10077713          	andi	a4,a4,256
200a994a:	cf09                	beqz	a4,200a9964 <_vfiprintf_r+0x25e>
200a994c:	0791                	addi	a5,a5,4
200a994e:	c63e                	sw	a5,12(sp)
200a9950:	5792                	lw	a5,36(sp)
200a9952:	97d2                	add	a5,a5,s4
200a9954:	d23e                	sw	a5,36(sp)
200a9956:	b551                	j	200a97da <_vfiprintf_r+0xd4>
200a9958:	036787b3          	mul	a5,a5,s6
200a995c:	84ae                	mv	s1,a1
200a995e:	4685                	li	a3,1
200a9960:	97ba                	add	a5,a5,a4
200a9962:	b751                	j	200a98e6 <_vfiprintf_r+0x1e0>
200a9964:	079d                	addi	a5,a5,7
200a9966:	9be1                	andi	a5,a5,-8
200a9968:	07a1                	addi	a5,a5,8
200a996a:	b7d5                	j	200a994e <_vfiprintf_r+0x248>
200a996c:	0078                	addi	a4,sp,12
200a996e:	00000697          	auipc	a3,0x0
200a9972:	d5668693          	addi	a3,a3,-682 # 200a96c4 <__sfputs_r>
200a9976:	8622                	mv	a2,s0
200a9978:	080c                	addi	a1,sp,16
200a997a:	854e                	mv	a0,s3
200a997c:	00000097          	auipc	ra,0x0
200a9980:	000000e7          	jalr	zero # 0 <_sinit>
200a9984:	57fd                	li	a5,-1
200a9986:	8a2a                	mv	s4,a0
200a9988:	fcf514e3          	bne	a0,a5,200a9950 <_vfiprintf_r+0x24a>
200a998c:	507c                	lw	a5,100(s0)
200a998e:	8b85                	andi	a5,a5,1
200a9990:	eb81                	bnez	a5,200a99a0 <_vfiprintf_r+0x29a>
200a9992:	245e                	lhu	a5,12(s0)
200a9994:	2007f793          	andi	a5,a5,512
200a9998:	e781                	bnez	a5,200a99a0 <_vfiprintf_r+0x29a>
200a999a:	4c28                	lw	a0,88(s0)
200a999c:	ba1ff0ef          	jal	ra,200a953c <__retarget_lock_release_recursive>
200a99a0:	245e                	lhu	a5,12(s0)
200a99a2:	0407f793          	andi	a5,a5,64
200a99a6:	dc0792e3          	bnez	a5,200a976a <_vfiprintf_r+0x64>
200a99aa:	5512                	lw	a0,36(sp)
200a99ac:	b3c1                	j	200a976c <_vfiprintf_r+0x66>
200a99ae:	0078                	addi	a4,sp,12
200a99b0:	00000697          	auipc	a3,0x0
200a99b4:	d1468693          	addi	a3,a3,-748 # 200a96c4 <__sfputs_r>
200a99b8:	8622                	mv	a2,s0
200a99ba:	080c                	addi	a1,sp,16
200a99bc:	854e                	mv	a0,s3
200a99be:	782000ef          	jal	ra,200aa140 <_printf_i>
200a99c2:	b7c9                	j	200a9984 <_vfiprintf_r+0x27e>

200a99c4 <_sbrk_r>:
200a99c4:	1141                	addi	sp,sp,-16
200a99c6:	c422                	sw	s0,8(sp)
200a99c8:	842a                	mv	s0,a0
200a99ca:	852e                	mv	a0,a1
200a99cc:	a401a623          	sw	zero,-1460(gp) # 200c062c <errno>
200a99d0:	c606                	sw	ra,12(sp)
200a99d2:	aa9fb0ef          	jal	ra,200a547a <_sbrk>
200a99d6:	57fd                	li	a5,-1
200a99d8:	00f51663          	bne	a0,a5,200a99e4 <_sbrk_r+0x20>
200a99dc:	a4c1a783          	lw	a5,-1460(gp) # 200c062c <errno>
200a99e0:	c391                	beqz	a5,200a99e4 <_sbrk_r+0x20>
200a99e2:	c01c                	sw	a5,0(s0)
200a99e4:	40b2                	lw	ra,12(sp)
200a99e6:	4422                	lw	s0,8(sp)
200a99e8:	0141                	addi	sp,sp,16
200a99ea:	8082                	ret

200a99ec <__sread>:
200a99ec:	1141                	addi	sp,sp,-16
200a99ee:	c422                	sw	s0,8(sp)
200a99f0:	842e                	mv	s0,a1
200a99f2:	00e59583          	lh	a1,14(a1)
200a99f6:	c606                	sw	ra,12(sp)
200a99f8:	1c5000ef          	jal	ra,200aa3bc <_read_r>
200a99fc:	00054963          	bltz	a0,200a9a0e <__sread+0x22>
200a9a00:	487c                	lw	a5,84(s0)
200a9a02:	97aa                	add	a5,a5,a0
200a9a04:	c87c                	sw	a5,84(s0)
200a9a06:	40b2                	lw	ra,12(sp)
200a9a08:	4422                	lw	s0,8(sp)
200a9a0a:	0141                	addi	sp,sp,16
200a9a0c:	8082                	ret
200a9a0e:	245e                	lhu	a5,12(s0)
200a9a10:	48c79793          	bclri	a5,a5,0xc
200a9a14:	a45e                	sh	a5,12(s0)
200a9a16:	bfc5                	j	200a9a06 <__sread+0x1a>

200a9a18 <__swrite>:
200a9a18:	25de                	lhu	a5,12(a1)
200a9a1a:	1101                	addi	sp,sp,-32
200a9a1c:	cc22                	sw	s0,24(sp)
200a9a1e:	ca26                	sw	s1,20(sp)
200a9a20:	c84a                	sw	s2,16(sp)
200a9a22:	c64e                	sw	s3,12(sp)
200a9a24:	ce06                	sw	ra,28(sp)
200a9a26:	1007f793          	andi	a5,a5,256
200a9a2a:	84aa                	mv	s1,a0
200a9a2c:	842e                	mv	s0,a1
200a9a2e:	8932                	mv	s2,a2
200a9a30:	89b6                	mv	s3,a3
200a9a32:	c791                	beqz	a5,200a9a3e <__swrite+0x26>
200a9a34:	00e59583          	lh	a1,14(a1)
200a9a38:	4689                	li	a3,2
200a9a3a:	4601                	li	a2,0
200a9a3c:	2921                	jal	200a9e54 <_lseek_r>
200a9a3e:	245e                	lhu	a5,12(s0)
200a9a40:	00e41583          	lh	a1,14(s0)
200a9a44:	40f2                	lw	ra,28(sp)
200a9a46:	48c79793          	bclri	a5,a5,0xc
200a9a4a:	a45e                	sh	a5,12(s0)
200a9a4c:	4462                	lw	s0,24(sp)
200a9a4e:	86ce                	mv	a3,s3
200a9a50:	864a                	mv	a2,s2
200a9a52:	49b2                	lw	s3,12(sp)
200a9a54:	4942                	lw	s2,16(sp)
200a9a56:	8526                	mv	a0,s1
200a9a58:	44d2                	lw	s1,20(sp)
200a9a5a:	6105                	addi	sp,sp,32
200a9a5c:	a8d5                	j	200a9b50 <_write_r>

200a9a5e <__sseek>:
200a9a5e:	1141                	addi	sp,sp,-16
200a9a60:	c422                	sw	s0,8(sp)
200a9a62:	842e                	mv	s0,a1
200a9a64:	00e59583          	lh	a1,14(a1)
200a9a68:	c606                	sw	ra,12(sp)
200a9a6a:	26ed                	jal	200a9e54 <_lseek_r>
200a9a6c:	577d                	li	a4,-1
200a9a6e:	245e                	lhu	a5,12(s0)
200a9a70:	00e51963          	bne	a0,a4,200a9a82 <__sseek+0x24>
200a9a74:	48c79793          	bclri	a5,a5,0xc
200a9a78:	a45e                	sh	a5,12(s0)
200a9a7a:	40b2                	lw	ra,12(sp)
200a9a7c:	4422                	lw	s0,8(sp)
200a9a7e:	0141                	addi	sp,sp,16
200a9a80:	8082                	ret
200a9a82:	28c79793          	bseti	a5,a5,0xc
200a9a86:	c868                	sw	a0,84(s0)
200a9a88:	a45e                	sh	a5,12(s0)
200a9a8a:	bfc5                	j	200a9a7a <__sseek+0x1c>

200a9a8c <__sclose>:
200a9a8c:	00e59583          	lh	a1,14(a1)
200a9a90:	aaf1                	j	200a9c6c <_close_r>

200a9a92 <__swbuf_r>:
200a9a92:	1101                	addi	sp,sp,-32
200a9a94:	cc22                	sw	s0,24(sp)
200a9a96:	ca26                	sw	s1,20(sp)
200a9a98:	c84a                	sw	s2,16(sp)
200a9a9a:	ce06                	sw	ra,28(sp)
200a9a9c:	c64e                	sw	s3,12(sp)
200a9a9e:	84aa                	mv	s1,a0
200a9aa0:	892e                	mv	s2,a1
200a9aa2:	8432                	mv	s0,a2
200a9aa4:	c509                	beqz	a0,200a9aae <__swbuf_r+0x1c>
200a9aa6:	4d1c                	lw	a5,24(a0)
200a9aa8:	e399                	bnez	a5,200a9aae <__swbuf_r+0x1c>
200a9aaa:	905ff0ef          	jal	ra,200a93ae <__sinit>
200a9aae:	00001797          	auipc	a5,0x1
200a9ab2:	23278793          	addi	a5,a5,562 # 200aace0 <__sf_fake_stdin>
200a9ab6:	02f41763          	bne	s0,a5,200a9ae4 <__swbuf_r+0x52>
200a9aba:	40c0                	lw	s0,4(s1)
200a9abc:	4c1c                	lw	a5,24(s0)
200a9abe:	c41c                	sw	a5,8(s0)
200a9ac0:	245e                	lhu	a5,12(s0)
200a9ac2:	8ba1                	andi	a5,a5,8
200a9ac4:	c399                	beqz	a5,200a9aca <__swbuf_r+0x38>
200a9ac6:	481c                	lw	a5,16(s0)
200a9ac8:	ef95                	bnez	a5,200a9b04 <__swbuf_r+0x72>
200a9aca:	85a2                	mv	a1,s0
200a9acc:	8526                	mv	a0,s1
200a9ace:	207d                	jal	200a9b7c <__swsetup_r>
200a9ad0:	c915                	beqz	a0,200a9b04 <__swbuf_r+0x72>
200a9ad2:	597d                	li	s2,-1
200a9ad4:	40f2                	lw	ra,28(sp)
200a9ad6:	4462                	lw	s0,24(sp)
200a9ad8:	44d2                	lw	s1,20(sp)
200a9ada:	49b2                	lw	s3,12(sp)
200a9adc:	854a                	mv	a0,s2
200a9ade:	4942                	lw	s2,16(sp)
200a9ae0:	6105                	addi	sp,sp,32
200a9ae2:	8082                	ret
200a9ae4:	00001797          	auipc	a5,0x1
200a9ae8:	1dc78793          	addi	a5,a5,476 # 200aacc0 <__sf_fake_stdout>
200a9aec:	00f41463          	bne	s0,a5,200a9af4 <__swbuf_r+0x62>
200a9af0:	4480                	lw	s0,8(s1)
200a9af2:	b7e9                	j	200a9abc <__swbuf_r+0x2a>
200a9af4:	00001797          	auipc	a5,0x1
200a9af8:	1ac78793          	addi	a5,a5,428 # 200aaca0 <__sf_fake_stderr>
200a9afc:	fcf410e3          	bne	s0,a5,200a9abc <__swbuf_r+0x2a>
200a9b00:	44c0                	lw	s0,12(s1)
200a9b02:	bf6d                	j	200a9abc <__swbuf_r+0x2a>
200a9b04:	481c                	lw	a5,16(s0)
200a9b06:	4008                	lw	a0,0(s0)
200a9b08:	0ff97993          	zext.b	s3,s2
200a9b0c:	0ff97913          	zext.b	s2,s2
200a9b10:	8d1d                	sub	a0,a0,a5
200a9b12:	485c                	lw	a5,20(s0)
200a9b14:	00f54663          	blt	a0,a5,200a9b20 <__swbuf_r+0x8e>
200a9b18:	85a2                	mv	a1,s0
200a9b1a:	8526                	mv	a0,s1
200a9b1c:	246d                	jal	200a9dc6 <_fflush_r>
200a9b1e:	f955                	bnez	a0,200a9ad2 <__swbuf_r+0x40>
200a9b20:	441c                	lw	a5,8(s0)
200a9b22:	0505                	addi	a0,a0,1
200a9b24:	17fd                	addi	a5,a5,-1
200a9b26:	c41c                	sw	a5,8(s0)
200a9b28:	401c                	lw	a5,0(s0)
200a9b2a:	00178713          	addi	a4,a5,1
200a9b2e:	c018                	sw	a4,0(s0)
200a9b30:	01378023          	sb	s3,0(a5)
200a9b34:	485c                	lw	a5,20(s0)
200a9b36:	00a78863          	beq	a5,a0,200a9b46 <__swbuf_r+0xb4>
200a9b3a:	245e                	lhu	a5,12(s0)
200a9b3c:	8b85                	andi	a5,a5,1
200a9b3e:	dbd9                	beqz	a5,200a9ad4 <__swbuf_r+0x42>
200a9b40:	47a9                	li	a5,10
200a9b42:	f8f919e3          	bne	s2,a5,200a9ad4 <__swbuf_r+0x42>
200a9b46:	85a2                	mv	a1,s0
200a9b48:	8526                	mv	a0,s1
200a9b4a:	2cb5                	jal	200a9dc6 <_fflush_r>
200a9b4c:	d541                	beqz	a0,200a9ad4 <__swbuf_r+0x42>
200a9b4e:	b751                	j	200a9ad2 <__swbuf_r+0x40>

200a9b50 <_write_r>:
200a9b50:	1141                	addi	sp,sp,-16
200a9b52:	c422                	sw	s0,8(sp)
200a9b54:	842a                	mv	s0,a0
200a9b56:	852e                	mv	a0,a1
200a9b58:	85b2                	mv	a1,a2
200a9b5a:	8636                	mv	a2,a3
200a9b5c:	a401a623          	sw	zero,-1460(gp) # 200c062c <errno>
200a9b60:	c606                	sw	ra,12(sp)
200a9b62:	8bffb0ef          	jal	ra,200a5420 <_write>
200a9b66:	57fd                	li	a5,-1
200a9b68:	00f51663          	bne	a0,a5,200a9b74 <_write_r+0x24>
200a9b6c:	a4c1a783          	lw	a5,-1460(gp) # 200c062c <errno>
200a9b70:	c391                	beqz	a5,200a9b74 <_write_r+0x24>
200a9b72:	c01c                	sw	a5,0(s0)
200a9b74:	40b2                	lw	ra,12(sp)
200a9b76:	4422                	lw	s0,8(sp)
200a9b78:	0141                	addi	sp,sp,16
200a9b7a:	8082                	ret

200a9b7c <__swsetup_r>:
200a9b7c:	1141                	addi	sp,sp,-16
200a9b7e:	c422                	sw	s0,8(sp)
200a9b80:	c226                	sw	s1,4(sp)
200a9b82:	c04a                	sw	s2,0(sp)
200a9b84:	c606                	sw	ra,12(sp)
200a9b86:	8241a483          	lw	s1,-2012(gp) # 200c0404 <_impure_ptr>
200a9b8a:	892a                	mv	s2,a0
200a9b8c:	842e                	mv	s0,a1
200a9b8e:	c491                	beqz	s1,200a9b9a <__swsetup_r+0x1e>
200a9b90:	4c9c                	lw	a5,24(s1)
200a9b92:	e781                	bnez	a5,200a9b9a <__swsetup_r+0x1e>
200a9b94:	8526                	mv	a0,s1
200a9b96:	819ff0ef          	jal	ra,200a93ae <__sinit>
200a9b9a:	00001797          	auipc	a5,0x1
200a9b9e:	14678793          	addi	a5,a5,326 # 200aace0 <__sf_fake_stdin>
200a9ba2:	02f41363          	bne	s0,a5,200a9bc8 <__swsetup_r+0x4c>
200a9ba6:	40c0                	lw	s0,4(s1)
200a9ba8:	00c41783          	lh	a5,12(s0)
200a9bac:	0087f713          	andi	a4,a5,8
200a9bb0:	e725                	bnez	a4,200a9c18 <__swsetup_r+0x9c>
200a9bb2:	0107f713          	andi	a4,a5,16
200a9bb6:	eb0d                	bnez	a4,200a9be8 <__swsetup_r+0x6c>
200a9bb8:	4725                	li	a4,9
200a9bba:	00e92023          	sw	a4,0(s2)
200a9bbe:	0407e793          	ori	a5,a5,64
200a9bc2:	a45e                	sh	a5,12(s0)
200a9bc4:	557d                	li	a0,-1
200a9bc6:	a071                	j	200a9c52 <__swsetup_r+0xd6>
200a9bc8:	00001797          	auipc	a5,0x1
200a9bcc:	0f878793          	addi	a5,a5,248 # 200aacc0 <__sf_fake_stdout>
200a9bd0:	00f41463          	bne	s0,a5,200a9bd8 <__swsetup_r+0x5c>
200a9bd4:	4480                	lw	s0,8(s1)
200a9bd6:	bfc9                	j	200a9ba8 <__swsetup_r+0x2c>
200a9bd8:	00001797          	auipc	a5,0x1
200a9bdc:	0c878793          	addi	a5,a5,200 # 200aaca0 <__sf_fake_stderr>
200a9be0:	fcf414e3          	bne	s0,a5,200a9ba8 <__swsetup_r+0x2c>
200a9be4:	44c0                	lw	s0,12(s1)
200a9be6:	b7c9                	j	200a9ba8 <__swsetup_r+0x2c>
200a9be8:	8b91                	andi	a5,a5,4
200a9bea:	c39d                	beqz	a5,200a9c10 <__swsetup_r+0x94>
200a9bec:	584c                	lw	a1,52(s0)
200a9bee:	c989                	beqz	a1,200a9c00 <__swsetup_r+0x84>
200a9bf0:	04440793          	addi	a5,s0,68
200a9bf4:	00f58463          	beq	a1,a5,200a9bfc <__swsetup_r+0x80>
200a9bf8:	854a                	mv	a0,s2
200a9bfa:	2e69                	jal	200a9f94 <_free_r>
200a9bfc:	02042a23          	sw	zero,52(s0)
200a9c00:	245e                	lhu	a5,12(s0)
200a9c02:	00042223          	sw	zero,4(s0)
200a9c06:	fdb7f793          	andi	a5,a5,-37
200a9c0a:	a45e                	sh	a5,12(s0)
200a9c0c:	481c                	lw	a5,16(s0)
200a9c0e:	c01c                	sw	a5,0(s0)
200a9c10:	245e                	lhu	a5,12(s0)
200a9c12:	0087e793          	ori	a5,a5,8
200a9c16:	a45e                	sh	a5,12(s0)
200a9c18:	481c                	lw	a5,16(s0)
200a9c1a:	eb99                	bnez	a5,200a9c30 <__swsetup_r+0xb4>
200a9c1c:	245e                	lhu	a5,12(s0)
200a9c1e:	20000713          	li	a4,512
200a9c22:	2807f793          	andi	a5,a5,640
200a9c26:	00e78563          	beq	a5,a4,200a9c30 <__swsetup_r+0xb4>
200a9c2a:	85a2                	mv	a1,s0
200a9c2c:	854a                	mv	a0,s2
200a9c2e:	2465                	jal	200a9ed6 <__smakebuf_r>
200a9c30:	00c41783          	lh	a5,12(s0)
200a9c34:	0017f713          	andi	a4,a5,1
200a9c38:	c31d                	beqz	a4,200a9c5e <__swsetup_r+0xe2>
200a9c3a:	4858                	lw	a4,20(s0)
200a9c3c:	00042423          	sw	zero,8(s0)
200a9c40:	40e00733          	neg	a4,a4
200a9c44:	cc18                	sw	a4,24(s0)
200a9c46:	4818                	lw	a4,16(s0)
200a9c48:	4501                	li	a0,0
200a9c4a:	e701                	bnez	a4,200a9c52 <__swsetup_r+0xd6>
200a9c4c:	0807f713          	andi	a4,a5,128
200a9c50:	f73d                	bnez	a4,200a9bbe <__swsetup_r+0x42>
200a9c52:	40b2                	lw	ra,12(sp)
200a9c54:	4422                	lw	s0,8(sp)
200a9c56:	4492                	lw	s1,4(sp)
200a9c58:	4902                	lw	s2,0(sp)
200a9c5a:	0141                	addi	sp,sp,16
200a9c5c:	8082                	ret
200a9c5e:	0027f713          	andi	a4,a5,2
200a9c62:	4681                	li	a3,0
200a9c64:	e311                	bnez	a4,200a9c68 <__swsetup_r+0xec>
200a9c66:	4854                	lw	a3,20(s0)
200a9c68:	c414                	sw	a3,8(s0)
200a9c6a:	bff1                	j	200a9c46 <__swsetup_r+0xca>

200a9c6c <_close_r>:
200a9c6c:	1141                	addi	sp,sp,-16
200a9c6e:	c422                	sw	s0,8(sp)
200a9c70:	842a                	mv	s0,a0
200a9c72:	852e                	mv	a0,a1
200a9c74:	a401a623          	sw	zero,-1460(gp) # 200c062c <errno>
200a9c78:	c606                	sw	ra,12(sp)
200a9c7a:	7ba000ef          	jal	ra,200aa434 <_close>
200a9c7e:	57fd                	li	a5,-1
200a9c80:	00f51663          	bne	a0,a5,200a9c8c <_close_r+0x20>
200a9c84:	a4c1a783          	lw	a5,-1460(gp) # 200c062c <errno>
200a9c88:	c391                	beqz	a5,200a9c8c <_close_r+0x20>
200a9c8a:	c01c                	sw	a5,0(s0)
200a9c8c:	40b2                	lw	ra,12(sp)
200a9c8e:	4422                	lw	s0,8(sp)
200a9c90:	0141                	addi	sp,sp,16
200a9c92:	8082                	ret

200a9c94 <__sflush_r>:
200a9c94:	00c59783          	lh	a5,12(a1)
200a9c98:	1101                	addi	sp,sp,-32
200a9c9a:	cc22                	sw	s0,24(sp)
200a9c9c:	ca26                	sw	s1,20(sp)
200a9c9e:	ce06                	sw	ra,28(sp)
200a9ca0:	c84a                	sw	s2,16(sp)
200a9ca2:	c64e                	sw	s3,12(sp)
200a9ca4:	0087f713          	andi	a4,a5,8
200a9ca8:	84aa                	mv	s1,a0
200a9caa:	842e                	mv	s0,a1
200a9cac:	e379                	bnez	a4,200a9d72 <__sflush_r+0xde>
200a9cae:	41d8                	lw	a4,4(a1)
200a9cb0:	00e04563          	bgtz	a4,200a9cba <__sflush_r+0x26>
200a9cb4:	41b8                	lw	a4,64(a1)
200a9cb6:	08e05663          	blez	a4,200a9d42 <__sflush_r+0xae>
200a9cba:	5458                	lw	a4,44(s0)
200a9cbc:	c359                	beqz	a4,200a9d42 <__sflush_r+0xae>
200a9cbe:	0004a903          	lw	s2,0(s1)
200a9cc2:	0004a023          	sw	zero,0(s1)
200a9cc6:	500c                	lw	a1,32(s0)
200a9cc8:	48c7d793          	bexti	a5,a5,0xc
200a9ccc:	cba9                	beqz	a5,200a9d1e <__sflush_r+0x8a>
200a9cce:	4870                	lw	a2,84(s0)
200a9cd0:	245e                	lhu	a5,12(s0)
200a9cd2:	8b91                	andi	a5,a5,4
200a9cd4:	c799                	beqz	a5,200a9ce2 <__sflush_r+0x4e>
200a9cd6:	405c                	lw	a5,4(s0)
200a9cd8:	8e1d                	sub	a2,a2,a5
200a9cda:	585c                	lw	a5,52(s0)
200a9cdc:	c399                	beqz	a5,200a9ce2 <__sflush_r+0x4e>
200a9cde:	403c                	lw	a5,64(s0)
200a9ce0:	8e1d                	sub	a2,a2,a5
200a9ce2:	545c                	lw	a5,44(s0)
200a9ce4:	500c                	lw	a1,32(s0)
200a9ce6:	4681                	li	a3,0
200a9ce8:	8526                	mv	a0,s1
200a9cea:	9782                	jalr	a5
200a9cec:	57fd                	li	a5,-1
200a9cee:	04f50c63          	beq	a0,a5,200a9d46 <__sflush_r+0xb2>
200a9cf2:	481c                	lw	a5,16(s0)
200a9cf4:	6705                	lui	a4,0x1
200a9cf6:	00042223          	sw	zero,4(s0)
200a9cfa:	c01c                	sw	a5,0(s0)
200a9cfc:	245e                	lhu	a5,12(s0)
200a9cfe:	8ff9                	and	a5,a5,a4
200a9d00:	c391                	beqz	a5,200a9d04 <__sflush_r+0x70>
200a9d02:	c868                	sw	a0,84(s0)
200a9d04:	584c                	lw	a1,52(s0)
200a9d06:	0124a023          	sw	s2,0(s1)
200a9d0a:	cd85                	beqz	a1,200a9d42 <__sflush_r+0xae>
200a9d0c:	04440793          	addi	a5,s0,68
200a9d10:	00f58463          	beq	a1,a5,200a9d18 <__sflush_r+0x84>
200a9d14:	8526                	mv	a0,s1
200a9d16:	2cbd                	jal	200a9f94 <_free_r>
200a9d18:	02042a23          	sw	zero,52(s0)
200a9d1c:	a01d                	j	200a9d42 <__sflush_r+0xae>
200a9d1e:	4601                	li	a2,0
200a9d20:	4685                	li	a3,1
200a9d22:	8526                	mv	a0,s1
200a9d24:	9702                	jalr	a4
200a9d26:	57fd                	li	a5,-1
200a9d28:	862a                	mv	a2,a0
200a9d2a:	faf513e3          	bne	a0,a5,200a9cd0 <__sflush_r+0x3c>
200a9d2e:	409c                	lw	a5,0(s1)
200a9d30:	d3c5                	beqz	a5,200a9cd0 <__sflush_r+0x3c>
200a9d32:	4775                	li	a4,29
200a9d34:	00e78563          	beq	a5,a4,200a9d3e <__sflush_r+0xaa>
200a9d38:	4759                	li	a4,22
200a9d3a:	06e79563          	bne	a5,a4,200a9da4 <__sflush_r+0x110>
200a9d3e:	0124a023          	sw	s2,0(s1)
200a9d42:	4501                	li	a0,0
200a9d44:	a0b5                	j	200a9db0 <__sflush_r+0x11c>
200a9d46:	4098                	lw	a4,0(s1)
200a9d48:	00c41783          	lh	a5,12(s0)
200a9d4c:	cf01                	beqz	a4,200a9d64 <__sflush_r+0xd0>
200a9d4e:	46f5                	li	a3,29
200a9d50:	00d70563          	beq	a4,a3,200a9d5a <__sflush_r+0xc6>
200a9d54:	46d9                	li	a3,22
200a9d56:	04d71963          	bne	a4,a3,200a9da8 <__sflush_r+0x114>
200a9d5a:	481c                	lw	a5,16(s0)
200a9d5c:	00042223          	sw	zero,4(s0)
200a9d60:	c01c                	sw	a5,0(s0)
200a9d62:	b74d                	j	200a9d04 <__sflush_r+0x70>
200a9d64:	4818                	lw	a4,16(s0)
200a9d66:	00042223          	sw	zero,4(s0)
200a9d6a:	48c7d793          	bexti	a5,a5,0xc
200a9d6e:	c018                	sw	a4,0(s0)
200a9d70:	bf41                	j	200a9d00 <__sflush_r+0x6c>
200a9d72:	0105a983          	lw	s3,16(a1)
200a9d76:	fc0986e3          	beqz	s3,200a9d42 <__sflush_r+0xae>
200a9d7a:	0005a903          	lw	s2,0(a1)
200a9d7e:	8b8d                	andi	a5,a5,3
200a9d80:	0135a023          	sw	s3,0(a1)
200a9d84:	41390933          	sub	s2,s2,s3
200a9d88:	4701                	li	a4,0
200a9d8a:	e391                	bnez	a5,200a9d8e <__sflush_r+0xfa>
200a9d8c:	49d8                	lw	a4,20(a1)
200a9d8e:	c418                	sw	a4,8(s0)
200a9d90:	fb2059e3          	blez	s2,200a9d42 <__sflush_r+0xae>
200a9d94:	541c                	lw	a5,40(s0)
200a9d96:	500c                	lw	a1,32(s0)
200a9d98:	86ca                	mv	a3,s2
200a9d9a:	864e                	mv	a2,s3
200a9d9c:	8526                	mv	a0,s1
200a9d9e:	9782                	jalr	a5
200a9da0:	00a04f63          	bgtz	a0,200a9dbe <__sflush_r+0x12a>
200a9da4:	00c41783          	lh	a5,12(s0)
200a9da8:	0407e793          	ori	a5,a5,64
200a9dac:	a45e                	sh	a5,12(s0)
200a9dae:	557d                	li	a0,-1
200a9db0:	40f2                	lw	ra,28(sp)
200a9db2:	4462                	lw	s0,24(sp)
200a9db4:	44d2                	lw	s1,20(sp)
200a9db6:	4942                	lw	s2,16(sp)
200a9db8:	49b2                	lw	s3,12(sp)
200a9dba:	6105                	addi	sp,sp,32
200a9dbc:	8082                	ret
200a9dbe:	99aa                	add	s3,s3,a0
200a9dc0:	40a90933          	sub	s2,s2,a0
200a9dc4:	b7f1                	j	200a9d90 <__sflush_r+0xfc>

200a9dc6 <_fflush_r>:
200a9dc6:	499c                	lw	a5,16(a1)
200a9dc8:	1141                	addi	sp,sp,-16
200a9dca:	c606                	sw	ra,12(sp)
200a9dcc:	c422                	sw	s0,8(sp)
200a9dce:	c226                	sw	s1,4(sp)
200a9dd0:	eb81                	bnez	a5,200a9de0 <_fflush_r+0x1a>
200a9dd2:	4481                	li	s1,0
200a9dd4:	40b2                	lw	ra,12(sp)
200a9dd6:	4422                	lw	s0,8(sp)
200a9dd8:	8526                	mv	a0,s1
200a9dda:	4492                	lw	s1,4(sp)
200a9ddc:	0141                	addi	sp,sp,16
200a9dde:	8082                	ret
200a9de0:	84aa                	mv	s1,a0
200a9de2:	842e                	mv	s0,a1
200a9de4:	c509                	beqz	a0,200a9dee <_fflush_r+0x28>
200a9de6:	4d1c                	lw	a5,24(a0)
200a9de8:	e399                	bnez	a5,200a9dee <_fflush_r+0x28>
200a9dea:	dc4ff0ef          	jal	ra,200a93ae <__sinit>
200a9dee:	00001797          	auipc	a5,0x1
200a9df2:	ef278793          	addi	a5,a5,-270 # 200aace0 <__sf_fake_stdin>
200a9df6:	02f41f63          	bne	s0,a5,200a9e34 <_fflush_r+0x6e>
200a9dfa:	40c0                	lw	s0,4(s1)
200a9dfc:	00c41783          	lh	a5,12(s0)
200a9e00:	dbe9                	beqz	a5,200a9dd2 <_fflush_r+0xc>
200a9e02:	5078                	lw	a4,100(s0)
200a9e04:	8b05                	andi	a4,a4,1
200a9e06:	e719                	bnez	a4,200a9e14 <_fflush_r+0x4e>
200a9e08:	2007f793          	andi	a5,a5,512
200a9e0c:	e781                	bnez	a5,200a9e14 <_fflush_r+0x4e>
200a9e0e:	4c28                	lw	a0,88(s0)
200a9e10:	f2aff0ef          	jal	ra,200a953a <__retarget_lock_acquire_recursive>
200a9e14:	8526                	mv	a0,s1
200a9e16:	85a2                	mv	a1,s0
200a9e18:	e7dff0ef          	jal	ra,200a9c94 <__sflush_r>
200a9e1c:	507c                	lw	a5,100(s0)
200a9e1e:	84aa                	mv	s1,a0
200a9e20:	8b85                	andi	a5,a5,1
200a9e22:	fbcd                	bnez	a5,200a9dd4 <_fflush_r+0xe>
200a9e24:	245e                	lhu	a5,12(s0)
200a9e26:	2007f793          	andi	a5,a5,512
200a9e2a:	f7cd                	bnez	a5,200a9dd4 <_fflush_r+0xe>
200a9e2c:	4c28                	lw	a0,88(s0)
200a9e2e:	f0eff0ef          	jal	ra,200a953c <__retarget_lock_release_recursive>
200a9e32:	b74d                	j	200a9dd4 <_fflush_r+0xe>
200a9e34:	00001797          	auipc	a5,0x1
200a9e38:	e8c78793          	addi	a5,a5,-372 # 200aacc0 <__sf_fake_stdout>
200a9e3c:	00f41463          	bne	s0,a5,200a9e44 <_fflush_r+0x7e>
200a9e40:	4480                	lw	s0,8(s1)
200a9e42:	bf6d                	j	200a9dfc <_fflush_r+0x36>
200a9e44:	00001797          	auipc	a5,0x1
200a9e48:	e5c78793          	addi	a5,a5,-420 # 200aaca0 <__sf_fake_stderr>
200a9e4c:	faf418e3          	bne	s0,a5,200a9dfc <_fflush_r+0x36>
200a9e50:	44c0                	lw	s0,12(s1)
200a9e52:	b76d                	j	200a9dfc <_fflush_r+0x36>

200a9e54 <_lseek_r>:
200a9e54:	1141                	addi	sp,sp,-16
200a9e56:	c422                	sw	s0,8(sp)
200a9e58:	842a                	mv	s0,a0
200a9e5a:	852e                	mv	a0,a1
200a9e5c:	85b2                	mv	a1,a2
200a9e5e:	8636                	mv	a2,a3
200a9e60:	a401a623          	sw	zero,-1460(gp) # 200c062c <errno>
200a9e64:	c606                	sw	ra,12(sp)
200a9e66:	2bcd                	jal	200aa458 <_lseek>
200a9e68:	57fd                	li	a5,-1
200a9e6a:	00f51663          	bne	a0,a5,200a9e76 <_lseek_r+0x22>
200a9e6e:	a4c1a783          	lw	a5,-1460(gp) # 200c062c <errno>
200a9e72:	c391                	beqz	a5,200a9e76 <_lseek_r+0x22>
200a9e74:	c01c                	sw	a5,0(s0)
200a9e76:	40b2                	lw	ra,12(sp)
200a9e78:	4422                	lw	s0,8(sp)
200a9e7a:	0141                	addi	sp,sp,16
200a9e7c:	8082                	ret

200a9e7e <__swhatbuf_r>:
200a9e7e:	7159                	addi	sp,sp,-112
200a9e80:	d4a2                	sw	s0,104(sp)
200a9e82:	842e                	mv	s0,a1
200a9e84:	00e59583          	lh	a1,14(a1)
200a9e88:	d2a6                	sw	s1,100(sp)
200a9e8a:	d0ca                	sw	s2,96(sp)
200a9e8c:	d686                	sw	ra,108(sp)
200a9e8e:	84b2                	mv	s1,a2
200a9e90:	8936                	mv	s2,a3
200a9e92:	0205d263          	bgez	a1,200a9eb6 <__swhatbuf_r+0x38>
200a9e96:	245e                	lhu	a5,12(s0)
200a9e98:	0807f793          	andi	a5,a5,128
200a9e9c:	eb8d                	bnez	a5,200a9ece <__swhatbuf_r+0x50>
200a9e9e:	40000713          	li	a4,1024
200a9ea2:	50b6                	lw	ra,108(sp)
200a9ea4:	5426                	lw	s0,104(sp)
200a9ea6:	00f92023          	sw	a5,0(s2)
200a9eaa:	c098                	sw	a4,0(s1)
200a9eac:	5906                	lw	s2,96(sp)
200a9eae:	5496                	lw	s1,100(sp)
200a9eb0:	4501                	li	a0,0
200a9eb2:	6165                	addi	sp,sp,112
200a9eb4:	8082                	ret
200a9eb6:	0030                	addi	a2,sp,8
200a9eb8:	233d                	jal	200aa3e6 <_fstat_r>
200a9eba:	fc054ee3          	bltz	a0,200a9e96 <__swhatbuf_r+0x18>
200a9ebe:	4732                	lw	a4,12(sp)
200a9ec0:	67bd                	lui	a5,0xf
200a9ec2:	8ff9                	and	a5,a5,a4
200a9ec4:	7779                	lui	a4,0xffffe
200a9ec6:	97ba                	add	a5,a5,a4
200a9ec8:	0017b793          	seqz	a5,a5
200a9ecc:	bfc9                	j	200a9e9e <__swhatbuf_r+0x20>
200a9ece:	4781                	li	a5,0
200a9ed0:	04000713          	li	a4,64
200a9ed4:	b7f9                	j	200a9ea2 <__swhatbuf_r+0x24>

200a9ed6 <__smakebuf_r>:
200a9ed6:	25de                	lhu	a5,12(a1)
200a9ed8:	7179                	addi	sp,sp,-48
200a9eda:	d422                	sw	s0,40(sp)
200a9edc:	d606                	sw	ra,44(sp)
200a9ede:	d226                	sw	s1,36(sp)
200a9ee0:	d04a                	sw	s2,32(sp)
200a9ee2:	ce4e                	sw	s3,28(sp)
200a9ee4:	8b89                	andi	a5,a5,2
200a9ee6:	842e                	mv	s0,a1
200a9ee8:	cf91                	beqz	a5,200a9f04 <__smakebuf_r+0x2e>
200a9eea:	04740793          	addi	a5,s0,71
200a9eee:	c01c                	sw	a5,0(s0)
200a9ef0:	c81c                	sw	a5,16(s0)
200a9ef2:	4785                	li	a5,1
200a9ef4:	c85c                	sw	a5,20(s0)
200a9ef6:	50b2                	lw	ra,44(sp)
200a9ef8:	5422                	lw	s0,40(sp)
200a9efa:	5492                	lw	s1,36(sp)
200a9efc:	5902                	lw	s2,32(sp)
200a9efe:	49f2                	lw	s3,28(sp)
200a9f00:	6145                	addi	sp,sp,48
200a9f02:	8082                	ret
200a9f04:	0074                	addi	a3,sp,12
200a9f06:	0030                	addi	a2,sp,8
200a9f08:	84aa                	mv	s1,a0
200a9f0a:	f75ff0ef          	jal	ra,200a9e7e <__swhatbuf_r>
200a9f0e:	49a2                	lw	s3,8(sp)
200a9f10:	892a                	mv	s2,a0
200a9f12:	8526                	mv	a0,s1
200a9f14:	85ce                	mv	a1,s3
200a9f16:	e7cff0ef          	jal	ra,200a9592 <_malloc_r>
200a9f1a:	e919                	bnez	a0,200a9f30 <__smakebuf_r+0x5a>
200a9f1c:	00c41783          	lh	a5,12(s0)
200a9f20:	2007f713          	andi	a4,a5,512
200a9f24:	fb69                	bnez	a4,200a9ef6 <__smakebuf_r+0x20>
200a9f26:	9bf1                	andi	a5,a5,-4
200a9f28:	0027e793          	ori	a5,a5,2
200a9f2c:	a45e                	sh	a5,12(s0)
200a9f2e:	bf75                	j	200a9eea <__smakebuf_r+0x14>
200a9f30:	fffff797          	auipc	a5,0xfffff
200a9f34:	41678793          	addi	a5,a5,1046 # 200a9346 <_cleanup_r>
200a9f38:	d49c                	sw	a5,40(s1)
200a9f3a:	245e                	lhu	a5,12(s0)
200a9f3c:	c008                	sw	a0,0(s0)
200a9f3e:	c808                	sw	a0,16(s0)
200a9f40:	0807e793          	ori	a5,a5,128
200a9f44:	a45e                	sh	a5,12(s0)
200a9f46:	47b2                	lw	a5,12(sp)
200a9f48:	01342a23          	sw	s3,20(s0)
200a9f4c:	cb99                	beqz	a5,200a9f62 <__smakebuf_r+0x8c>
200a9f4e:	00e41583          	lh	a1,14(s0)
200a9f52:	8526                	mv	a0,s1
200a9f54:	296d                	jal	200aa40e <_isatty_r>
200a9f56:	c511                	beqz	a0,200a9f62 <__smakebuf_r+0x8c>
200a9f58:	245e                	lhu	a5,12(s0)
200a9f5a:	9bf1                	andi	a5,a5,-4
200a9f5c:	0017e793          	ori	a5,a5,1
200a9f60:	a45e                	sh	a5,12(s0)
200a9f62:	245e                	lhu	a5,12(s0)
200a9f64:	0127e533          	or	a0,a5,s2
200a9f68:	a44a                	sh	a0,12(s0)
200a9f6a:	b771                	j	200a9ef6 <__smakebuf_r+0x20>

200a9f6c <memchr>:
200a9f6c:	0ff5f593          	zext.b	a1,a1
200a9f70:	962a                	add	a2,a2,a0
200a9f72:	00c51463          	bne	a0,a2,200a9f7a <memchr+0xe>
200a9f76:	4501                	li	a0,0
200a9f78:	8082                	ret
200a9f7a:	211c                	lbu	a5,0(a0)
200a9f7c:	feb78ee3          	beq	a5,a1,200a9f78 <memchr+0xc>
200a9f80:	0505                	addi	a0,a0,1
200a9f82:	bfc5                	j	200a9f72 <memchr+0x6>

200a9f84 <__malloc_lock>:
200a9f84:	a3818513          	addi	a0,gp,-1480 # 200c0618 <__lock___malloc_recursive_mutex>
200a9f88:	db2ff06f          	j	200a953a <__retarget_lock_acquire_recursive>

200a9f8c <__malloc_unlock>:
200a9f8c:	a3818513          	addi	a0,gp,-1480 # 200c0618 <__lock___malloc_recursive_mutex>
200a9f90:	dacff06f          	j	200a953c <__retarget_lock_release_recursive>

200a9f94 <_free_r>:
200a9f94:	c1c5                	beqz	a1,200aa034 <_free_r+0xa0>
200a9f96:	ffc5a783          	lw	a5,-4(a1)
200a9f9a:	1101                	addi	sp,sp,-32
200a9f9c:	cc22                	sw	s0,24(sp)
200a9f9e:	ce06                	sw	ra,28(sp)
200a9fa0:	ffc58413          	addi	s0,a1,-4
200a9fa4:	0007d363          	bgez	a5,200a9faa <_free_r+0x16>
200a9fa8:	943e                	add	s0,s0,a5
200a9faa:	c62a                	sw	a0,12(sp)
200a9fac:	fd9ff0ef          	jal	ra,200a9f84 <__malloc_lock>
200a9fb0:	a4818713          	addi	a4,gp,-1464 # 200c0628 <__malloc_free_list>
200a9fb4:	431c                	lw	a5,0(a4)
200a9fb6:	4532                	lw	a0,12(sp)
200a9fb8:	eb89                	bnez	a5,200a9fca <_free_r+0x36>
200a9fba:	00042223          	sw	zero,4(s0)
200a9fbe:	c300                	sw	s0,0(a4)
200a9fc0:	4462                	lw	s0,24(sp)
200a9fc2:	40f2                	lw	ra,28(sp)
200a9fc4:	6105                	addi	sp,sp,32
200a9fc6:	fc7ff06f          	j	200a9f8c <__malloc_unlock>
200a9fca:	00f47d63          	bgeu	s0,a5,200a9fe4 <_free_r+0x50>
200a9fce:	4010                	lw	a2,0(s0)
200a9fd0:	00c406b3          	add	a3,s0,a2
200a9fd4:	00d79663          	bne	a5,a3,200a9fe0 <_free_r+0x4c>
200a9fd8:	4394                	lw	a3,0(a5)
200a9fda:	43dc                	lw	a5,4(a5)
200a9fdc:	96b2                	add	a3,a3,a2
200a9fde:	c014                	sw	a3,0(s0)
200a9fe0:	c05c                	sw	a5,4(s0)
200a9fe2:	bff1                	j	200a9fbe <_free_r+0x2a>
200a9fe4:	873e                	mv	a4,a5
200a9fe6:	43dc                	lw	a5,4(a5)
200a9fe8:	c399                	beqz	a5,200a9fee <_free_r+0x5a>
200a9fea:	fef47de3          	bgeu	s0,a5,200a9fe4 <_free_r+0x50>
200a9fee:	4314                	lw	a3,0(a4)
200a9ff0:	00d70633          	add	a2,a4,a3
200a9ff4:	00861f63          	bne	a2,s0,200aa012 <_free_r+0x7e>
200a9ff8:	4010                	lw	a2,0(s0)
200a9ffa:	96b2                	add	a3,a3,a2
200a9ffc:	c314                	sw	a3,0(a4)
200a9ffe:	00d70633          	add	a2,a4,a3
200aa002:	fac79fe3          	bne	a5,a2,200a9fc0 <_free_r+0x2c>
200aa006:	4390                	lw	a2,0(a5)
200aa008:	43dc                	lw	a5,4(a5)
200aa00a:	96b2                	add	a3,a3,a2
200aa00c:	c314                	sw	a3,0(a4)
200aa00e:	c35c                	sw	a5,4(a4)
200aa010:	bf45                	j	200a9fc0 <_free_r+0x2c>
200aa012:	00c47563          	bgeu	s0,a2,200aa01c <_free_r+0x88>
200aa016:	47b1                	li	a5,12
200aa018:	c11c                	sw	a5,0(a0)
200aa01a:	b75d                	j	200a9fc0 <_free_r+0x2c>
200aa01c:	4010                	lw	a2,0(s0)
200aa01e:	00c406b3          	add	a3,s0,a2
200aa022:	00d79663          	bne	a5,a3,200aa02e <_free_r+0x9a>
200aa026:	4394                	lw	a3,0(a5)
200aa028:	43dc                	lw	a5,4(a5)
200aa02a:	96b2                	add	a3,a3,a2
200aa02c:	c014                	sw	a3,0(s0)
200aa02e:	c05c                	sw	a5,4(s0)
200aa030:	c340                	sw	s0,4(a4)
200aa032:	b779                	j	200a9fc0 <_free_r+0x2c>
200aa034:	8082                	ret

200aa036 <_printf_common>:
200aa036:	7179                	addi	sp,sp,-48
200aa038:	ca56                	sw	s5,20(sp)
200aa03a:	499c                	lw	a5,16(a1)
200aa03c:	8aba                	mv	s5,a4
200aa03e:	4598                	lw	a4,8(a1)
200aa040:	d422                	sw	s0,40(sp)
200aa042:	d04a                	sw	s2,32(sp)
200aa044:	ce4e                	sw	s3,28(sp)
200aa046:	cc52                	sw	s4,24(sp)
200aa048:	d606                	sw	ra,44(sp)
200aa04a:	d226                	sw	s1,36(sp)
200aa04c:	c85a                	sw	s6,16(sp)
200aa04e:	c65e                	sw	s7,12(sp)
200aa050:	0ae7e7b3          	max	a5,a5,a4
200aa054:	c21c                	sw	a5,0(a2)
200aa056:	0435c703          	lbu	a4,67(a1)
200aa05a:	89aa                	mv	s3,a0
200aa05c:	842e                	mv	s0,a1
200aa05e:	8932                	mv	s2,a2
200aa060:	8a36                	mv	s4,a3
200aa062:	c319                	beqz	a4,200aa068 <_printf_common+0x32>
200aa064:	0785                	addi	a5,a5,1
200aa066:	c21c                	sw	a5,0(a2)
200aa068:	401c                	lw	a5,0(s0)
200aa06a:	0207f793          	andi	a5,a5,32
200aa06e:	c791                	beqz	a5,200aa07a <_printf_common+0x44>
200aa070:	00092783          	lw	a5,0(s2)
200aa074:	0789                	addi	a5,a5,2
200aa076:	00f92023          	sw	a5,0(s2)
200aa07a:	4004                	lw	s1,0(s0)
200aa07c:	8899                	andi	s1,s1,6
200aa07e:	e891                	bnez	s1,200aa092 <_printf_common+0x5c>
200aa080:	01940b13          	addi	s6,s0,25
200aa084:	5bfd                	li	s7,-1
200aa086:	445c                	lw	a5,12(s0)
200aa088:	00092703          	lw	a4,0(s2)
200aa08c:	8f99                	sub	a5,a5,a4
200aa08e:	04f4cc63          	blt	s1,a5,200aa0e6 <_printf_common+0xb0>
200aa092:	04344783          	lbu	a5,67(s0)
200aa096:	00f036b3          	snez	a3,a5
200aa09a:	401c                	lw	a5,0(s0)
200aa09c:	0207f793          	andi	a5,a5,32
200aa0a0:	eba5                	bnez	a5,200aa110 <_printf_common+0xda>
200aa0a2:	04340613          	addi	a2,s0,67
200aa0a6:	85d2                	mv	a1,s4
200aa0a8:	854e                	mv	a0,s3
200aa0aa:	9a82                	jalr	s5
200aa0ac:	57fd                	li	a5,-1
200aa0ae:	04f50363          	beq	a0,a5,200aa0f4 <_printf_common+0xbe>
200aa0b2:	401c                	lw	a5,0(s0)
200aa0b4:	4711                	li	a4,4
200aa0b6:	4481                	li	s1,0
200aa0b8:	8b99                	andi	a5,a5,6
200aa0ba:	00e79963          	bne	a5,a4,200aa0cc <_printf_common+0x96>
200aa0be:	00092783          	lw	a5,0(s2)
200aa0c2:	4444                	lw	s1,12(s0)
200aa0c4:	8c9d                	sub	s1,s1,a5
200aa0c6:	4781                	li	a5,0
200aa0c8:	0af4e4b3          	max	s1,s1,a5
200aa0cc:	441c                	lw	a5,8(s0)
200aa0ce:	4818                	lw	a4,16(s0)
200aa0d0:	00f75463          	bge	a4,a5,200aa0d8 <_printf_common+0xa2>
200aa0d4:	8f99                	sub	a5,a5,a4
200aa0d6:	94be                	add	s1,s1,a5
200aa0d8:	4901                	li	s2,0
200aa0da:	0469                	addi	s0,s0,26
200aa0dc:	5b7d                	li	s6,-1
200aa0de:	05249863          	bne	s1,s2,200aa12e <_printf_common+0xf8>
200aa0e2:	4501                	li	a0,0
200aa0e4:	a809                	j	200aa0f6 <_printf_common+0xc0>
200aa0e6:	4685                	li	a3,1
200aa0e8:	865a                	mv	a2,s6
200aa0ea:	85d2                	mv	a1,s4
200aa0ec:	854e                	mv	a0,s3
200aa0ee:	9a82                	jalr	s5
200aa0f0:	01751e63          	bne	a0,s7,200aa10c <_printf_common+0xd6>
200aa0f4:	557d                	li	a0,-1
200aa0f6:	50b2                	lw	ra,44(sp)
200aa0f8:	5422                	lw	s0,40(sp)
200aa0fa:	5492                	lw	s1,36(sp)
200aa0fc:	5902                	lw	s2,32(sp)
200aa0fe:	49f2                	lw	s3,28(sp)
200aa100:	4a62                	lw	s4,24(sp)
200aa102:	4ad2                	lw	s5,20(sp)
200aa104:	4b42                	lw	s6,16(sp)
200aa106:	4bb2                	lw	s7,12(sp)
200aa108:	6145                	addi	sp,sp,48
200aa10a:	8082                	ret
200aa10c:	0485                	addi	s1,s1,1
200aa10e:	bfa5                	j	200aa086 <_printf_common+0x50>
200aa110:	00d40733          	add	a4,s0,a3
200aa114:	03000613          	li	a2,48
200aa118:	04c701a3          	sb	a2,67(a4) # ffffe043 <__freertos_irq_stack_topV5+0xdfefe043>
200aa11c:	04544703          	lbu	a4,69(s0)
200aa120:	00168793          	addi	a5,a3,1
200aa124:	97a2                	add	a5,a5,s0
200aa126:	0689                	addi	a3,a3,2
200aa128:	04e781a3          	sb	a4,67(a5)
200aa12c:	bf9d                	j	200aa0a2 <_printf_common+0x6c>
200aa12e:	4685                	li	a3,1
200aa130:	8622                	mv	a2,s0
200aa132:	85d2                	mv	a1,s4
200aa134:	854e                	mv	a0,s3
200aa136:	9a82                	jalr	s5
200aa138:	fb650ee3          	beq	a0,s6,200aa0f4 <_printf_common+0xbe>
200aa13c:	0905                	addi	s2,s2,1
200aa13e:	b745                	j	200aa0de <_printf_common+0xa8>

200aa140 <_printf_i>:
200aa140:	7179                	addi	sp,sp,-48
200aa142:	d422                	sw	s0,40(sp)
200aa144:	d04a                	sw	s2,32(sp)
200aa146:	ce4e                	sw	s3,28(sp)
200aa148:	cc52                	sw	s4,24(sp)
200aa14a:	d606                	sw	ra,44(sp)
200aa14c:	d226                	sw	s1,36(sp)
200aa14e:	ca56                	sw	s5,20(sp)
200aa150:	c85a                	sw	s6,16(sp)
200aa152:	0185c803          	lbu	a6,24(a1)
200aa156:	07800793          	li	a5,120
200aa15a:	892a                	mv	s2,a0
200aa15c:	842e                	mv	s0,a1
200aa15e:	89b2                	mv	s3,a2
200aa160:	8a36                	mv	s4,a3
200aa162:	0307e263          	bltu	a5,a6,200aa186 <_printf_i+0x46>
200aa166:	06200793          	li	a5,98
200aa16a:	04358693          	addi	a3,a1,67
200aa16e:	0307e163          	bltu	a5,a6,200aa190 <_printf_i+0x50>
200aa172:	1c080c63          	beqz	a6,200aa34a <_printf_i+0x20a>
200aa176:	05800793          	li	a5,88
200aa17a:	00001617          	auipc	a2,0x1
200aa17e:	b9a60613          	addi	a2,a2,-1126 # 200aad14 <__sf_fake_stdin+0x34>
200aa182:	14f80863          	beq	a6,a5,200aa2d2 <_printf_i+0x192>
200aa186:	04240493          	addi	s1,s0,66
200aa18a:	05040123          	sb	a6,66(s0)
200aa18e:	a815                	j	200aa1c2 <_printf_i+0x82>
200aa190:	f9d80793          	addi	a5,a6,-99
200aa194:	0ff7f793          	zext.b	a5,a5
200aa198:	4655                	li	a2,21
200aa19a:	fef666e3          	bltu	a2,a5,200aa186 <_printf_i+0x46>
200aa19e:	00001617          	auipc	a2,0x1
200aa1a2:	b9e60613          	addi	a2,a2,-1122 # 200aad3c <__sf_fake_stdin+0x5c>
200aa1a6:	20c7c7b3          	sh2add	a5,a5,a2
200aa1aa:	439c                	lw	a5,0(a5)
200aa1ac:	97b2                	add	a5,a5,a2
200aa1ae:	8782                	jr	a5
200aa1b0:	431c                	lw	a5,0(a4)
200aa1b2:	04258493          	addi	s1,a1,66
200aa1b6:	00478693          	addi	a3,a5,4
200aa1ba:	439c                	lw	a5,0(a5)
200aa1bc:	c314                	sw	a3,0(a4)
200aa1be:	04f58123          	sb	a5,66(a1)
200aa1c2:	4785                	li	a5,1
200aa1c4:	a275                	j	200aa370 <_printf_i+0x230>
200aa1c6:	4190                	lw	a2,0(a1)
200aa1c8:	431c                	lw	a5,0(a4)
200aa1ca:	08067513          	andi	a0,a2,128
200aa1ce:	00478593          	addi	a1,a5,4
200aa1d2:	c129                	beqz	a0,200aa214 <_printf_i+0xd4>
200aa1d4:	439c                	lw	a5,0(a5)
200aa1d6:	c30c                	sw	a1,0(a4)
200aa1d8:	4058                	lw	a4,4(s0)
200aa1da:	1207df63          	bgez	a5,200aa318 <_printf_i+0x1d8>
200aa1de:	02d00593          	li	a1,45
200aa1e2:	04b401a3          	sb	a1,67(s0)
200aa1e6:	c418                	sw	a4,8(s0)
200aa1e8:	02075e63          	bgez	a4,200aa224 <_printf_i+0xe4>
200aa1ec:	40f007b3          	neg	a5,a5
200aa1f0:	00001617          	auipc	a2,0x1
200aa1f4:	b2460613          	addi	a2,a2,-1244 # 200aad14 <__sf_fake_stdin+0x34>
200aa1f8:	4829                	li	a6,10
200aa1fa:	84b6                	mv	s1,a3
200aa1fc:	0307f733          	remu	a4,a5,a6
200aa200:	14fd                	addi	s1,s1,-1
200aa202:	9732                	add	a4,a4,a2
200aa204:	2318                	lbu	a4,0(a4)
200aa206:	a098                	sb	a4,0(s1)
200aa208:	873e                	mv	a4,a5
200aa20a:	0307d7b3          	divu	a5,a5,a6
200aa20e:	ff0777e3          	bgeu	a4,a6,200aa1fc <_printf_i+0xbc>
200aa212:	a085                	j	200aa272 <_printf_i+0x132>
200aa214:	439c                	lw	a5,0(a5)
200aa216:	04067513          	andi	a0,a2,64
200aa21a:	c30c                	sw	a1,0(a4)
200aa21c:	dd55                	beqz	a0,200aa1d8 <_printf_i+0x98>
200aa21e:	60579793          	sext.h	a5,a5
200aa222:	bf5d                	j	200aa1d8 <_printf_i+0x98>
200aa224:	9a6d                	andi	a2,a2,-5
200aa226:	c010                	sw	a2,0(s0)
200aa228:	b7d1                	j	200aa1ec <_printf_i+0xac>
200aa22a:	4190                	lw	a2,0(a1)
200aa22c:	431c                	lw	a5,0(a4)
200aa22e:	08067513          	andi	a0,a2,128
200aa232:	00478593          	addi	a1,a5,4
200aa236:	c501                	beqz	a0,200aa23e <_printf_i+0xfe>
200aa238:	c30c                	sw	a1,0(a4)
200aa23a:	439c                	lw	a5,0(a5)
200aa23c:	a031                	j	200aa248 <_printf_i+0x108>
200aa23e:	04067613          	andi	a2,a2,64
200aa242:	c30c                	sw	a1,0(a4)
200aa244:	da7d                	beqz	a2,200aa23a <_printf_i+0xfa>
200aa246:	239e                	lhu	a5,0(a5)
200aa248:	06f00713          	li	a4,111
200aa24c:	00001617          	auipc	a2,0x1
200aa250:	ac860613          	addi	a2,a2,-1336 # 200aad14 <__sf_fake_stdin+0x34>
200aa254:	0ce81063          	bne	a6,a4,200aa314 <_printf_i+0x1d4>
200aa258:	4821                	li	a6,8
200aa25a:	040401a3          	sb	zero,67(s0)
200aa25e:	4058                	lw	a4,4(s0)
200aa260:	c418                	sw	a4,8(s0)
200aa262:	f8074ce3          	bltz	a4,200aa1fa <_printf_i+0xba>
200aa266:	400c                	lw	a1,0(s0)
200aa268:	99ed                	andi	a1,a1,-5
200aa26a:	c00c                	sw	a1,0(s0)
200aa26c:	f7d9                	bnez	a5,200aa1fa <_printf_i+0xba>
200aa26e:	84b6                	mv	s1,a3
200aa270:	f749                	bnez	a4,200aa1fa <_printf_i+0xba>
200aa272:	47a1                	li	a5,8
200aa274:	00f81e63          	bne	a6,a5,200aa290 <_printf_i+0x150>
200aa278:	401c                	lw	a5,0(s0)
200aa27a:	8b85                	andi	a5,a5,1
200aa27c:	cb91                	beqz	a5,200aa290 <_printf_i+0x150>
200aa27e:	4058                	lw	a4,4(s0)
200aa280:	481c                	lw	a5,16(s0)
200aa282:	00e7c763          	blt	a5,a4,200aa290 <_printf_i+0x150>
200aa286:	03000793          	li	a5,48
200aa28a:	fef48fa3          	sb	a5,-1(s1)
200aa28e:	14fd                	addi	s1,s1,-1
200aa290:	8e85                	sub	a3,a3,s1
200aa292:	c814                	sw	a3,16(s0)
200aa294:	8752                	mv	a4,s4
200aa296:	86ce                	mv	a3,s3
200aa298:	0070                	addi	a2,sp,12
200aa29a:	85a2                	mv	a1,s0
200aa29c:	854a                	mv	a0,s2
200aa29e:	d99ff0ef          	jal	ra,200aa036 <_printf_common>
200aa2a2:	5afd                	li	s5,-1
200aa2a4:	0d551a63          	bne	a0,s5,200aa378 <_printf_i+0x238>
200aa2a8:	557d                	li	a0,-1
200aa2aa:	50b2                	lw	ra,44(sp)
200aa2ac:	5422                	lw	s0,40(sp)
200aa2ae:	5492                	lw	s1,36(sp)
200aa2b0:	5902                	lw	s2,32(sp)
200aa2b2:	49f2                	lw	s3,28(sp)
200aa2b4:	4a62                	lw	s4,24(sp)
200aa2b6:	4ad2                	lw	s5,20(sp)
200aa2b8:	4b42                	lw	s6,16(sp)
200aa2ba:	6145                	addi	sp,sp,48
200aa2bc:	8082                	ret
200aa2be:	419c                	lw	a5,0(a1)
200aa2c0:	0207e793          	ori	a5,a5,32
200aa2c4:	c19c                	sw	a5,0(a1)
200aa2c6:	07800813          	li	a6,120
200aa2ca:	00001617          	auipc	a2,0x1
200aa2ce:	a5e60613          	addi	a2,a2,-1442 # 200aad28 <__sf_fake_stdin+0x48>
200aa2d2:	050402a3          	sb	a6,69(s0)
200aa2d6:	400c                	lw	a1,0(s0)
200aa2d8:	431c                	lw	a5,0(a4)
200aa2da:	0805f813          	andi	a6,a1,128
200aa2de:	00478513          	addi	a0,a5,4
200aa2e2:	00080563          	beqz	a6,200aa2ec <_printf_i+0x1ac>
200aa2e6:	c308                	sw	a0,0(a4)
200aa2e8:	439c                	lw	a5,0(a5)
200aa2ea:	a039                	j	200aa2f8 <_printf_i+0x1b8>
200aa2ec:	0405f813          	andi	a6,a1,64
200aa2f0:	c308                	sw	a0,0(a4)
200aa2f2:	fe080be3          	beqz	a6,200aa2e8 <_printf_i+0x1a8>
200aa2f6:	239e                	lhu	a5,0(a5)
200aa2f8:	0015f713          	andi	a4,a1,1
200aa2fc:	c701                	beqz	a4,200aa304 <_printf_i+0x1c4>
200aa2fe:	0205e593          	ori	a1,a1,32
200aa302:	c00c                	sw	a1,0(s0)
200aa304:	c399                	beqz	a5,200aa30a <_printf_i+0x1ca>
200aa306:	4841                	li	a6,16
200aa308:	bf89                	j	200aa25a <_printf_i+0x11a>
200aa30a:	4018                	lw	a4,0(s0)
200aa30c:	fdf77713          	andi	a4,a4,-33
200aa310:	c018                	sw	a4,0(s0)
200aa312:	bfd5                	j	200aa306 <_printf_i+0x1c6>
200aa314:	4829                	li	a6,10
200aa316:	b791                	j	200aa25a <_printf_i+0x11a>
200aa318:	00001617          	auipc	a2,0x1
200aa31c:	9fc60613          	addi	a2,a2,-1540 # 200aad14 <__sf_fake_stdin+0x34>
200aa320:	4829                	li	a6,10
200aa322:	bf35                	j	200aa25e <_printf_i+0x11e>
200aa324:	4190                	lw	a2,0(a1)
200aa326:	431c                	lw	a5,0(a4)
200aa328:	49cc                	lw	a1,20(a1)
200aa32a:	08067813          	andi	a6,a2,128
200aa32e:	00478513          	addi	a0,a5,4
200aa332:	00080663          	beqz	a6,200aa33e <_printf_i+0x1fe>
200aa336:	c308                	sw	a0,0(a4)
200aa338:	439c                	lw	a5,0(a5)
200aa33a:	c38c                	sw	a1,0(a5)
200aa33c:	a039                	j	200aa34a <_printf_i+0x20a>
200aa33e:	c308                	sw	a0,0(a4)
200aa340:	04067613          	andi	a2,a2,64
200aa344:	439c                	lw	a5,0(a5)
200aa346:	da75                	beqz	a2,200aa33a <_printf_i+0x1fa>
200aa348:	a38e                	sh	a1,0(a5)
200aa34a:	00042823          	sw	zero,16(s0)
200aa34e:	84b6                	mv	s1,a3
200aa350:	b791                	j	200aa294 <_printf_i+0x154>
200aa352:	431c                	lw	a5,0(a4)
200aa354:	41d0                	lw	a2,4(a1)
200aa356:	4581                	li	a1,0
200aa358:	00478693          	addi	a3,a5,4
200aa35c:	c314                	sw	a3,0(a4)
200aa35e:	4384                	lw	s1,0(a5)
200aa360:	8526                	mv	a0,s1
200aa362:	c0bff0ef          	jal	ra,200a9f6c <memchr>
200aa366:	c501                	beqz	a0,200aa36e <_printf_i+0x22e>
200aa368:	409507b3          	sub	a5,a0,s1
200aa36c:	c05c                	sw	a5,4(s0)
200aa36e:	405c                	lw	a5,4(s0)
200aa370:	c81c                	sw	a5,16(s0)
200aa372:	040401a3          	sb	zero,67(s0)
200aa376:	bf39                	j	200aa294 <_printf_i+0x154>
200aa378:	4814                	lw	a3,16(s0)
200aa37a:	8626                	mv	a2,s1
200aa37c:	85ce                	mv	a1,s3
200aa37e:	854a                	mv	a0,s2
200aa380:	9a02                	jalr	s4
200aa382:	f35503e3          	beq	a0,s5,200aa2a8 <_printf_i+0x168>
200aa386:	401c                	lw	a5,0(s0)
200aa388:	8b89                	andi	a5,a5,2
200aa38a:	e785                	bnez	a5,200aa3b2 <_printf_i+0x272>
200aa38c:	4448                	lw	a0,12(s0)
200aa38e:	47b2                	lw	a5,12(sp)
200aa390:	0af56533          	max	a0,a0,a5
200aa394:	bf19                	j	200aa2aa <_printf_i+0x16a>
200aa396:	4685                	li	a3,1
200aa398:	8656                	mv	a2,s5
200aa39a:	85ce                	mv	a1,s3
200aa39c:	854a                	mv	a0,s2
200aa39e:	9a02                	jalr	s4
200aa3a0:	f16504e3          	beq	a0,s6,200aa2a8 <_printf_i+0x168>
200aa3a4:	0485                	addi	s1,s1,1
200aa3a6:	445c                	lw	a5,12(s0)
200aa3a8:	4732                	lw	a4,12(sp)
200aa3aa:	8f99                	sub	a5,a5,a4
200aa3ac:	fef4c5e3          	blt	s1,a5,200aa396 <_printf_i+0x256>
200aa3b0:	bff1                	j	200aa38c <_printf_i+0x24c>
200aa3b2:	4481                	li	s1,0
200aa3b4:	01940a93          	addi	s5,s0,25
200aa3b8:	5b7d                	li	s6,-1
200aa3ba:	b7f5                	j	200aa3a6 <_printf_i+0x266>

200aa3bc <_read_r>:
200aa3bc:	1141                	addi	sp,sp,-16
200aa3be:	c422                	sw	s0,8(sp)
200aa3c0:	842a                	mv	s0,a0
200aa3c2:	852e                	mv	a0,a1
200aa3c4:	85b2                	mv	a1,a2
200aa3c6:	8636                	mv	a2,a3
200aa3c8:	a401a623          	sw	zero,-1460(gp) # 200c062c <errno>
200aa3cc:	c606                	sw	ra,12(sp)
200aa3ce:	2859                	jal	200aa464 <_read>
200aa3d0:	57fd                	li	a5,-1
200aa3d2:	00f51663          	bne	a0,a5,200aa3de <_read_r+0x22>
200aa3d6:	a4c1a783          	lw	a5,-1460(gp) # 200c062c <errno>
200aa3da:	c391                	beqz	a5,200aa3de <_read_r+0x22>
200aa3dc:	c01c                	sw	a5,0(s0)
200aa3de:	40b2                	lw	ra,12(sp)
200aa3e0:	4422                	lw	s0,8(sp)
200aa3e2:	0141                	addi	sp,sp,16
200aa3e4:	8082                	ret

200aa3e6 <_fstat_r>:
200aa3e6:	1141                	addi	sp,sp,-16
200aa3e8:	c422                	sw	s0,8(sp)
200aa3ea:	842a                	mv	s0,a0
200aa3ec:	852e                	mv	a0,a1
200aa3ee:	85b2                	mv	a1,a2
200aa3f0:	a401a623          	sw	zero,-1460(gp) # 200c062c <errno>
200aa3f4:	c606                	sw	ra,12(sp)
200aa3f6:	20a9                	jal	200aa440 <_fstat>
200aa3f8:	57fd                	li	a5,-1
200aa3fa:	00f51663          	bne	a0,a5,200aa406 <_fstat_r+0x20>
200aa3fe:	a4c1a783          	lw	a5,-1460(gp) # 200c062c <errno>
200aa402:	c391                	beqz	a5,200aa406 <_fstat_r+0x20>
200aa404:	c01c                	sw	a5,0(s0)
200aa406:	40b2                	lw	ra,12(sp)
200aa408:	4422                	lw	s0,8(sp)
200aa40a:	0141                	addi	sp,sp,16
200aa40c:	8082                	ret

200aa40e <_isatty_r>:
200aa40e:	1141                	addi	sp,sp,-16
200aa410:	c422                	sw	s0,8(sp)
200aa412:	842a                	mv	s0,a0
200aa414:	852e                	mv	a0,a1
200aa416:	a401a623          	sw	zero,-1460(gp) # 200c062c <errno>
200aa41a:	c606                	sw	ra,12(sp)
200aa41c:	2805                	jal	200aa44c <_isatty>
200aa41e:	57fd                	li	a5,-1
200aa420:	00f51663          	bne	a0,a5,200aa42c <_isatty_r+0x1e>
200aa424:	a4c1a783          	lw	a5,-1460(gp) # 200c062c <errno>
200aa428:	c391                	beqz	a5,200aa42c <_isatty_r+0x1e>
200aa42a:	c01c                	sw	a5,0(s0)
200aa42c:	40b2                	lw	ra,12(sp)
200aa42e:	4422                	lw	s0,8(sp)
200aa430:	0141                	addi	sp,sp,16
200aa432:	8082                	ret

200aa434 <_close>:
200aa434:	05800793          	li	a5,88
200aa438:	a4f1a623          	sw	a5,-1460(gp) # 200c062c <errno>
200aa43c:	557d                	li	a0,-1
200aa43e:	8082                	ret

200aa440 <_fstat>:
200aa440:	05800793          	li	a5,88
200aa444:	a4f1a623          	sw	a5,-1460(gp) # 200c062c <errno>
200aa448:	557d                	li	a0,-1
200aa44a:	8082                	ret

200aa44c <_isatty>:
200aa44c:	05800793          	li	a5,88
200aa450:	a4f1a623          	sw	a5,-1460(gp) # 200c062c <errno>
200aa454:	4501                	li	a0,0
200aa456:	8082                	ret

200aa458 <_lseek>:
200aa458:	05800793          	li	a5,88
200aa45c:	a4f1a623          	sw	a5,-1460(gp) # 200c062c <errno>
200aa460:	557d                	li	a0,-1
200aa462:	8082                	ret

200aa464 <_read>:
200aa464:	05800793          	li	a5,88
200aa468:	a4f1a623          	sw	a5,-1460(gp) # 200c062c <errno>
200aa46c:	557d                	li	a0,-1
200aa46e:	8082                	ret
200aa470:	06b8                	addi	a4,sp,840
200aa472:	200a                	lhu	a0,0(s0)
200aa474:	06b8                	addi	a4,sp,840
200aa476:	200a                	lhu	a0,0(s0)
200aa478:	0710                	addi	a2,sp,896
200aa47a:	200a                	lhu	a0,0(s0)
200aa47c:	0722                	slli	a4,a4,0x8
200aa47e:	200a                	lhu	a0,0(s0)
200aa480:	0750                	addi	a2,sp,900
200aa482:	200a                	lhu	a0,0(s0)
200aa484:	0774                	addi	a3,sp,908
200aa486:	200a                	lhu	a0,0(s0)
200aa488:	0774                	addi	a3,sp,908
200aa48a:	200a                	lhu	a0,0(s0)
200aa48c:	075e                	slli	a4,a4,0x17
200aa48e:	200a                	lhu	a0,0(s0)
200aa490:	06b8                	addi	a4,sp,840
200aa492:	200a                	lhu	a0,0(s0)
200aa494:	0820                	addi	s0,sp,24
200aa496:	200a                	lhu	a0,0(s0)
200aa498:	0890                	addi	a2,sp,80
200aa49a:	200a                	lhu	a0,0(s0)
200aa49c:	0908                	addi	a0,sp,144
200aa49e:	200a                	lhu	a0,0(s0)
200aa4a0:	092e                	slli	s2,s2,0xb
200aa4a2:	200a                	lhu	a0,0(s0)
200aa4a4:	083a                	slli	a6,a6,0xe
200aa4a6:	200a                	lhu	a0,0(s0)
200aa4a8:	0820                	addi	s0,sp,24
200aa4aa:	200a                	lhu	a0,0(s0)
200aa4ac:	083a                	slli	a6,a6,0xe
200aa4ae:	200a                	lhu	a0,0(s0)
200aa4b0:	095a                	slli	s2,s2,0x16
200aa4b2:	200a                	lhu	a0,0(s0)
200aa4b4:	0820                	addi	s0,sp,24
200aa4b6:	200a                	lhu	a0,0(s0)
200aa4b8:	3a4d                	jal	200a9e6a <_lseek_r+0x16>
200aa4ba:	7525                	lui	a0,0xfffe9
200aa4bc:	2520                	lbu	s0,10(a0)
200aa4be:	2075                	jal	200aa56a <_read+0x106>
200aa4c0:	7525                	lui	a0,0xfffe9
200aa4c2:	2520                	lbu	s0,10(a0)
200aa4c4:	2075                	jal	200aa570 <_read+0x10c>
200aa4c6:	6420                	.2byte	0x6420
200aa4c8:	3a50                	lbu	a2,21(a2)
200aa4ca:	2b25                	jal	200aaa02 <two_over_pi+0x29a>
200aa4cc:	2064                	lbu	s1,6(s0)
200aa4ce:	5264                	lw	s1,100(a2)
200aa4d0:	253a                	lhu	a4,10(a0)
200aa4d2:	2020642b          	.4byte	0x2020642b
200aa4d6:	5d75255b          	.4byte	0x5d75255b
200aa4da:	7420                	.2byte	0x7420
200aa4dc:	7268                	.2byte	0x7268
200aa4de:	253d                	jal	200aab0c <init_jk+0x60>
200aa4e0:	2075                	jal	200aa58c <_read+0x128>
200aa4e2:	6372                	.2byte	0x6372
200aa4e4:	3d68                	lbu	a0,31(a0)
200aa4e6:	7525                	lui	a0,0xfffe9
200aa4e8:	7420                	.2byte	0x7420
200aa4ea:	253d7467          	.4byte	0x253d7467
200aa4ee:	0d75                	addi	s10,s10,29
200aa4f0:	000a                	c.slli	zero,0x2
200aa4f2:	0000                	unimp
200aa4f4:	736e6573          	csrrsi	a0,0x736,28
200aa4f8:	0000726f          	jal	tp,200b14f8 <_highcode_vma_end+0x6764>
200aa4fc:	2e2e                	lhu	a1,26(a2)
200aa4fe:	7361742f          	.4byte	0x7361742f
200aa502:	532f736b          	.4byte	0x532f736b
200aa506:	6372                	.2byte	0x6372
200aa508:	696e692f          	.4byte	0x696e692f
200aa50c:	6974                	.2byte	0x6974
200aa50e:	6c61                	lui	s8,0x18
200aa510:	745f 7361 2e6b      	.byte	0x5f, 0x74, 0x61, 0x73, 0x6b, 0x2e
200aa516:	65640063          	beq	s0,s6,200aab56 <init_jk+0xaa>
200aa51a:	69736963          	bltu	t1,s7,200aabac <__clz_tab+0xc>
200aa51e:	00006e6f          	jal	t3,200b051e <_highcode_vma_end+0x578a>
200aa522:	0000                	unimp
200aa524:	746e6f63          	bltu	t3,t1,200aac82 <__clz_tab+0xe2>
200aa528:	6f72                	.2byte	0x6f72
200aa52a:	006c                	addi	a1,sp,12
200aa52c:	6d6d6f63          	bltu	s10,s6,200aac0a <__clz_tab+0x6a>
200aa530:	6e61                	lui	t3,0x18
200aa532:	6564                	.2byte	0x6564
200aa534:	0072                	c.slli	zero,0x1c
200aa536:	0000                	unimp
200aa538:	6f6c                	.2byte	0x6f6c
200aa53a:	72656767          	.4byte	0x72656767
200aa53e:	0000                	unimp
200aa540:	6d69                	lui	s10,0x1a
200aa542:	2075                	jal	200aa5ee <CSWTCH.43+0xa>
200aa544:	6175                	addi	sp,sp,368
200aa546:	7472                	.2byte	0x7472
200aa548:	6920                	.2byte	0x6920
200aa54a:	696e                	.2byte	0x696e
200aa54c:	2074                	lbu	a3,6(s0)
200aa54e:	203a6b6f          	jal	s6,20150f50 <__freertos_irq_stack_topV5+0x50f50>
200aa552:	6162                	.2byte	0x6162
200aa554:	6475                	lui	s0,0x1d
200aa556:	2520                	lbu	s0,10(a0)
200aa558:	2c75                	jal	200aa814 <two_over_pi+0xac>
200aa55a:	6f20                	.2byte	0x6f20
200aa55c:	7475                	lui	s0,0xffffd
200aa55e:	7570                	.2byte	0x7570
200aa560:	2074                	lbu	a3,6(s0)
200aa562:	7525                	lui	a0,0xfffe9
200aa564:	4820                	lw	s0,80(s0)
200aa566:	0d7a                	slli	s10,s10,0x1e
200aa568:	000a                	c.slli	zero,0x2
200aa56a:	0000                	unimp
200aa56c:	6e75                	lui	t3,0x1d
200aa56e:	776f6e6b          	.4byte	0x776f6e6b
200aa572:	006e                	c.slli	zero,0x1b
200aa574:	6d69                	lui	s10,0x1a
200aa576:	2075                	jal	200aa622 <CSWTCH.43+0x3e>
200aa578:	6e69                	lui	t3,0x1a
200aa57a:	7469                	lui	s0,0xffffa
200aa57c:	6120                	.2byte	0x6120
200aa57e:	7474                	.2byte	0x7474
200aa580:	6d65                	lui	s10,0x19
200aa582:	7470                	.2byte	0x7470
200aa584:	2520                	lbu	s0,10(a0)
200aa586:	2f75                	jal	200aad42 <__sf_fake_stdin+0x62>
200aa588:	7525                	lui	a0,0xfffe9
200aa58a:	6620                	.2byte	0x6620
200aa58c:	6961                	lui	s2,0x18
200aa58e:	656c                	.2byte	0x656c
200aa590:	3a64                	lbu	s1,23(a2)
200aa592:	2520                	lbu	s0,10(a0)
200aa594:	000a0d73          	.4byte	0xa0d73
200aa598:	2368                	lbu	a0,6(a4)
200aa59a:	200a                	lhu	a0,0(s0)
200aa59c:	21e0                	lbu	s0,6(a1)
200aa59e:	200a                	lhu	a0,0(s0)
200aa5a0:	2372                	lhu	a2,6(a4)
200aa5a2:	200a                	lhu	a0,0(s0)
200aa5a4:	2394                	lbu	a3,0(a5)
200aa5a6:	200a                	lhu	a0,0(s0)
200aa5a8:	23a0                	lbu	s0,2(a5)
200aa5aa:	200a                	lhu	a0,0(s0)
200aa5ac:	00006b6f          	jal	s6,200b05ac <_highcode_vma_end+0x5818>
200aa5b0:	6576                	.2byte	0x6576
200aa5b2:	7372                	.2byte	0x7372
200aa5b4:	6f69                	lui	t5,0x1a
200aa5b6:	206e                	lhu	a1,6(s0)
200aa5b8:	6572                	.2byte	0x6572
200aa5ba:	6461                	lui	s0,0x18
200aa5bc:	0000                	unimp
200aa5be:	0000                	unimp
200aa5c0:	6c61                	lui	s8,0x18
200aa5c2:	63206f67          	.4byte	0x63206f67
200aa5c6:	69666e6f          	jal	t3,20110c5c <__freertos_irq_stack_topV5+0x10c5c>
200aa5ca:	32690067          	jr	806(s2) # 18326 <_data_lma+0xd462>
200aa5ce:	65732063          	.4byte	0x65732063
200aa5d2:	736e                	.2byte	0x736e
200aa5d4:	2073726f          	jal	tp,200e1fda <_ebss+0x8882>
200aa5d8:	6964                	.2byte	0x6964
200aa5da:	6c626173          	csrrsi	sp,0x6c6,4
200aa5de:	6465                	lui	s0,0x19
200aa5e0:	0000                	unimp
	...

200aa5e4 <CSWTCH.43>:
200aa5e4:	a5ac 200a a5b0 200a a5c0 200a a5cc 200a     ... ... ... ... 
200aa5f4:	2e30 2e31 0030 0000 4843 3233 3448 3731     0.1.0...CH32H417
200aa604:	4620 696c 6867 4374 6e6f 7274 6c6f 0000      FlightControl..
200aa614:	0a0d 7325 2520 0d73 000a 0000 2d58 7551     ..%s %s.....X-Qu
200aa624:	6461 2f20 4520 414d 2058 544d 3232 3731     ad / EMAX MT2217
200aa634:	0000 0000 6f43 6572 6c43 3a6b 6c25 2075     ....CoreClk:%lu 
200aa644:	7a48 202c 6941 6672 6172 656d 253a 0d73     Hz, Airframe:%s.
200aa654:	000a 0000 6f4d 6f74 7372 6c20 636f 656b     ....Motors locke
200aa664:	2064 7461 2520 2075 7375 202c 5750 204d     d at %u us, PWM 
200aa674:	7525 4820 0d7a 000a 2e2e 462f 6572 5265     %u Hz...../FreeR
200aa684:	4f54 2f53 6f70 7472 6261 656c 4d2f 6d65     TOS/portable/Mem
200aa694:	614d 676e 682f 6165 5f70 2e34 0063 0000     Mang/heap_4.c...
200aa6a4:	2e2e 462f 6572 5265 4f54 2f53 6f70 7472     ../FreeRTOS/port
200aa6b4:	6261 656c 472f 4343 522f 5349 2d43 2f56     able/GCC/RISC-V/
200aa6c4:	6f70 7472 632e 0000 2e2e 462f 6572 5265     port.c..../FreeR
200aa6d4:	4f54 2f53 6174 6b73 2e73 0063 4449 454c     TOS/tasks.c.IDLE
200aa6e4:	0000 0000                                   ....

200aa6e8 <npio2_hw>:
200aa6e8:	0f00 3fc9 0f00 4049 cb00 4096 0f00 40c9     ...?..I@...@...@
200aa6f8:	5300 40fb cb00 4116 ed00 412f 0f00 4149     .S.@...A../A..IA
200aa708:	3100 4162 5300 417b 3a00 418a cb00 4196     .1bA.S{A.:.A...A
200aa718:	5c00 41a3 ed00 41af 7e00 41bc 0f00 41c9     .\.A...A.~.A...A
200aa728:	a000 41d5 3100 41e2 c200 41ee 5300 41fb     ...A.1.A...A.S.A
200aa738:	f200 4203 3a00 420a 8300 4210 cb00 4216     ...B.:.B...B...B
200aa748:	1400 421d 5c00 4223 a500 4229 ed00 422f     ...B.\#B..)B../B
200aa758:	3600 4236 7e00 423c c700 4242 0f00 4249     .66B.~<B..BB..IB

200aa768 <two_over_pi>:
200aa768:	00a2 0000 00f9 0000 0083 0000 006e 0000     ............n...
200aa778:	004e 0000 0044 0000 0015 0000 0029 0000     N...D.......)...
200aa788:	00fc 0000 0027 0000 0057 0000 00d1 0000     ....'...W.......
200aa798:	00f5 0000 0034 0000 00dd 0000 00c0 0000     ....4...........
200aa7a8:	00db 0000 0062 0000 0095 0000 0099 0000     ....b...........
200aa7b8:	003c 0000 0043 0000 0090 0000 0041 0000     <...C.......A...
200aa7c8:	00fe 0000 0051 0000 0063 0000 00ab 0000     ....Q...c.......
200aa7d8:	00de 0000 00bb 0000 00c5 0000 0061 0000     ............a...
200aa7e8:	00b7 0000 0024 0000 006e 0000 003a 0000     ....$...n...:...
200aa7f8:	0042 0000 004d 0000 00d2 0000 00e0 0000     B...M...........
200aa808:	0006 0000 0049 0000 002e 0000 00ea 0000     ....I...........
200aa818:	0009 0000 00d1 0000 0092 0000 001c 0000     ................
200aa828:	00fe 0000 001d 0000 00eb 0000 001c 0000     ................
200aa838:	00b1 0000 0029 0000 00a7 0000 003e 0000     ....).......>...
200aa848:	00e8 0000 0082 0000 0035 0000 00f5 0000     ........5.......
200aa858:	002e 0000 00bb 0000 0044 0000 0084 0000     ........D.......
200aa868:	00e9 0000 009c 0000 0070 0000 0026 0000     ........p...&...
200aa878:	00b4 0000 005f 0000 007e 0000 0041 0000     ...._...~...A...
200aa888:	0039 0000 0091 0000 00d6 0000 0039 0000     9...........9...
200aa898:	0083 0000 0053 0000 0039 0000 00f4 0000     ....S...9.......
200aa8a8:	009c 0000 0084 0000 005f 0000 008b 0000     ........_.......
200aa8b8:	00bd 0000 00f9 0000 0028 0000 003b 0000     ........(...;...
200aa8c8:	001f 0000 00f8 0000 0097 0000 00ff 0000     ................
200aa8d8:	00de 0000 0005 0000 0098 0000 000f 0000     ................
200aa8e8:	00ef 0000 002f 0000 0011 0000 008b 0000     ..../...........
200aa8f8:	005a 0000 000a 0000 006d 0000 001f 0000     Z.......m.......
200aa908:	006d 0000 0036 0000 007e 0000 00cf 0000     m...6...~.......
200aa918:	0027 0000 00cb 0000 0009 0000 00b7 0000     '...............
200aa928:	004f 0000 0046 0000 003f 0000 0066 0000     O...F...?...f...
200aa938:	009e 0000 005f 0000 00ea 0000 002d 0000     ...._.......-...
200aa948:	0075 0000 0027 0000 00ba 0000 00c7 0000     u...'...........
200aa958:	00eb 0000 00e5 0000 00f1 0000 007b 0000     ............{...
200aa968:	003d 0000 0007 0000 0039 0000 00f7 0000     =.......9.......
200aa978:	008a 0000 0052 0000 0092 0000 00ea 0000     ....R...........
200aa988:	006b 0000 00fb 0000 005f 0000 00b1 0000     k......._.......
200aa998:	001f 0000 008d 0000 005d 0000 0008 0000     ........].......
200aa9a8:	0056 0000 0003 0000 0030 0000 0046 0000     V.......0...F...
200aa9b8:	00fc 0000 007b 0000 006b 0000 00ab 0000     ....{...k.......
200aa9c8:	00f0 0000 00cf 0000 00bc 0000 0020 0000     ............ ...
200aa9d8:	009a 0000 00f4 0000 0036 0000 001d 0000     ........6.......
200aa9e8:	00a9 0000 00e3 0000 0091 0000 0061 0000     ............a...
200aa9f8:	005e 0000 00e6 0000 001b 0000 0008 0000     ^...............
200aaa08:	0065 0000 0099 0000 0085 0000 005f 0000     e..........._...
200aaa18:	0014 0000 00a0 0000 0068 0000 0040 0000     ........h...@...
200aaa28:	008d 0000 00ff 0000 00d8 0000 0080 0000     ................
200aaa38:	004d 0000 0073 0000 0027 0000 0031 0000     M...s...'...1...
200aaa48:	0006 0000 0006 0000 0015 0000 0056 0000     ............V...
200aaa58:	00ca 0000 0073 0000 00a8 0000 00c9 0000     ....s...........
200aaa68:	0060 0000 00e2 0000 007b 0000 00c0 0000     `.......{.......
200aaa78:	008c 0000 006b 0000                         ....k...

200aaa80 <PIo2>:
200aaa80:	0000 3fc9 0000 39f0 0000 37da 0000 33a2     ...?...9...7...3
200aaa90:	0000 2e84 0000 2b50 0000 27c2 0000 22d0     ......P+...'..."
200aaaa0:	0000 1fc4 0000 1bc6 0000 1744               ..........D.

200aaaac <init_jk>:
200aaaac:	0004 0000 0007 0000 0009 0000 c45e ffff     ............^...
200aaabc:	c31e ffff c302 ffff c3d4 ffff c302 ffff     ................
200aaacc:	c328 ffff c302 ffff c3d4 ffff c31e ffff     (...............
200aaadc:	c31e ffff c328 ffff c3d4 ffff c42a ffff     ....(.......*...
200aaaec:	c42a ffff c42a ffff c328 ffff dbac ffff     *...*...(.......
200aaafc:	da16 ffff da38 ffff da4a ffff da38 ffff     ....8...J...8...
200aab0c:	da54 ffff da38 ffff da4a ffff da16 ffff     T...8...J.......
200aab1c:	da16 ffff da54 ffff da4a ffff db18 ffff     ....T...J.......
200aab2c:	db18 ffff db18 ffff da54 ffff d9d6 ffff     ........T.......
200aab3c:	d9d6 ffff d9f8 ffff dc00 ffff d9f8 ffff     ................
200aab4c:	da14 ffff d9f8 ffff dc00 ffff d9d6 ffff     ................
200aab5c:	d9d6 ffff da14 ffff dc00 ffff dad8 ffff     ................
200aab6c:	dad8 ffff dbea ffff d9c0 ffff dbce ffff     ................
200aab7c:	d9c0 ffff dbea ffff d99e ffff d99e ffff     ................
200aab8c:	dbce ffff dbea ffff da9c ffff da9c ffff     ................
200aab9c:	da9c ffff                                   ....

200aaba0 <__clz_tab>:
200aaba0:	0100 0202 0303 0303 0404 0404 0404 0404     ................
200aabb0:	0505 0505 0505 0505 0505 0505 0505 0505     ................
200aabc0:	0606 0606 0606 0606 0606 0606 0606 0606     ................
200aabd0:	0606 0606 0606 0606 0606 0606 0606 0606     ................
200aabe0:	0707 0707 0707 0707 0707 0707 0707 0707     ................
200aabf0:	0707 0707 0707 0707 0707 0707 0707 0707     ................
200aac00:	0707 0707 0707 0707 0707 0707 0707 0707     ................
200aac10:	0707 0707 0707 0707 0707 0707 0707 0707     ................
200aac20:	0808 0808 0808 0808 0808 0808 0808 0808     ................
200aac30:	0808 0808 0808 0808 0808 0808 0808 0808     ................
200aac40:	0808 0808 0808 0808 0808 0808 0808 0808     ................
200aac50:	0808 0808 0808 0808 0808 0808 0808 0808     ................
200aac60:	0808 0808 0808 0808 0808 0808 0808 0808     ................
200aac70:	0808 0808 0808 0808 0808 0808 0808 0808     ................
200aac80:	0808 0808 0808 0808 0808 0808 0808 0808     ................
200aac90:	0808 0808 0808 0808 0808 0808 0808 0808     ................

200aaca0 <__sf_fake_stderr>:
	...

200aacc0 <__sf_fake_stdout>:
	...

200aace0 <__sf_fake_stdin>:
	...
200aad00:	2d23 2b30 0020 0000 6c68 004c 6665 4567     #-0+ ...hlL.efgE
200aad10:	4746 0000 3130 3332 3534 3736 3938 4241     FG..0123456789AB
200aad20:	4443 4645 0000 0000 3130 3332 3534 3736     CDEF....01234567
200aad30:	3938 6261 6463 6665 0000 0000 f474 ffff     89abcdef....t...
200aad40:	f48a ffff f44a ffff f44a ffff f44a ffff     ....J...J...J...
200aad50:	f44a ffff f48a ffff f44a ffff f44a ffff     J.......J...J...
200aad60:	f44a ffff f44a ffff f5e8 ffff f4ee ffff     J...J...........
200aad70:	f582 ffff f44a ffff f44a ffff f616 ffff     ....J...J.......
200aad80:	f44a ffff f4ee ffff f44a ffff f44a ffff     J.......J...J...
200aad90:	f58a ffff                                   ....

Disassembly of section .text:

0000ae74 <handle_reset>:
    ae74:	200b6197          	auipc	gp,0x200b6
    ae78:	d6c18193          	addi	gp,gp,-660 # 200c0be0 <__global_pointer$>
    ae7c:	200f5117          	auipc	sp,0x200f5
    ae80:	18410113          	addi	sp,sp,388 # 20100000 <__freertos_irq_stack_topV5>
    ae84:	400226b7          	lui	a3,0x40022
    ae88:	4298                	lw	a4,0(a3)
    ae8a:	478d                	li	a5,3
    ae8c:	8fd9                	or	a5,a5,a4
    ae8e:	c29c                	sw	a5,0(a3)
    ae90:	00800513          	li	a0,8
    ae94:	200b5597          	auipc	a1,0x200b5
    ae98:	36c58593          	addi	a1,a1,876 # 200c0200 <_loadcode_vma_start>
    ae9c:	200b5617          	auipc	a2,0x200b5
    aea0:	43c60613          	addi	a2,a2,1084 # 200c02d8 <_loadcode_vma_end>
    aea4:	00c5fa63          	bgeu	a1,a2,aeb8 <handle_reset+0x44>
    aea8:	00052283          	lw	t0,0(a0) # fffe9000 <__freertos_irq_stack_topV5+0xdfee9000>
    aeac:	0055a023          	sw	t0,0(a1)
    aeb0:	0511                	addi	a0,a0,4
    aeb2:	0591                	addi	a1,a1,4
    aeb4:	fec5eae3          	bltu	a1,a2,aea8 <handle_reset+0x34>
    aeb8:	c298                	sw	a4,0(a3)
    aeba:	200b5097          	auipc	ra,0x200b5
    aebe:	346080e7          	jalr	838(ra) # 200c0200 <_loadcode_vma_start>
	...
